{"1": {
 "calculator": "unknown",
 "calculator_parameters": {"energy": -539.27918288},
 "cell": [[9.3927, 0.0, 0.0], [0.0, 8.72335, 0.0], [0.0, 0.0, 27.0937]],
 "constraints": [{"name": "FixAtoms", "kwargs": {"indices": [0, 1, 2, 3, 4, 5, 6, 7, 8, 9, 10, 11, 12, 13, 14, 15, 16, 17, 18, 19, 34, 35, 36, 37, 38, 39, 40, 41, 42, 43, 44, 45, 46, 47, 48, 49, 50, 51, 52, 53, 66, 67, 68, 69, 70, 71, 76, 77, 78, 79, 80, 81]}}],
 "ctime": 20.271629114186464,
 "energy": -539.27918288,
 "forces": [[1.409064, 0.117735, 1.604053], [1.408933, -0.119985, 1.609443], [-0.888775, 1.72707, 1.318081], [-0.887698, -1.729786, 1.318818], [0.229604, 0.000591, 0.277791], [0.006718, -0.001394, 0.650583], [-0.077232, 0.005456, 0.1885], [-0.084467, -0.006082, 0.203172], [0.291224, -0.124769, 0.497923], [0.287815, 0.123485, 0.504615], [0.122118, -7.6e-05, 0.181925], [-0.088719, 0.001744, -0.155449], [-0.125535, -0.099175, -0.063746], [-0.097505, 0.047959, -0.050805], [-0.064713, 0.039576, 0.036612], [-0.07425, -0.070948, 0.015835], [-0.020988, -0.051484, 0.065069], [0.002867, -0.03153, -0.125056], [0.21298, 0.00234, -0.194981], [0.070107, 0.387181, -0.308903], [0.000576, 0.00055, 0.000802], [0.000265, 0.000264, -0.0006], [-0.003176, 0.001866, 0.006567], [0.000671, -0.001297, 0.002404], [-0.001059, -0.000224, -0.00614], [0.004082, -7.4e-05, 0.003438], [0.003201, -0.0068, -0.000783], [0.013121, -0.004976, -0.003881], [0.003136, 0.007589, 0.002651], [-0.002915, -0.002285, 0.00071], [-0.006108, -0.001281, -0.005217], [0.003537, -0.000378, -0.000101], [-0.003241, -0.00816, 0.003131], [0.001893, -0.00146, -0.004909], [1.410892, 0.111788, 1.61336], [1.41194, -0.115017, 1.61309], [-0.886787, 1.728509, 1.309044], [-0.885504, -1.715448, 1.310351], [0.224133, -0.008359, 0.272394], [0.004772, 0.001602, 0.633221], [-0.070257, -0.000965, 0.197711], [-0.092852, 0.009316, 0.204266], [0.28439, -0.133074, 0.506011], [0.264924, 0.116191, 0.487365], [0.08148, -0.002355, 0.148673], [-0.108291, -0.007152, -0.165309], [-0.156327, -0.079451, -0.065089], [-0.035976, -0.008103, 0.002425], [-0.085579, 0.028658, 0.034984], [-0.048752, -0.039224, 0.046664], [-0.027652, -0.002402, 0.104712], [0.036791, -0.027943, 0.004266], [-0.179524, -0.142293, 0.352303], [-0.106679, 0.113936, 0.045476], [0.000771, -0.002527, 0.002158], [-0.00306, -0.003642, -0.00339], [0.001009, -0.000889, -0.002484], [-0.006098, 0.002892, 0.001403], [-0.008653, -0.002549, -0.004], [0.004332, 0.000406, -0.002808], [0.002296, 0.00123, -0.008105], [-0.002953, -1.5e-05, 0.003209], [-0.005619, -0.001188, -0.008286], [0.001853, 0.002982, 0.000572], [-0.005751, 0.002338, -0.010814], [0.005937, -0.00287, -0.011155], [-0.921761, -2.121281, -4.165004], [-0.912666, 2.100767, -4.183732], [0.168666, 0.210534, 0.124864], [0.162064, -0.129186, 0.165953], [0.075773, 0.079947, 0.108278], [0.146405, -0.337865, -0.115777], [-0.004688, -0.00122, -0.001899], [0.007699, -0.002892, -0.003919], [-0.005635, 0.004039, 0.008954], [0.001378, 0.005429, 0.005194], [-0.912543, -2.092526, -4.177586], [-0.900682, 2.052978, -4.151921], [0.157337, 0.240085, 0.095896], [0.150383, -0.127529, 0.15361], [0.063002, 0.08612, -0.041799], [0.078452, 0.016721, 0.005692], [-0.004187, -0.00326, 0.000285], [0.001617, -0.001926, -0.001862], [-0.000884, -0.004373, 0.006473], [-0.01047, 8.3e-05, 0.000386], [-0.003994, -0.000274, -0.015855]],
 "magmom": 0.0771064,
 "magmoms": [-0.684, -0.684, 0.734, 0.736, 0.034, 0.037, -0.037, -0.036, -0.004, -0.003, -0.007, 0.028, 0.002, 0.004, -0.043, -0.044, -0.002, 0.013, -0.005, -0.006, 0.015, 0.013, 0.003, -0.006, -0.008, -0.007, -0.005, 0.001, -0.0, 0.002, 0.025, -0.007, -0.002, 0.0, -0.683, -0.682, 0.735, 0.738, 0.032, 0.038, -0.036, -0.033, -0.0, 0.002, -0.002, 0.028, 0.0, -0.002, -0.047, -0.051, -0.005, 0.01, -0.009, -0.01, 0.007, 0.01, -0.004, 0.004, -0.002, -0.01, 0.007, 0.004, -0.002, 0.005, -0.026, -0.012, 0.052, 0.054, -0.049, -0.045, 0.001, 0.004, -0.001, -0.007, 0.012, -0.002, 0.052, 0.057, -0.054, -0.048, -0.004, -0.015, 0.002, 0.004, -0.012, -0.015, 0.0],
 "mtime": 20.271629114186464,
 "numbers": [8, 8, 8, 8, 8, 8, 8, 8, 8, 8, 8, 8, 8, 8, 8, 8, 8, 8, 8, 8, 8, 8, 8, 8, 8, 8, 8, 8, 8, 8, 8, 8, 8, 8, 8, 8, 8, 8, 8, 8, 8, 8, 8, 8, 8, 8, 8, 8, 8, 8, 8, 8, 8, 8, 8, 8, 8, 8, 8, 8, 8, 8, 8, 8, 8, 8, 77, 77, 77, 77, 77, 77, 77, 77, 77, 77, 77, 77, 77, 77, 77, 77, 77, 77, 77, 77, 1],
 "pbc": [true, true, true],
 "positions": [[1.84444, 2.83282, 7.50008], [1.84444, 5.89053, 7.50008], [4.19253, 1.52885, 7.85311], [4.19253, 7.1945, 7.85311], [4.04205, 4.36167, 8.00348], [2.34808, 4.36167, 9.69738], [2.19761, 1.52885, 9.84802], [2.19761, 7.1945, 9.84802], [4.54579, 2.83282, 10.20132], [4.54579, 5.89053, 10.20132], [4.69635, 0.0, 10.35169], [1.69388, 0.0, 12.04532], [1.84444, 2.83282, 12.19623], [1.84444, 5.89053, 12.19623], [4.19253, 1.52885, 12.54926], [4.19253, 7.1945, 12.54926], [4.04205, 4.36167, 12.69963], [2.34808, 4.36167, 14.39407], [2.19761, 1.52885, 14.54444], [2.19761, 7.1945, 14.54444], [4.54072, 2.84633, 14.91083], [4.52882, 5.88165, 14.90669], [4.66843, 0.00027, 15.03655], [1.68469, 0.00015, 16.76191], [1.79478, 2.85219, 16.89822], [1.93532, 5.88922, 16.82591], [4.16084, 1.56034, 17.26435], [4.22501, 7.16098, 17.29994], [3.98362, 4.37464, 17.4512], [2.35729, 4.38235, 19.17123], [2.14992, 1.78074, 19.35585], [2.06338, 6.96576, 19.14223], [4.61242, 2.85936, 19.55474], [4.56935, 5.97968, 19.6151], [6.54079, 2.83282, 7.50008], [6.54079, 5.89053, 7.50008], [8.88888, 1.52885, 7.85311], [8.88888, 7.1945, 7.85311], [8.7384, 4.36167, 8.00348], [7.04443, 4.36167, 9.69738], [6.89396, 1.52885, 9.84802], [6.89396, 7.1945, 9.84802], [9.24214, 2.83282, 10.20132], [9.24214, 5.89053, 10.20132], [0.0, 0.0, 10.35169], [6.39023, 0.0, 12.04532], [6.54079, 2.83282, 12.19623], [6.54079, 5.89053, 12.19623], [8.88888, 1.52885, 12.54926], [8.88888, 7.1945, 12.54926], [8.7384, 4.36167, 12.69963], [7.04443, 4.36167, 14.39407], [6.89396, 1.52885, 14.54444], [6.89396, 7.1945, 14.54444], [9.2507, 2.83048, 14.89618], [9.22702, 5.88022, 14.93208], [0.00014, 8.68069, 15.08649], [6.3678, 8.70912, 16.76783], [6.53453, 2.83058, 16.96354], [6.53813, 5.83384, 16.86685], [8.8341, 1.55592, 17.1948], [8.97385, 7.1674, 17.35023], [8.86088, 4.4901, 17.47785], [7.08851, 4.48243, 19.05326], [8.59229, 2.41097, 19.64362], [7.3009, 7.00902, 19.67554], [3.19502, 2.83212, 8.8507], [3.19502, 5.89131, 8.8507], [0.84685, 1.52955, 11.19864], [0.84685, 7.1938, 11.19864], [3.19502, 2.83212, 13.54685], [3.19502, 5.89131, 13.54685], [0.84372, 1.50659, 15.88257], [0.8989, 7.14684, 15.90484], [3.12567, 2.78176, 18.28051], [3.28711, 5.90232, 18.4114], [7.89146, 2.83212, 8.8507], [7.89146, 5.89131, 8.8507], [5.5432, 1.52955, 11.19864], [5.5432, 7.1938, 11.19864], [7.89146, 2.83212, 13.54685], [7.89146, 5.89131, 13.54685], [5.52797, 1.51155, 15.8917], [5.53272, 7.19318, 15.88529], [7.9658, 3.00575, 18.12765], [7.78229, 6.12568, 18.26402], [4.93358, 1.94831, 19.71862]],
 "stress": [0.004719554574591381, 0.0048069793929176275, 0.005652828709657327, 1.9841757511182875e-05, 0.0016253326669438816, -0.0006582045863791448],
 "unique_id": "1e3ee799b5f8c349759ddd9368b53fdd",
 "user": "raul_desktop"},
"ids": [1],
"nextid": 2}
