{"1": {
 "calculator": "unknown",
 "calculator_parameters": {"energy": -394.11255808},
 "cell": [[7.0938, 0.0, 0.0], [0.0, 9.766, 0.0], [0.0, 0.0, 24.334498828]],
 "constraints": [{"name": "FixAtoms", "kwargs": {"indices": [0, 1, 4, 5, 8, 9, 12, 13, 16, 17, 20, 21, 24, 25, 28, 29, 31, 32, 35, 36, 39, 40, 43, 44, 47, 48, 51, 52, 55, 56, 59, 60]}}],
 "ctime": 18.976128410686453,
 "energy": -394.11255808,
 "forces": [[-0.680449, 0.598679, 3.266035], [0.003301, 0.313856, 0.198967], [-0.001625, 0.001371, -4.7e-05], [-0.000249, -0.007087, 0.007674], [-0.661389, -0.51596, 3.221926], [-0.035892, -0.400815, 0.194997], [0.001101, -0.002347, 0.003242], [0.00111, -0.000684, -0.018566], [-0.718918, 0.502792, 3.218552], [-0.04417, 0.327317, 0.025001], [0.004, 0.002743, -6.9e-05], [0.000709, -0.001507, 0.003817], [-0.657913, -0.562327, 3.232912], [0.130934, -0.184378, 0.006869], [0.004327, -0.005252, 0.000671], [-0.004938, 0.001905, 0.006139], [-0.204112, 0.083108, -1.38138], [0.200226, -0.076093, 0.1542], [0.000744, -0.00437, 0.001052], [0.001813, -0.008106, -0.00386], [-0.207691, -0.098494, -1.300254], [0.152692, 0.157466, 0.285436], [0.005624, -0.003546, 0.006183], [0.0005, -0.001696, 0.008483], [0.370154, -0.372393, -0.127891], [-0.185252, -0.285416, -0.087613], [0.001215, -0.001814, 0.006514], [0.008183, 0.006299, 0.001665], [0.364534, 0.351371, -0.221577], [-0.197338, 0.61058, 0.258725], [0.001038, 0.002629, 0.006975], [0.532577, 0.523236, -1.859894], [-0.094167, 0.009638, -0.064178], [0.002334, 0.001258, -0.007556], [-0.010743, -0.000533, 0.002917], [0.554615, -0.51394, -1.844472], [-0.054645, -0.048746, -0.083403], [0.001736, -0.006901, 0.000909], [-0.001594, 0.000509, 0.00441], [-0.136945, 0.097147, -1.283445], [0.095957, -0.020527, 0.268248], [-0.00138, 0.003508, -3.8e-05], [0.002362, -0.004203, -0.006724], [-0.184564, -0.090122, -1.300739], [0.007953, 0.118991, -0.03995], [0.002294, -0.006126, -0.000648], [0.008851, 0.005444, -0.006423], [0.333912, -0.372702, -0.303288], [-0.011978, -0.142569, -0.16864], [0.003424, 0.003798, -0.000445], [4.2e-05, 0.004478, -0.000792], [0.348055, 0.326383, -0.210381], [0.026424, -0.261562, -0.323268], [0.003138, 0.003328, 0.000633], [-0.003046, 0.004487, 0.00074], [0.52537, 0.461044, -1.842875], [-0.013539, 0.004285, -0.027982], [0.000988, -0.001739, 0.004699], [-0.013149, -0.003927, -0.002451], [0.538978, -0.485814, -1.845315], [-0.115161, -0.039374, -0.035129], [0.007574, -0.002854, -0.000471], [-0.007945, 0.006275, 0.001172]],
 "magmom": 0.54115,
 "magmoms": [0.008, 0.003, -0.008, 0.138, 0.005, 0.019, -0.068, 0.014, -0.008, 0.041, 0.007, -0.002, 0.036, 0.004, -0.001, 0.001, 0.002, 0.002, 0.004, 0.223, 0.007, 0.0, -0.001, 0.015, 0.006, -0.002, 0.004, -0.023, 0.003, 0.005, -0.007, 0.001, 0.002, 0.005, -0.006, 0.001, 0.006, -0.0, -0.002, 0.0, 0.005, -0.002, 0.01, -0.0, 0.002, -0.005, 0.017, 0.006, 0.001, -0.002, -0.022, 0.034, -0.001, 0.0, -0.009, 0.001, 0.002, -0.008, 0.004, 0.001, -0.001, -0.001, -0.004],
 "mtime": 18.976128410686453,
 "numbers": [77, 77, 77, 77, 77, 77, 77, 77, 77, 77, 77, 77, 77, 77, 77, 77, 8, 8, 8, 8, 8, 8, 8, 8, 8, 8, 8, 8, 8, 8, 8, 8, 8, 8, 8, 8, 8, 8, 8, 8, 8, 8, 8, 8, 8, 8, 8, 8, 8, 8, 8, 8, 8, 8, 8, 8, 8, 8, 8, 8, 8, 8, 8],
 "pbc": [true, true, true],
 "positions": [[5.87714, 0.0, 7.5], [2.1446, 2.4415, 10.06613], [5.5137, 9.72681, 12.62914], [1.74571, 2.45862, 15.35135], [2.33024, 0.0, 7.5], [5.6915, 2.4415, 10.06613], [1.9454, 9.75755, 12.6488], [5.26369, 2.49032, 15.17136], [5.87714, 4.883, 7.5], [2.1446, 7.3245, 10.06613], [5.49717, 4.9115, 12.63337], [1.75321, 7.30722, 15.40015], [2.33024, 4.883, 7.5], [5.6915, 7.3245, 10.06613], [1.96097, 4.88978, 12.63472], [5.29909, 7.36099, 15.42259], [5.26566, 1.59752, 8.3871], [1.53318, 4.03902, 10.95302], [4.85836, 1.52088, 13.64359], [1.07436, 3.93426, 16.07852], [1.71883, 3.28558, 8.3871], [5.08008, 0.84408, 10.95323], [1.41636, 3.32166, 13.55262], [5.05291, 2.03427, 16.83444], [6.30298, 4.03902, 9.17903], [2.57051, 1.59752, 11.74516], [5.99374, 4.00828, 14.35451], [2.37701, 1.64814, 16.78335], [2.75601, 0.84408, 9.17882], [6.11734, 3.28558, 11.74495], [2.27576, 0.92617, 14.27662], [4.10369, 4.1295, 7.5], [0.37115, 1.688, 10.06613], [3.74598, 4.13175, 12.62544], [7.0768, 1.70438, 15.18057], [0.55679, 0.7534, 7.5], [3.91805, 3.1949, 10.06613], [0.16229, 0.76141, 12.62017], [3.53757, 3.33051, 15.11483], [5.26566, 6.48052, 8.3871], [1.53318, 8.92202, 10.95302], [4.9452, 6.4227, 13.60582], [1.06564, 8.75907, 16.15151], [1.71883, 8.16858, 8.3871], [5.08008, 5.72708, 10.95323], [1.39217, 8.20919, 13.57999], [4.60428, 5.90565, 16.15684], [6.30298, 8.92202, 9.17903], [2.57051, 6.48052, 11.74516], [5.85461, 8.80756, 14.27016], [2.33033, 6.42881, 16.8225], [2.75601, 5.72708, 9.17882], [6.11734, 8.16858, 11.74495], [2.30343, 5.83643, 14.261], [5.86544, 8.2137, 16.86068], [4.10369, 9.0125, 7.5], [0.37115, 6.571, 10.06613], [3.71869, 9.03095, 12.61906], [7.09151, 6.54013, 15.21849], [0.55679, 5.6364, 7.5], [3.91805, 8.0779, 10.06613], [0.18127, 5.61938, 12.60002], [3.54653, 8.13834, 15.2209]],
 "stress": [0.0005049942618660885, 0.0002458592859776674, 0.0038272184978821035, 4.435840535765231e-05, -0.0009623283600469325, -1.5834708652365827e-05],
 "unique_id": "8161884f0071c7c41ee4858337813d10",
 "user": "raul_desktop"},
"ids": [1],
"nextid": 2}
