{"1": {
 "calculator": "unknown",
 "calculator_parameters": {"energy": -403.90561947},
 "cell": [[7.0938, 0.0, 0.0], [0.0, 9.766, 0.0], [0.0, 0.0, 24.334498828]],
 "constraints": [{"name": "FixAtoms", "kwargs": {"indices": [0, 1, 4, 5, 8, 9, 12, 13, 16, 17, 20, 21, 24, 25, 28, 29, 31, 32, 35, 36, 39, 40, 43, 44, 47, 48, 51, 52, 55, 56, 59, 60]}}],
 "ctime": 18.97612841238535,
 "energy": -403.90561947,
 "forces": [[-0.678348, 0.545548, 3.215712], [0.050774, 0.256483, 0.125879], [0.002204, -0.010165, 0.001515], [-0.002628, -0.002471, -0.007911], [-0.687002, -0.544731, 3.254437], [0.021853, -0.294444, 0.203499], [0.003788, 0.000332, 0.001056], [-0.005975, -0.005576, 0.000827], [-0.698981, 0.520603, 3.232768], [0.043646, 0.269739, 0.105979], [0.001793, 0.002681, 0.002163], [-0.001885, -0.000468, 0.000782], [-0.661881, -0.546021, 3.210346], [0.061131, -0.238782, 0.084551], [0.002572, -0.001742, 0.004437], [-0.003725, 0.000402, -0.007068], [-0.188107, 0.071402, -1.342291], [0.118815, -0.040291, 0.21607], [0.00688, -0.001165, -0.011686], [0.000389, 0.008656, 0.007111], [-0.193217, -0.0842, -1.311805], [0.135333, 0.061032, 0.149903], [-0.00609, 0.000888, -0.003247], [0.004446, -0.001658, 0.002656], [0.353917, -0.350442, -0.197719], [-0.144382, -0.215742, -0.127771], [0.006423, 0.009735, -0.008118], [0.003379, 0.000522, 0.008497], [0.352674, 0.344243, -0.214886], [-0.157102, 0.303394, -0.141764], [0.004499, -0.004704, -0.006], [0.56116, 0.512775, -1.843612], [-0.065748, 0.050549, -0.044961], [0.000346, 0.002419, -0.011553], [0.004369, 0.006329, 0.003672], [0.537098, -0.474017, -1.841423], [-0.051529, -0.034076, -0.062821], [-0.007815, 0.00608, 0.003141], [0.003093, 0.001852, -3.3e-05], [-0.173337, 0.078023, -1.333611], [0.12233, -0.02418, 0.258082], [-0.01257, 0.00218, 0.001776], [0.002783, -0.006175, -0.001495], [-0.16598, -0.074806, -1.321058], [0.068051, 0.029597, 0.142802], [0.000288, 0.002041, 0.001701], [-0.003254, -0.005676, -0.007204], [0.330608, -0.371791, -0.201683], [-0.080676, -0.219355, -0.162697], [0.000782, -0.000864, 0.001581], [-0.005424, 0.001501, 0.008842], [0.346148, 0.346423, -0.191275], [-0.104359, 0.144893, -0.089581], [0.003269, -0.005383, 0.00316], [0.005604, -0.012843, 0.011714], [0.542949, 0.483647, -1.846686], [-0.022599, 0.036857, -0.052799], [0.003129, -0.000198, 0.001051], [-0.003179, 0.010391, 0.009875], [0.518174, -0.50067, -1.838657], [-0.096296, -0.04572, -0.028191], [0.003217, -0.002233, -0.003457], [-0.005396, 0.007168, -0.004643], [0.006592, 0.014404, -0.009006], [-0.007023, -0.012201, 0.001127]],
 "magmom": 0.0811955,
 "magmoms": [0.0, 0.001, -0.003, 0.029, -0.002, 0.002, -0.009, -0.0, -0.002, 0.005, -0.002, 0.001, 0.004, 0.001, -0.002, 0.002, -0.0, 0.0, -0.001, 0.029, 0.001, 0.0, -0.002, 0.002, 0.001, -0.0, -0.0, 0.008, 0.001, 0.001, -0.002, -0.0, 0.0, 0.001, -0.003, -0.0, 0.001, -0.0, -0.0, -0.0, 0.001, -0.001, 0.005, -0.001, 0.0, -0.0, 0.005, 0.001, 0.001, -0.001, -0.006, 0.005, 0.0, -0.0, -0.0, -0.0, 0.001, -0.002, 0.001, 0.0, -0.0, 0.0, -0.001, 0.001, 0.0],
 "mtime": 18.97612841238535,
 "numbers": [77, 77, 77, 77, 77, 77, 77, 77, 77, 77, 77, 77, 77, 77, 77, 77, 8, 8, 8, 8, 8, 8, 8, 8, 8, 8, 8, 8, 8, 8, 8, 8, 8, 8, 8, 8, 8, 8, 8, 8, 8, 8, 8, 8, 8, 8, 8, 8, 8, 8, 8, 8, 8, 8, 8, 8, 8, 8, 8, 8, 8, 8, 8, 8, 1],
 "pbc": [true, true, true],
 "positions": [[5.87714, 0.0, 7.5], [2.1446, 2.4415, 10.06613], [5.50614, 9.76508, 12.63539], [1.82332, 2.43849, 15.39872], [2.33024, 0.0, 7.5], [5.6915, 2.4415, 10.06613], [1.9587, 9.76393, 12.64132], [5.32365, 2.41197, 15.31284], [5.87714, 4.883, 7.5], [2.1446, 7.3245, 10.06613], [5.5042, 4.89752, 12.64015], [1.75558, 7.3136, 15.38901], [2.33024, 4.883, 7.5], [5.6915, 7.3245, 10.06613], [1.95566, 4.87967, 12.64116], [5.30208, 7.36221, 15.40609], [5.26566, 1.59752, 8.3871], [1.53318, 4.03902, 10.95302], [4.91373, 1.5735, 13.53294], [1.15357, 3.92626, 16.12685], [1.71883, 3.28558, 8.3871], [5.08008, 0.84408, 10.95323], [1.40558, 3.32995, 13.56968], [4.63167, 1.01194, 16.11681], [6.30298, 4.03902, 9.17903], [2.57051, 1.59752, 11.74516], [5.85116, 3.90516, 14.25182], [2.31887, 1.5334, 16.83783], [2.75601, 0.84408, 9.17882], [6.11734, 3.28558, 11.74495], [2.31109, 0.95263, 14.27086], [4.10369, 4.1295, 7.5], [0.37115, 1.688, 10.06613], [3.72694, 4.14004, 12.61955], [0.02245, 1.70535, 15.27369], [0.55679, 0.7534, 7.5], [3.91805, 3.1949, 10.06613], [0.17995, 0.74638, 12.62393], [3.55136, 3.25682, 15.23478], [5.26566, 6.48052, 8.3871], [1.53318, 8.92202, 10.95302], [4.96209, 6.43792, 13.57166], [1.05687, 8.75608, 16.14819], [1.71883, 8.16858, 8.3871], [5.08008, 5.72708, 10.95323], [1.4102, 8.21633, 13.58092], [4.59007, 5.90456, 16.11266], [6.30298, 8.92202, 9.17903], [2.57051, 6.48052, 11.74516], [5.84949, 8.83558, 14.27707], [2.32777, 6.43383, 16.81288], [2.75601, 5.72708, 9.17882], [6.11734, 8.16858, 11.74495], [2.3035, 5.83268, 14.2595], [5.86011, 8.21097, 16.85032], [4.10369, 9.0125, 7.5], [0.37115, 6.571, 10.06613], [3.73009, 9.02301, 12.61167], [7.09004, 6.53928, 15.20895], [0.55679, 5.6364, 7.5], [3.91805, 8.0779, 10.06613], [0.18584, 5.62363, 12.60342], [3.54606, 8.1288, 15.19737], [5.69203, 3.44423, 16.9021], [6.67433, 3.56866, 16.98122]],
 "stress": [-0.0006016814797351461, 0.0018913208198525228, 0.004282368067868888, 0.00012748282389616554, -0.0009850661777925252, 0.00013414251413348298],
 "unique_id": "20b9f71cd351f90726831b966e44da86",
 "user": "raul_desktop"},
"ids": [1],
"nextid": 2}
