{"1": {
 "calculator": "unknown",
 "calculator_parameters": {"energy": -408.91333142},
 "cell": [[7.0938, 0.0, 0.0], [0.0, 9.766, 0.0], [0.0, 0.0, 24.334498828]],
 "constraints": [{"name": "FixAtoms", "kwargs": {"indices": [0, 1, 4, 5, 8, 9, 12, 13, 16, 17, 20, 21, 24, 25, 28, 29, 31, 32, 35, 36, 39, 40, 43, 44, 47, 48, 51, 52, 55, 56, 59, 60]}}],
 "ctime": 18.97612841173657,
 "energy": -408.91333142,
 "forces": [[-0.666791, 0.597879, 3.24891], [-0.017384, 0.354095, 0.188112], [0.010125, -0.018763, -0.015302], [-0.015746, 0.015902, 0.042361], [-0.676312, -0.499809, 3.234019], [-0.044215, -0.205509, 0.051349], [-0.010826, -0.014589, 0.00256], [-0.035659, -0.009442, -0.029758], [-0.677882, 0.498225, 3.238554], [0.016581, 0.258589, 0.12279], [-0.01405, -0.005798, -0.001999], [-0.037089, 0.026679, 0.002384], [-0.631765, -0.55438, 3.239964], [0.081366, -0.307141, 0.157243], [-0.010184, -0.012453, -0.003058], [-0.001957, 0.009465, 0.022838], [-0.174667, 0.091724, -1.349418], [0.188831, -0.04383, 0.228196], [0.010964, 0.002641, 0.034617], [0.010764, -0.020866, -0.023579], [-0.213757, -0.085794, -1.323493], [0.15678, 0.122949, -0.143617], [-0.000675, -0.012994, -0.004937], [0.03002, 0.071633, 0.042624], [0.370402, -0.310505, -0.205956], [-0.123219, -0.226005, -0.125617], [0.005999, -0.038844, 0.033986], [-0.014163, 0.015189, -0.027853], [0.344665, 0.348913, -0.194418], [-0.09711, 0.337659, 0.140334], [-0.001211, -0.002289, -0.005649], [0.52369, 0.511163, -1.867653], [-0.078644, -0.02197, -0.045024], [0.007539, 0.00806, 0.000575], [-0.001734, 0.005862, 0.011273], [0.545485, -0.540235, -1.871984], [-0.059727, -0.046011, -0.080717], [-0.027087, 0.004707, -0.005744], [0.00442, 0.00757, -0.011215], [-0.161839, 0.092956, -1.325721], [0.085295, -0.024332, 0.137219], [-0.028081, -0.040729, 0.036289], [-0.012159, -0.012837, -0.024901], [-0.187299, -0.093571, -1.309755], [0.047436, 0.129746, 0.052947], [-0.009351, 0.002271, -0.019455], [0.017307, 0.028924, 0.02971], [0.296782, -0.416808, -0.235329], [-0.068453, -0.26987, -0.051097], [-0.014404, 0.036263, 0.009884], [0.004104, -0.006731, 0.026781], [0.326307, 0.331495, -0.219813], [0.134187, -0.17822, -0.214523], [0.003654, 0.003546, -0.003238], [0.005974, -0.011109, -0.018707], [0.544562, 0.473374, -1.858576], [-0.022274, 0.002683, -0.036798], [0.007513, -0.000941, 0.008223], [0.013109, 0.004407, -0.013639], [0.541504, -0.48092, -1.852824], [-0.13571, -0.019611, -0.042648], [0.011181, 0.024513, 0.020535], [0.006424, 0.005244, -0.010307], [0.000921, 0.052955, 0.111503], [-0.011278, -0.002079, 0.099574], [-0.071188, 0.05771, -0.00103]],
 "magmom": 0.764713,
 "magmoms": [-0.015, -0.001, 0.019, -0.163, 0.034, -0.041, 0.07, -0.146, -0.04, -0.033, -0.027, 0.021, 0.014, -0.014, -0.003, -0.087, -0.013, -0.002, 0.019, -0.247, -0.005, 0.011, 0.01, -0.128, -0.039, 0.0, 0.002, -0.015, 0.004, -0.007, 0.025, 0.0, -0.001, 0.001, 0.025, 0.002, -0.005, 0.004, 0.006, -0.012, -0.003, 0.01, 0.036, 0.015, -0.022, -0.003, -0.037, 0.004, -0.008, -0.041, -0.002, -0.014, -0.007, -0.004, -0.033, 0.006, -0.008, 0.005, -0.002, 0.004, 0.001, -0.011, -0.004, 0.697, 0.769, 0.0],
 "mtime": 18.97612841173657,
 "numbers": [77, 77, 77, 77, 77, 77, 77, 77, 77, 77, 77, 77, 77, 77, 77, 77, 8, 8, 8, 8, 8, 8, 8, 8, 8, 8, 8, 8, 8, 8, 8, 8, 8, 8, 8, 8, 8, 8, 8, 8, 8, 8, 8, 8, 8, 8, 8, 8, 8, 8, 8, 8, 8, 8, 8, 8, 8, 8, 8, 8, 8, 8, 8, 8, 8, 1],
 "pbc": [true, true, true],
 "positions": [[5.87714, 0.0, 7.5], [2.1446, 2.4415, 10.06613], [5.53221, 9.75942, 12.60635], [1.77571, 2.41085, 15.36678], [2.33024, 0.0, 7.5], [5.6915, 2.4415, 10.06613], [1.97237, 9.75693, 12.63509], [5.27366, 2.34356, 15.13053], [5.87714, 4.883, 7.5], [2.1446, 7.3245, 10.06613], [5.50669, 4.88868, 12.64111], [1.65229, 7.30045, 15.37008], [2.33024, 4.883, 7.5], [5.6915, 7.3245, 10.06613], [1.95473, 4.87531, 12.64802], [5.22191, 7.40895, 15.26193], [5.26566, 1.59752, 8.3871], [1.53318, 4.03902, 10.95302], [4.83914, 1.60707, 13.47317], [1.16389, 3.92905, 16.06706], [1.71883, 3.28558, 8.3871], [5.08008, 0.84408, 10.95323], [1.40869, 3.30477, 13.54703], [4.72005, 1.18041, 16.34366], [6.30298, 4.03902, 9.17903], [2.57051, 1.59752, 11.74516], [5.93454, 3.92809, 14.33365], [2.27618, 1.53042, 16.81986], [2.75601, 0.84408, 9.17882], [6.11734, 3.28558, 11.74495], [2.3293, 0.91093, 14.27571], [4.10369, 4.1295, 7.5], [0.37115, 1.688, 10.06613], [3.73981, 4.14199, 12.63586], [-0.00314, 1.66926, 15.20724], [0.55679, 0.7534, 7.5], [3.91805, 3.1949, 10.06613], [0.19079, 0.77009, 12.62647], [3.55536, 3.23718, 15.2105], [5.26566, 6.48052, 8.3871], [1.53318, 8.92202, 10.95302], [4.93856, 6.40763, 13.65597], [0.95572, 8.78047, 16.08325], [1.71883, 8.16858, 8.3871], [5.08008, 5.72708, 10.95323], [1.41032, 8.2069, 13.56512], [4.52846, 5.80804, 16.1741], [6.30298, 8.92202, 9.17903], [2.57051, 6.48052, 11.74516], [5.88025, 8.92789, 14.2914], [2.213, 6.53694, 16.85213], [2.75601, 5.72708, 9.17882], [6.11734, 8.16858, 11.74495], [2.28199, 5.80888, 14.28351], [5.80257, 7.99928, 16.82237], [4.10369, 9.0125, 7.5], [0.37115, 6.571, 10.06613], [3.73602, 9.02521, 12.59541], [7.04452, 6.52537, 15.11769], [0.55679, 5.6364, 7.5], [3.91805, 8.0779, 10.06613], [0.17612, 5.62426, 12.61701], [3.48993, 8.15722, 15.17185], [6.15235, 3.23442, 17.39601], [5.61366, 4.08184, 18.11314], [4.78955, 5.85639, 17.11772]],
 "stress": [-2.0334836732127655e-05, -0.0009079211249966082, 0.002891684936512588, -0.0005596449157723223, -0.0008548308483718453, 0.00010547526271830118],
 "unique_id": "40883e960cbeabb4b3ba7a359b7ccce4",
 "user": "raul_desktop"},
"ids": [1],
"nextid": 2}
