{"1": {
 "calculator": "unknown",
 "calculator_parameters": {"energy": -316.08304261},
 "cell": [[8.61194, 0.0, 0.0], [-0.305740631, 5.136508739, 0.0], [0.0, 0.0, 27.67670537]],
 "constraints": [{"name": "FixAtoms", "kwargs": {"indices": [0, 1, 2, 3, 4, 5, 6, 7, 8, 9, 10, 11, 12, 13, 14, 15, 16, 17, 18, 19, 39, 40, 41, 42, 43, 44]}}],
 "ctime": 18.97612007768265,
 "energy": -316.08304261,
 "forces": [[-2.684559, 1.016573, 1.121117], [-2.671775, 1.013664, 1.099433], [-1.899715, -1.931472, 0.239859], [-1.897309, -1.937775, 0.228725], [-0.064773, 0.529698, -0.34303], [-0.085281, 0.508597, -0.32697], [-0.024295, 0.080518, -0.317149], [-0.063214, 0.078132, -0.326134], [-0.303259, -0.097478, 0.543061], [-0.325638, -0.10733, 0.525809], [-0.076082, 0.048906, -0.03104], [-0.104768, 0.049483, -0.043654], [0.075531, -0.057459, -0.074837], [0.032745, -0.057837, -0.034985], [0.015854, -0.103588, 0.215184], [0.040305, -0.138184, 0.229852], [-0.033768, -0.069447, 0.00899], [-0.02402, -0.071319, -0.079523], [0.064319, 0.022485, 0.040989], [0.017935, -0.018627, 0.065941], [0.000185, 0.004145, -0.000995], [0.008624, -0.000487, 0.004428], [0.005283, 0.002374, -0.004272], [-0.004793, 0.004417, 0.007145], [-0.000908, 0.007075, 0.007436], [-0.000923, 0.002677, -0.000659], [0.000972, 0.004543, 0.001607], [0.007723, -0.00047, 0.002527], [-0.000469, -0.003177, -0.002922], [-0.002083, -0.007247, -0.006787], [-0.002569, -0.006005, 0.006703], [-0.006543, 0.002512, 0.001762], [-0.013482, 0.003988, 0.001057], [0.00856, -0.001742, -0.001462], [-0.006113, -0.003707, 0.005165], [-0.000248, -0.002739, 0.002382], [-0.010253, -0.00749, -0.0139], [0.01518, 0.00049, -0.005009], [0.001522, 0.006771, -0.005068], [5.284553, 0.760271, -0.915955], [5.269997, 0.752319, -0.87871], [-0.244327, -0.30866, -0.547066], [-0.265236, -0.314314, -0.522324], [-0.001756, 0.190525, 0.012469], [-0.0534, 0.143201, 0.090702], [0.00517, 0.004088, -0.000334], [-0.007438, -0.004716, 0.007189], [0.006557, 0.009613, 0.002936], [0.007516, -0.003455, 0.010729], [0.004162, 0.01374, 0.002828], [0.006307, -0.006083, -0.003239]],
 "magmom": 3.3065134,
 "magmoms": [0.498, 0.5, 0.474, 0.483, -0.017, -0.013, -0.042, -0.037, -0.045, -0.053, 0.013, 0.008, 0.015, 0.019, 0.029, 0.019, -0.012, 0.0, -0.01, -0.012, -0.003, -0.02, -0.006, 0.005, -0.001, 0.003, 0.01, -0.007, 0.001, 0.014, -0.002, -0.003, -0.018, 0.01, 0.01, 0.268, -0.03, 0.02, 0.001, 0.344, 0.342, -0.06, -0.077, 0.049, 0.033, -0.041, -0.024, 0.016, -0.04, 0.014, 0.163],
 "mtime": 18.97612007768265,
 "numbers": [8, 8, 8, 8, 8, 8, 8, 8, 8, 8, 8, 8, 8, 8, 8, 8, 8, 8, 8, 8, 8, 8, 8, 8, 8, 8, 8, 8, 8, 8, 8, 8, 8, 8, 8, 8, 8, 8, 8, 77, 77, 77, 77, 77, 77, 77, 77, 77, 77, 77, 77],
 "pbc": [true, true, true],
 "positions": [[5.09191, 4.03131, 7.5], [0.93881, 1.46306, 7.5], [4.81759, 1.43768, 8.12009], [0.35875, 4.00594, 8.12009], [7.312, 0.61358, 8.88952], [2.85316, 3.18184, 8.88952], [2.57876, 0.5881, 9.50961], [6.73186, 3.15636, 9.50961], [4.71607, 4.81134, 10.1297], [0.56306, 2.24309, 10.1297], [4.33912, 2.21155, 10.89878], [-0.11972, 4.77986, 10.89878], [2.32316, 3.86653, 11.51887], [6.782, 1.29828, 11.51887], [6.20194, 3.84111, 12.13896], [2.04884, 1.27285, 12.13896], [4.54325, 0.4488, 12.9084], [0.08441, 3.01706, 12.9084], [3.96312, 2.99153, 13.52849], [8.42196, 0.42327, 13.52849], [1.9519, 4.64443, 14.14943], [6.39973, 2.07676, 14.15323], [5.70705, 4.62527, 14.97041], [1.56843, 2.06122, 14.94787], [3.9971, 1.1433, 15.53211], [8.15921, 3.70292, 15.51914], [3.39386, 3.67864, 16.14594], [7.87597, 1.13513, 16.17006], [1.77814, 0.2966, 16.93838], [5.85086, 2.93397, 17.0353], [5.64574, 0.24146, 17.63713], [1.21032, 2.86224, 17.55297], [3.68511, 1.90002, 18.10485], [7.88965, 4.46948, 18.12273], [2.87354, 4.29289, 18.93535], [7.38783, 1.80897, 18.85613], [5.10364, 2.21397, 20.20759], [1.27912, 0.93404, 19.49039], [0.57118, 3.45889, 20.16453], [3.68246, 4.87801, 8.50463], [8.14139, 2.30976, 8.50463], [6.60415, 4.79557, 10.51424], [2.45105, 2.22732, 10.51424], [0.9138, 4.71318, 12.5235], [5.37264, 2.14493, 12.5235], [3.83187, 4.63753, 14.54592], [8.29273, 2.06349, 14.52952], [6.80337, 4.57167, 16.56513], [2.58144, 1.96567, 16.57803], [1.12463, 4.44884, 18.81758], [5.63039, 1.89142, 18.58585]],
 "stress": [0.008730235991719697, 0.005211035969199932, 0.0024819922774896104, 0.0015482562707483491, -0.0037491746677720595, 0.0008719887569588983],
 "unique_id": "89dc1ed1f146fedd3b5bc16dd930d003",
 "user": "raul_desktop"},
"ids": [1],
"nextid": 2}
