{"1": {
 "calculator": "unknown",
 "calculator_parameters": {"energy": -320.56211048},
 "cell": [[8.61194, 0.0, 0.0], [-0.305740631, 5.136508739, 0.0], [0.0, 0.0, 27.67670537]],
 "constraints": [{"name": "FixAtoms", "kwargs": {"indices": [0, 1, 2, 3, 4, 5, 6, 7, 8, 9, 10, 11, 12, 13, 14, 15, 16, 17, 18, 19, 40, 41, 42, 43, 44, 45]}}],
 "ctime": 18.976120079399685,
 "energy": -320.56211048,
 "forces": [[-2.676297, 1.022617, 1.118045], [-2.675936, 1.022512, 1.117941], [-1.899612, -1.934926, 0.231514], [-1.899451, -1.934782, 0.231681], [-0.072387, 0.537483, -0.352734], [-0.072678, 0.537031, -0.352958], [-0.041473, 0.086224, -0.329255], [-0.040839, 0.0861, -0.329212], [-0.293473, -0.102722, 0.539843], [-0.294479, -0.102532, 0.539851], [-0.08358, 0.060584, -0.048124], [-0.083439, 0.060549, -0.04831], [0.060371, -0.093235, -0.087345], [0.060489, -0.093514, -0.087653], [0.043562, -0.142203, 0.217222], [0.043849, -0.142145, 0.217219], [-0.024858, -0.034574, -0.006896], [-0.024622, -0.033593, -0.008409], [0.063039, 0.026626, 0.029597], [0.06271, 0.029744, 0.033099], [-0.004625, -0.000709, 6.2e-05], [0.00167, 0.000271, -0.001211], [-0.002278, -0.001828, 0.008757], [-0.002831, -0.004069, 0.008958], [-0.002141, -0.001142, -0.002775], [0.00262, -0.000768, 0.000757], [-0.001787, -0.00126, 0.002807], [-0.005815, -0.006006, 0.001336], [0.00094, -0.003606, 0.002443], [0.000223, -0.003663, 0.003822], [0.001795, -0.005607, -0.000702], [0.001741, -0.006841, -0.001809], [0.001872, -0.005582, -0.0059], [-0.012295, -0.005109, -0.003075], [0.011888, 0.004213, -0.009033], [0.002084, -0.004709, 0.005474], [0.007242, -0.002384, -0.003371], [0.007891, 0.003649, -0.001873], [-0.004792, 0.0033, -0.008934], [0.003194, 0.006427, -0.001825], [5.264632, 0.740556, -0.931197], [5.263135, 0.74032, -0.93129], [-0.259832, -0.302068, -0.494901], [-0.258701, -0.302506, -0.494553], [-0.084818, 0.157166, 0.108182], [-0.084136, 0.155036, 0.105967], [0.00105, -0.001076, -0.002036], [0.000948, -4.7e-05, -0.001836], [-0.003492, -0.007087, 0.000774], [-0.000585, -0.004292, 0.004167], [0.002099, 0.00354, 0.007066], [0.002207, 0.000637, 0.01063]],
 "magmom": 3.078599,
 "magmoms": [0.496, 0.496, 0.48, 0.48, -0.012, -0.012, -0.038, -0.038, -0.049, -0.049, 0.014, 0.014, 0.016, 0.016, 0.026, 0.026, -0.005, -0.006, -0.006, -0.006, -0.011, -0.011, 0.003, 0.003, 0.002, 0.002, 0.005, 0.005, 0.005, 0.005, 0.004, 0.004, 0.001, 0.001, -0.0, -0.0, 0.011, 0.011, 0.013, 0.013, 0.344, 0.345, -0.06, -0.06, 0.048, 0.048, -0.029, -0.029, 0.029, 0.029, 0.012, 0.012],
 "mtime": 18.976120079399685,
 "numbers": [8, 8, 8, 8, 8, 8, 8, 8, 8, 8, 8, 8, 8, 8, 8, 8, 8, 8, 8, 8, 8, 8, 8, 8, 8, 8, 8, 8, 8, 8, 8, 8, 8, 8, 8, 8, 8, 8, 8, 8, 77, 77, 77, 77, 77, 77, 77, 77, 77, 77, 77, 77],
 "pbc": [true, true, true],
 "positions": [[5.09191, 4.03131, 7.5], [0.93881, 1.46306, 7.5], [4.81759, 1.43768, 8.12009], [0.35875, 4.00594, 8.12009], [7.312, 0.61358, 8.88952], [2.85316, 3.18184, 8.88952], [2.57876, 0.5881, 9.50961], [6.73186, 3.15636, 9.50961], [4.71607, 4.81134, 10.1297], [0.56306, 2.24309, 10.1297], [4.33912, 2.21155, 10.89878], [-0.11972, 4.77986, 10.89878], [2.32316, 3.86653, 11.51887], [6.782, 1.29828, 11.51887], [6.20194, 3.84111, 12.13896], [2.04884, 1.27285, 12.13896], [4.54325, 0.4488, 12.9084], [0.08441, 3.01706, 12.9084], [3.96312, 2.99153, 13.52849], [8.42196, 0.42327, 13.52849], [1.95233, 4.6406, 14.1446], [6.41111, 2.07239, 14.14456], [5.72024, 4.63625, 14.94544], [1.56701, 2.06817, 14.94533], [3.98908, 1.13306, 15.53239], [8.14214, 3.70244, 15.53186], [3.42727, 3.66597, 16.14716], [7.88562, 1.0991, 16.14784], [1.76545, 0.3131, 16.93662], [5.91872, 2.88167, 16.93607], [5.66022, 0.31962, 17.54244], [1.20153, 2.88748, 17.54248], [3.68903, 1.9083, 18.12511], [7.8422, 4.47627, 18.12514], [2.85811, 4.33153, 18.93703], [7.31683, 1.76368, 18.9367], [5.41241, 3.53778, 19.44995], [1.25928, 0.9685, 19.45025], [5.01329, 0.92531, 20.14672], [0.55519, 3.49267, 20.14691], [3.68246, 4.87801, 8.50463], [8.14139, 2.30976, 8.50463], [6.60415, 4.79557, 10.51424], [2.45105, 2.22732, 10.51424], [0.9138, 4.71318, 12.5235], [5.37264, 2.14493, 12.5235], [3.83788, 4.63774, 14.54672], [8.29653, 2.06993, 14.54679], [6.7446, 4.548, 16.57972], [2.59142, 1.97919, 16.57947], [1.11101, 4.47466, 18.79643], [5.56971, 1.90722, 18.79625]],
 "stress": [0.009785082241539598, 0.007734709044632191, 0.0028701766960647942, 0.0018172216235100363, -0.0036601957136734677, 0.0010716920829506589],
 "unique_id": "7c3f905ab710a647fd78df1bbdc37caa",
 "user": "raul_desktop"},
"ids": [1],
"nextid": 2}
