{"1": {
 "calculator": "unknown",
 "calculator_parameters": {"energy": -325.64795345},
 "cell": [[8.61194, 0.0, 0.0], [-0.305740631, 5.136508739, 0.0], [0.0, 0.0, 27.67670537]],
 "constraints": [{"name": "FixAtoms", "kwargs": {"indices": [0, 1, 2, 3, 4, 5, 6, 7, 8, 9, 10, 11, 12, 13, 14, 15, 16, 17, 18, 19, 40, 41, 42, 43, 44, 45]}}],
 "ctime": 18.976120079734123,
 "energy": -325.64795345,
 "forces": [[-2.687571, 1.025346, 1.126948], [-2.656637, 1.01678, 1.108975], [-1.895917, -1.930327, 0.238127], [-1.886273, -1.937775, 0.224148], [-0.071777, 0.529247, -0.345742], [-0.073413, 0.526509, -0.335567], [-0.031837, 0.079449, -0.340807], [-0.04751, 0.093257, -0.326719], [-0.284735, -0.099138, 0.542957], [-0.307311, -0.109416, 0.529443], [-0.093095, 0.056199, -0.051969], [-0.116155, 0.065057, -0.047421], [0.061273, -0.066787, -0.063799], [0.070532, -0.082956, -0.053672], [0.046675, -0.148798, 0.240297], [0.060774, -0.147717, 0.218834], [-0.012539, -0.042505, 0.010259], [-0.029104, -0.029346, -0.027496], [0.050528, -0.013067, -0.000318], [0.034065, 0.021382, 0.075519], [0.000322, 0.00146, 0.004312], [0.003927, 0.00274, -0.009038], [0.000548, -0.000301, -0.008092], [-0.005098, 0.003155, 0.001646], [-0.003014, 0.003464, 0.002117], [0.001949, 0.002884, 0.000816], [0.005564, 0.013454, 0.006162], [-0.010298, -0.006798, 0.003571], [0.008061, -0.002234, -0.000559], [0.000924, 0.00452, -0.001833], [0.000171, 0.005586, -0.00456], [0.000142, 0.007358, 0.002318], [0.00095, -0.004646, 0.001655], [0.012884, 0.000241, 0.008328], [-0.006715, 0.006689, 0.001502], [-0.007715, 0.004234, -0.002274], [-0.001279, -0.004662, 0.003335], [0.001866, -0.004158, -0.009795], [-0.000985, 0.018532, -0.001893], [-0.011785, 0.002593, 0.004566], [5.266129, 0.734093, -0.924823], [5.24226, 0.750391, -0.89507], [-0.248194, -0.317085, -0.526012], [-0.247967, -0.316133, -0.495082], [-0.077054, 0.171217, 0.061026], [-0.074786, 0.127567, 0.053216], [0.002052, -0.002847, 0.001234], [-0.000604, -0.008662, -0.001432], [-0.002028, 0.003946, 4.8e-05], [0.002474, -0.003699, 0.00356], [-0.000954, 0.006541, 0.002555], [0.006843, -0.004173, 0.004948], [0.011438, -0.000659, -0.008447]],
 "magmom": 3.9051657,
 "magmoms": [0.488, 0.512, 0.49, 0.475, -0.014, -0.011, -0.039, -0.034, -0.049, -0.049, 0.016, 0.014, 0.013, 0.017, 0.029, 0.036, -0.008, -0.007, -0.003, -0.017, -0.011, -0.007, 0.005, 0.009, 0.001, 0.03, 0.007, 0.021, 0.006, -0.003, -0.009, 0.026, -0.005, -0.006, 0.007, -0.019, 0.393, 0.006, 0.002, 0.024, 0.34, 0.351, -0.057, -0.052, 0.029, 0.066, -0.039, 0.001, -0.01, 0.071, 0.019, 0.252, 0.002],
 "mtime": 18.976120079734123,
 "numbers": [8, 8, 8, 8, 8, 8, 8, 8, 8, 8, 8, 8, 8, 8, 8, 8, 8, 8, 8, 8, 8, 8, 8, 8, 8, 8, 8, 8, 8, 8, 8, 8, 8, 8, 8, 8, 8, 8, 8, 8, 77, 77, 77, 77, 77, 77, 77, 77, 77, 77, 77, 77, 1],
 "pbc": [true, true, true],
 "positions": [[5.09191, 4.03131, 7.5], [0.93881, 1.46306, 7.5], [4.81759, 1.43768, 8.12009], [0.35875, 4.00594, 8.12009], [7.312, 0.61358, 8.88952], [2.85316, 3.18184, 8.88952], [2.57876, 0.5881, 9.50961], [6.73186, 3.15636, 9.50961], [4.71607, 4.81134, 10.1297], [0.56306, 2.24309, 10.1297], [4.33912, 2.21155, 10.89878], [-0.11972, 4.77986, 10.89878], [2.32316, 3.86653, 11.51887], [6.782, 1.29828, 11.51887], [6.20194, 3.84111, 12.13896], [2.04884, 1.27285, 12.13896], [4.54325, 0.4488, 12.9084], [0.08441, 3.01706, 12.9084], [3.96312, 2.99153, 13.52849], [8.42196, 0.42327, 13.52849], [1.94921, 4.64088, 14.14813], [6.40682, 2.07061, 14.14989], [5.71567, 4.61828, 14.95262], [1.56737, 2.06987, 14.93352], [3.99366, 1.1261, 15.53179], [8.14018, 3.70633, 15.52521], [3.41203, 3.66329, 16.14033], [7.88765, 1.11652, 16.16114], [1.76166, 0.31181, 16.92197], [5.9163, 2.86277, 16.94519], [5.64628, 0.24815, 17.56511], [1.20564, 2.87181, 17.54309], [3.716, 1.90875, 18.09177], [7.86315, 4.46578, 18.11708], [2.86193, 4.32074, 18.90107], [7.3294, 1.70915, 18.90585], [5.36585, 3.46684, 19.59567], [1.26405, 0.94132, 19.46566], [4.99283, 0.96148, 20.22022], [0.58426, 3.46928, 20.15413], [3.68246, 4.87801, 8.50463], [8.14139, 2.30976, 8.50463], [6.60415, 4.79557, 10.51424], [2.45105, 2.22732, 10.51424], [0.9138, 4.71318, 12.5235], [5.37264, 2.14493, 12.5235], [3.83596, 4.63237, 14.5423], [8.29538, 2.06917, 14.53973], [6.7506, 4.56221, 16.57721], [2.58803, 1.9661, 16.56749], [1.11401, 4.45274, 18.79193], [5.61314, 1.96112, 18.6643], [4.90162, 1.59307, 20.96483]],
 "stress": [0.009757176454237773, 0.005929246424315319, 0.002539264365228715, 0.0014858911115625238, -0.003874104714435738, 0.0008997946801147082],
 "unique_id": "6ac968f7a73a881e5a211e982f4d4f8c",
 "user": "raul_desktop"},
"ids": [1],
"nextid": 2}
