{"1": {
 "calculator": "unknown",
 "calculator_parameters": {"energy": -419.49833502},
 "cell": [[7.0938, 0.0, 0.0], [0.0, 9.766, 0.0], [0.0, 0.0, 25.006938326]],
 "constraints": [{"name": "FixAtoms", "kwargs": {"indices": [0, 1, 4, 5, 8, 9, 12, 13, 16, 17, 20, 21, 24, 25, 28, 29, 31, 32, 35, 36, 39, 40, 43, 44, 47, 48, 51, 52, 55, 56, 59, 60]}}],
 "ctime": 18.976129305772712,
 "energy": -419.49833502,
 "forces": [[-0.682629, 0.555228, 3.174721], [0.006469, 0.220381, 0.089383], [-0.011059, 0.003499, 0.002398], [-0.001266, 0.001829, 0.007596], [-0.681529, -0.556785, 3.172126], [0.00653, -0.229897, 0.088309], [0.000474, 0.008021, 0.001768], [-0.003783, -0.000812, 0.013773], [-0.682642, 0.555199, 3.173631], [0.007071, 0.219162, 0.083615], [-0.002912, 0.001671, -0.000352], [-0.000658, -0.007547, -0.000483], [-0.681917, -0.555746, 3.172837], [0.007712, -0.222753, 0.084718], [-0.002394, 0.003692, -0.000531], [0.004172, 0.012346, -0.0003], [-0.146507, 0.109236, -1.334699], [0.013752, -0.000427, 0.238485], [0.000332, 0.010492, 0.001999], [-0.00513, 0.001453, 0.004202], [-0.146173, -0.109221, -1.332502], [0.018863, -0.000239, 0.24093], [0.000328, -0.006175, -0.013237], [-0.002852, -0.004527, -0.003962], [0.339109, -0.349799, -0.199572], [-0.053165, -0.145277, -0.130889], [0.007478, -0.003011, -0.00444], [-0.001824, -0.00082, 0.010198], [0.340139, 0.35145, -0.199114], [-0.046379, 0.138082, -0.129439], [0.002192, 0.003599, 0.005482], [0.524657, 0.481303, -1.803083], [-0.005211, -0.020369, -0.034808], [-0.000422, 0.009577, 0.001509], [-0.002494, -0.009896, -0.013106], [0.523344, -0.479169, -1.803152], [-0.003775, 0.022835, -0.034222], [0.004997, -0.013512, 0.010875], [-0.003729, 0.012502, -0.004305], [-0.146413, 0.109003, -1.332136], [0.011003, -0.003579, 0.227414], [-0.003641, -0.006264, 0.003639], [0.001657, -0.008157, 0.004843], [-0.146716, -0.107636, -1.331202], [0.009783, 0.000928, 0.205862], [-0.003358, -0.004117, -0.007211], [0.015965, 0.004149, 0.006637], [0.33844, -0.351094, -0.201207], [-0.050881, -0.145199, -0.126035], [0.010909, 0.005049, -0.001844], [0.00294, -0.002463, -0.000981], [0.339085, 0.35135, -0.199572], [-0.046673, 0.140332, -0.123741], [0.005974, -0.002224, 0.002917], [0.007979, 0.005203, -0.000606], [0.522475, 0.480995, -1.802315], [-0.005664, -0.021571, -0.034146], [-0.005436, -0.001656, -0.007541], [-0.009014, -0.011677, 0.007972], [0.521331, -0.479254, -1.802777], [-0.004977, 0.02291, -0.032876], [-0.001808, 0.005007, -0.001872], [0.009129, 0.015979, -0.002454], [0.001128, -0.005079, 0.008343], [-0.003807, 0.012744, 0.001364], [-0.003204, -0.001359, -0.000524], [-0.00406, -0.002158, 0.00274], [-0.001316, -0.005737, 0.000952]],
 "magmom": 0.0012269,
 "magmoms": [-0.0, 0.0, -0.0, 0.0, -0.0, 0.0, -0.0, 0.0, -0.0, 0.0, -0.0, 0.0, -0.0, 0.0, -0.0, 0.0, -0.0, 0.0, -0.0, 0.0, -0.0, 0.0, -0.0, 0.0, 0.0, 0.0, -0.0, -0.0, 0.0, 0.0, -0.0, -0.0, 0.0, 0.0, 0.0, -0.0, 0.0, 0.0, 0.0, -0.0, 0.0, -0.0, 0.0, -0.0, 0.0, -0.0, 0.0, 0.0, 0.0, -0.0, -0.0, 0.0, 0.0, -0.0, -0.0, -0.0, 0.0, 0.0, 0.0, -0.0, 0.0, 0.0, 0.0, -0.0, 0.0, 0.0, 0.0, 0.0],
 "mtime": 18.976129305772712,
 "numbers": [77, 77, 77, 77, 77, 77, 77, 77, 77, 77, 77, 77, 77, 77, 77, 77, 8, 8, 8, 8, 8, 8, 8, 8, 8, 8, 8, 8, 8, 8, 8, 8, 8, 8, 8, 8, 8, 8, 8, 8, 8, 8, 8, 8, 8, 8, 8, 8, 8, 8, 8, 8, 8, 8, 8, 8, 8, 8, 8, 8, 8, 8, 8, 8, 1, 1, 1, 1],
 "pbc": [true, true, true],
 "positions": [[5.87714, 0.0, 7.5], [2.1446, 2.4415, 10.06613], [5.50871, 0.00353, 12.63406], [1.80362, 2.47369, 15.30892], [2.33024, 0.0, 7.5], [5.6915, 2.4415, 10.06613], [1.96137, 9.76092, 12.633], [5.34998, 2.40927, 15.3079], [5.87714, 4.883, 7.5], [2.1446, 7.3245, 10.06613], [5.5083, 4.88704, 12.63221], [1.80086, 7.35889, 15.31007], [2.33024, 4.883, 7.5], [5.6915, 7.3245, 10.06613], [1.96136, 4.87852, 12.63364], [5.34583, 7.28493, 15.30564], [5.26566, 1.59752, 8.3871], [1.53318, 4.03902, 10.95302], [4.91118, 1.55525, 13.57658], [1.14582, 3.86843, 16.19763], [1.71883, 3.28558, 8.3871], [5.08008, 0.84408, 10.95323], [1.36333, 3.32903, 13.57932], [4.69163, 1.0146, 16.19617], [6.30298, 4.03902, 9.17903], [2.57051, 1.59752, 11.74516], [5.85302, 3.91649, 14.2596], [2.18207, 1.42131, 16.88171], [2.75601, 0.84408, 9.17882], [6.11734, 3.28558, 11.74495], [2.30722, 0.96651, 14.25939], [4.10369, 4.1295, 7.5], [0.37115, 1.688, 10.06613], [3.72611, 4.13072, 12.62042], [0.01202, 1.6602, 15.27258], [0.55679, 0.7534, 7.5], [3.91805, 3.1949, 10.06613], [0.17935, 0.75231, 12.62029], [3.55875, 3.2234, 15.27188], [5.26566, 6.48052, 8.3871], [1.53318, 8.92202, 10.95302], [4.91129, 6.44088, 13.56852], [1.1387, 8.75364, 16.19442], [1.71883, 8.16858, 8.3871], [5.08008, 5.72708, 10.95323], [1.3622, 8.21108, 13.57653], [4.6766, 5.87898, 16.16715], [6.30298, 8.92202, 9.17903], [2.57051, 6.48052, 11.74516], [5.85099, 8.79729, 14.26257], [2.17484, 6.31124, 16.88836], [2.75601, 5.72708, 9.17882], [6.11734, 8.16858, 11.74495], [2.30545, 5.85124, 14.26063], [5.70916, 8.31966, 16.89336], [4.10369, 9.0125, 7.5], [0.37115, 6.571, 10.06613], [3.72607, 9.01427, 12.62073], [0.01091, 6.5421, 15.27206], [0.55679, 5.6364, 7.5], [3.91805, 8.0779, 10.06613], [0.17935, 5.63476, 12.62035], [3.55675, 8.10545, 15.27243], [5.72218, 3.46361, 16.88217], [3.15929, 1.21295, 16.90692], [6.68784, 8.50316, 16.94735], [3.15231, 6.11096, 16.91958], [6.70022, 3.66326, 16.91582]],
 "stress": [-0.0026521295747520624, 0.0007908741043589195, 0.0037527510525011904, -7.708887921378413e-05, -0.0008754153454690083, 1.727649726044486e-05],
 "unique_id": "6f4fb05c269a17da71e80736c708d663",
 "user": "raul_desktop"},
"ids": [1],
"nextid": 2}
