{"1": {
 "calculator": "unknown",
 "calculator_parameters": {"energy": -423.7228541},
 "cell": [[7.0938, 0.0, 0.0], [0.0, 9.766, 0.0], [0.0, 0.0, 21.0563]],
 "constraints": [{"name": "FixAtoms", "kwargs": {"indices": [0, 1, 4, 5, 8, 9, 12, 13, 16, 17, 20, 21, 24, 25, 28, 29, 32, 33, 36, 37, 40, 41, 44, 45, 48, 49, 52, 53, 56, 57, 60, 61]}}],
 "ctime": 18.976129305145086,
 "energy": -423.7228541,
 "forces": [[-0.688051, 0.553789, 3.192159], [-0.004222, 0.206988, 0.09653], [-0.001572, -0.012991, -0.013455], [-0.002136, -0.046087, -0.049068], [-0.684398, -0.5426, 3.186973], [-0.086025, -0.246292, 0.094058], [0.003682, -0.00701, 0.002239], [-0.026841, 0.008268, -0.033418], [-0.678474, 0.525248, 3.20357], [0.03828, 0.171379, 0.064785], [0.007607, -0.001263, -0.002318], [-0.014966, 0.004614, -0.0094], [-0.668254, -0.542207, 3.192158], [0.053206, -0.242584, 0.198069], [0.005547, -0.004103, -0.005036], [0.000679, 0.006281, -0.022528], [-0.156632, 0.084895, -1.294494], [0.053959, 0.011153, 0.152101], [0.012875, -0.055298, 0.013956], [0.010533, 0.030988, 0.025123], [-0.152522, -0.06164, -1.330187], [0.054149, 0.058367, 0.173203], [-0.012537, 0.006148, 0.012456], [0.015843, 0.016267, -0.019003], [0.328299, -0.301326, -0.216663], [-0.081709, -0.123977, -0.113416], [-0.009249, -0.012639, -0.00667], [-0.013144, 0.010964, 0.026292], [0.328181, 0.326825, -0.211383], [-0.063583, 0.297175, 0.216514], [-0.003448, -0.001292, -0.005209], [-0.053474, 0.023371, -0.056463], [0.515415, 0.507251, -1.801101], [-0.014547, 0.0031, -0.036988], [-0.016974, -0.005853, 0.01905], [-0.030067, 0.00204, 0.015197], [0.544147, -0.501406, -1.802282], [0.001134, 0.001903, -0.052135], [-0.007024, -0.003567, -0.000464], [-0.008505, -0.001719, -0.001371], [-0.149057, 0.060086, -1.333981], [-0.024297, 0.04369, 0.189215], [0.008667, 0.005805, 0.012324], [-0.007509, 0.002783, 0.006606], [-0.163771, -0.063335, -1.323393], [0.024012, -0.049833, 0.289704], [-0.001365, -0.006196, -0.012702], [0.00767, 0.01007, -0.008143], [0.337828, -0.366782, -0.261647], [-0.073664, -0.13315, -0.092649], [-0.001726, 0.001163, -0.025532], [0.021149, -0.00351, 0.014348], [0.32607, 0.307858, -0.226244], [-0.024144, 0.047486, -0.168301], [-0.011648, 0.011325, 0.018717], [0.022799, 0.006999, 0.006992], [0.546984, 0.507352, -1.799109], [0.013382, 0.009828, -0.029838], [0.010868, 0.006813, -0.009391], [0.005326, 0.029728, -0.022689], [0.557593, -0.501597, -1.804926], [-0.049652, 0.002868, -0.051257], [-0.003797, 0.003563, 0.002736], [-0.001349, 0.006578, -0.02805], [0.112907, 0.010434, -0.088654], [0.05899, -0.076674, -0.03489], [-0.017153, -0.005731, -0.015927], [-0.009969, -0.012415, -0.000357], [-0.010325, 0.001632, -0.00434]],
 "magmom": 1.4482451,
 "magmoms": [0.035, 0.001, 0.027, 0.101, 0.004, -0.026, -0.051, 0.333, -0.016, 0.027, 0.014, -0.021, 0.041, 0.041, 0.019, -0.16, 0.008, -0.002, -0.027, 0.087, 0.007, -0.001, 0.005, 0.329, -0.011, -0.003, 0.029, 0.009, 0.005, -0.016, -0.006, 0.259, 0.002, 0.001, 0.017, -0.013, 0.005, 0.003, -0.007, 0.036, 0.008, -0.001, 0.007, -0.024, 0.002, 0.015, -0.001, -0.105, 0.012, 0.003, -0.005, -0.006, 0.025, 0.029, 0.003, -0.008, 0.002, 0.01, -0.0, -0.011, -0.001, -0.005, 0.004, -0.0, 0.22, 0.0, 0.001, -0.001, -0.0],
 "mtime": 18.976129305145086,
 "numbers": [77, 77, 77, 77, 77, 77, 77, 77, 77, 77, 77, 77, 77, 77, 77, 77, 8, 8, 8, 8, 8, 8, 8, 8, 8, 8, 8, 8, 8, 8, 8, 8, 8, 8, 8, 8, 8, 8, 8, 8, 8, 8, 8, 8, 8, 8, 8, 8, 8, 8, 8, 8, 8, 8, 8, 8, 8, 8, 8, 8, 8, 8, 8, 8, 8, 1, 1, 1, 1],
 "pbc": [true, true, true],
 "positions": [[5.87714, 0.0, 6.67906], [2.1446, 2.4415, 9.24519], [5.51162, -0.00062, 11.81183], [1.79811, 2.47528, 14.44962], [2.33024, 0.0, 6.67906], [5.6915, 2.4415, 9.24519], [1.95862, 9.7586, 11.81193], [5.34249, 2.36415, 14.43965], [5.87714, 4.883, 6.67906], [2.1446, 7.3245, 9.24519], [5.50486, 4.88831, 11.83066], [1.77424, 7.37013, 14.47326], [2.33024, 4.883, 6.67906], [5.6915, 7.3245, 9.24519], [1.95907, 4.8782, 11.81268], [5.31935, 7.31499, 14.48394], [5.26566, 1.59752, 7.56616], [1.53318, 4.03902, 10.13208], [4.88553, 1.58473, 12.74263], [1.14957, 3.95129, 15.2432], [1.71883, 3.28558, 7.56616], [5.08008, 0.84408, 10.13229], [1.37174, 3.29197, 12.70165], [4.68395, 1.04858, 15.4875], [6.30298, 4.03902, 8.35809], [2.57051, 1.59752, 10.92422], [5.89468, 3.96623, 13.53761], [2.1686, 1.48866, 16.06323], [2.75601, 0.84408, 8.35788], [6.11734, 3.28558, 10.92401], [2.31768, 0.94984, 13.44337], [5.52509, 3.23334, 16.35633], [4.10369, 4.1295, 6.67906], [0.37115, 1.688, 9.24519], [3.73623, 4.13631, 11.825], [7.10208, 1.6733, 14.44076], [0.55679, 0.7534, 6.67906], [3.91805, 3.1949, 9.24519], [0.17495, 0.75876, 11.82786], [3.55991, 3.22823, 14.42646], [5.26566, 6.48052, 7.56616], [1.53318, 8.92202, 10.13208], [4.90275, 6.43724, 12.77937], [1.12795, 8.79326, 15.33125], [1.71883, 8.16858, 7.56616], [5.08008, 5.72708, 10.13229], [1.35189, 8.19399, 12.73115], [4.68245, 5.92486, 15.41851], [6.30298, 8.92202, 8.35809], [2.57051, 6.48052, 10.92422], [5.87994, 8.81819, 13.44259], [2.13816, 6.34474, 16.07299], [2.75601, 5.72708, 8.35788], [6.11734, 8.16858, 10.92401], [2.291, 5.84509, 13.44563], [5.70643, 8.36845, 16.06206], [4.10369, 9.0125, 6.67906], [0.37115, 6.571, 9.24519], [3.72737, 9.02115, 11.81183], [7.0801, 6.54964, 14.48563], [0.55679, 5.6364, 6.67906], [3.91805, 8.0779, 9.24519], [0.17486, 5.62606, 11.82255], [3.54124, 8.12416, 14.44246], [6.13597, 4.42536, 16.5456], [6.93935, 4.44073, 15.88314], [3.15163, 1.29411, 16.10581], [6.66483, 8.65083, 16.01722], [3.1151, 6.14409, 16.10537]],
 "stress": [-0.0018898103746440588, 0.0006537419073541383, 0.0059134491647177085, -6.39380194855481e-05, -0.0012779302689972195, -3.601974916547228e-05],
 "unique_id": "3eac8a8f248eb15893b62a9c084a6945",
 "user": "raul_desktop"},
"ids": [1],
"nextid": 2}
