{"1": {
 "calculator": "unknown",
 "calculator_parameters": {"energy": -423.90540753},
 "cell": [[7.0938, 0.0, 0.0], [0.0, 9.766, 0.0], [0.0, 0.0, 21.0563]],
 "constraints": [{"name": "FixAtoms", "kwargs": {"indices": [0, 1, 4, 5, 8, 9, 12, 13, 16, 17, 20, 21, 24, 25, 28, 29, 32, 33, 36, 37, 40, 41, 44, 45, 48, 49, 52, 53, 56, 57, 60, 61]}}],
 "ctime": 18.976128305020865,
 "energy": -423.90540753,
 "forces": [[-0.678454, 0.561356, 3.181272], [0.020873, 0.24477, 0.096138], [0.001244, -0.00411, 0.0005], [0.001011, 0.001471, -0.001431], [-0.66219, -0.522272, 3.169888], [0.010248, -0.172839, 0.090537], [-0.000578, 0.003969, -0.00102], [0.002055, -0.002201, -0.001137], [-0.688053, 0.541603, 3.193305], [0.02921, 0.197579, 0.084859], [-0.001896, 0.002887, 0.002436], [9.5e-05, 0.00355, -0.003654], [-0.667828, -0.533803, 3.163321], [0.041014, -0.245102, 0.133895], [0.001817, -0.003132, 0.000708], [-0.007588, -0.009901, -0.005614], [-0.158464, 0.102354, -1.313309], [0.040709, 0.017817, 0.147013], [0.007962, 0.001438, 0.00869], [0.001633, 0.004927, -0.014061], [-0.156015, -0.079652, -1.33911], [-6.3e-05, 0.02494, 0.119379], [-0.002248, -0.00114, 0.002301], [-0.001563, 0.004245, 0.002239], [0.337568, -0.344777, -0.193422], [-0.070009, -0.100583, -0.123796], [0.004144, -0.004665, -0.000589], [-0.004807, 0.004383, -0.0003], [0.328969, 0.355163, -0.193647], [-0.115287, 0.249196, 0.039303], [0.000169, -0.002719, 0.002369], [0.005437, 0.000762, 0.002956], [0.5065, 0.471112, -1.789771], [-0.009332, -0.004952, -0.039532], [0.006504, 0.002559, -0.001712], [-0.005472, 0.010867, 0.000363], [0.522887, -0.485314, -1.781546], [-0.028627, -0.007859, -0.050731], [-0.000625, -0.003782, 0.003146], [0.009923, 0.002356, 0.008174], [-0.14067, 0.097151, -1.306499], [-0.009088, -0.007282, 0.132846], [-0.001099, -0.002373, 0.01134], [-0.003199, -0.006843, -0.003152], [-0.170323, -0.079284, -1.338554], [0.02125, -0.059355, 0.253144], [0.005754, -0.000872, 0.003895], [-0.000358, 0.013427, -0.00123], [0.349126, -0.36216, -0.229193], [-0.103702, -0.14598, -0.086778], [-0.000415, -0.002132, -0.005876], [-0.00273, -0.000848, 0.005335], [0.329291, 0.359199, -0.185082], [-0.00539, -0.017523, -0.22522], [-7.8e-05, 0.005517, 0.003327], [0.005934, -0.006181, 0.000683], [0.537212, 0.461689, -1.782878], [0.02789, -0.026174, -0.027562], [0.007247, -0.002684, -0.006133], [0.002578, 0.007826, -0.002081], [0.554967, -0.485802, -1.784054], [-0.049329, -0.010059, -0.037211], [0.005606, 0.001824, 0.002102], [-0.000292, -0.005728, 0.001853], [0.002842, 0.003964, -0.002813], [0.005812, -0.008419, 0.00624], [-0.001107, 0.003616, 0.003901], [0.005751, -0.001702, 0.001754], [0.005645, -0.003313, -0.000511]],
 "magmom": 0.3119471,
 "magmoms": [0.008, 0.004, -0.001, 0.026, -0.008, 0.004, -0.009, 0.054, -0.002, 0.005, -0.005, 0.014, -0.002, 0.013, -0.002, 0.021, 0.001, 0.0, -0.005, 0.033, -0.001, 0.002, -0.003, 0.071, 0.002, 0.002, 0.007, 0.001, 0.0, 0.002, -0.003, -0.025, -0.001, 0.001, 0.005, 0.001, -0.001, 0.002, 0.001, 0.005, -0.001, -0.0, -0.005, 0.016, -0.002, 0.001, -0.002, 0.027, 0.011, 0.002, -0.0, -0.001, 0.003, 0.003, -0.001, -0.002, -0.001, 0.002, 0.005, 0.001, -0.001, 0.002, 0.001, 0.003, -0.012, -0.0, 0.0, 0.0, 0.0],
 "mtime": 18.976128305020865,
 "numbers": [77, 77, 77, 77, 77, 77, 77, 77, 77, 77, 77, 77, 77, 77, 77, 77, 8, 8, 8, 8, 8, 8, 8, 8, 8, 8, 8, 8, 8, 8, 8, 8, 8, 8, 8, 8, 8, 8, 8, 8, 8, 8, 8, 8, 8, 8, 8, 8, 8, 8, 8, 8, 8, 8, 8, 8, 8, 8, 8, 8, 8, 8, 8, 8, 8, 1, 1, 1, 1],
 "pbc": [true, true, true],
 "positions": [[5.87714, 0.0, 6.67906], [2.1446, 2.4415, 9.24519], [5.51179, 0.00271, 11.80273], [1.78993, 2.48657, 14.46761], [2.33024, 0.0, 6.67906], [5.6915, 2.4415, 9.24519], [1.95549, 9.7619, 11.80929], [5.34558, 2.36911, 14.44255], [5.87714, 4.883, 6.67906], [2.1446, 7.3245, 9.24519], [5.50368, 4.8905, 11.82565], [1.78431, 7.37293, 14.47475], [2.33024, 4.883, 6.67906], [5.6915, 7.3245, 9.24519], [1.95586, 4.87877, 11.81435], [5.3327, 7.30991, 14.47814], [5.26566, 1.59752, 7.56616], [1.53318, 4.03902, 10.13208], [4.91518, 1.58934, 12.73444], [1.13162, 3.92507, 15.24303], [1.71883, 3.28558, 7.56616], [5.08008, 0.84408, 10.13229], [1.35702, 3.29785, 12.69858], [4.63926, 1.01964, 15.3996], [6.30298, 4.03902, 8.35809], [2.57051, 1.59752, 10.92422], [5.8863, 3.95522, 13.48091], [2.17165, 1.49226, 16.07528], [2.75601, 0.84408, 8.35788], [6.11734, 3.28558, 10.92401], [2.28557, 0.96138, 13.44382], [5.75376, 3.38347, 16.07796], [4.10369, 4.1295, 6.67906], [0.37115, 1.688, 9.24519], [3.72811, 4.13792, 11.82511], [7.09119, 1.64628, 14.44107], [0.55679, 0.7534, 6.67906], [3.91805, 3.1949, 9.24519], [0.17603, 0.76355, 11.80544], [3.55734, 3.21246, 14.39654], [5.26566, 6.48052, 7.56616], [1.53318, 8.92202, 10.13208], [4.89384, 6.45264, 12.74604], [1.1342, 8.7918, 15.33578], [1.71883, 8.16858, 7.56616], [5.08008, 5.72708, 10.13229], [1.35408, 8.19844, 12.72888], [4.68016, 5.91521, 15.37108], [6.30298, 8.92202, 8.35809], [2.57051, 6.48052, 10.92422], [5.84618, 8.81476, 13.4341], [2.15493, 6.3467, 16.07236], [2.75601, 5.72708, 8.35788], [6.11734, 8.16858, 10.92401], [2.29094, 5.84698, 13.44492], [5.71415, 8.3645, 16.05631], [4.10369, 9.0125, 6.67906], [0.37115, 6.571, 9.24519], [3.72245, 9.03107, 11.81542], [7.08874, 6.5738, 14.44147], [0.55679, 5.6364, 6.67906], [3.91805, 8.0779, 9.24519], [0.17417, 5.63151, 11.81954], [3.54563, 8.11888, 14.44612], [6.33932, 2.54258, 17.05331], [6.72508, 3.22078, 17.6538], [3.14999, 1.26554, 16.07727], [6.68532, 8.59983, 16.04646], [3.135, 6.16294, 16.09696]],
 "stress": [-0.003096219190567782, 0.0004087065005810875, 0.004397436530113672, 0.00016163636183299873, -0.0012558290851824667, 0.0001376377592439776],
 "unique_id": "634c5707729927d2565ad730593cc8e0",
 "user": "raul_desktop"},
"ids": [1],
"nextid": 2}
