{"1": {
 "calculator": "unknown",
 "calculator_parameters": {"energy": -398.71179417},
 "cell": [[7.0938, 0.0, 0.0], [0.0, 9.766, 0.0], [0.0, 0.0, 24.334498828]],
 "constraints": [{"name": "FixAtoms", "kwargs": {"indices": [0, 1, 4, 5, 8, 9, 12, 13, 16, 17, 20, 21, 24, 25, 28, 29, 31, 32, 35, 36, 39, 40, 43, 44, 47, 48, 51, 52, 55, 56, 59, 60]}}],
 "ctime": 18.97612015647818,
 "energy": -398.71179417,
 "forces": [[-0.682445, 0.537361, 3.253996], [0.07073, 0.297806, 0.136758], [0.005453, -0.00215, 0.006589], [0.006486, 0.00466, 0.0083], [-0.675737, -0.510787, 3.248504], [0.071927, -0.287267, 0.12922], [0.001744, 0.002672, 0.001767], [0.009806, -0.002267, -0.004895], [-0.677306, 0.514011, 3.252839], [0.059858, 0.28691, 0.141425], [0.00355, -0.001808, 0.001546], [0.008368, 0.008013, 0.006996], [-0.681492, -0.534411, 3.253175], [0.05436, -0.308319, 0.140713], [0.002532, 0.001205, 0.003192], [0.003404, 0.006379, 0.001672], [-0.20456, 0.091627, -1.316142], [0.118083, -0.080526, 0.147358], [0.003764, 0.015445, -0.002711], [0.000597, -0.005667, -0.016786], [-0.20534, -0.089895, -1.31752], [0.114508, 0.081333, 0.112702], [0.00721, -0.007212, -0.00179], [0.010236, 0.012544, 0.003339], [0.347479, -0.351728, -0.211469], [-0.128566, -0.299018, -0.081952], [-0.001773, 0.001264, 0.001485], [-0.00215, 0.002027, -0.011121], [0.347146, 0.353386, -0.20876], [-0.122501, 0.288497, -0.087165], [0.000606, 0.001384, 0.000751], [0.544883, 0.491867, -1.85102], [-0.083988, 0.041753, -0.049576], [0.007477, 0.000707, -1.7e-05], [-0.007556, -0.001975, 0.003375], [0.544934, -0.491393, -1.850561], [-0.084425, -0.040787, -0.050725], [-0.000106, -0.002464, -0.001747], [-0.002434, 0.000451, 0.0034], [-0.204025, 0.097814, -1.315837], [0.130013, -0.071271, 0.150349], [0.003881, 0.013261, 0.001222], [0.004321, -0.003885, 0.002973], [-0.20607, -0.094955, -1.316806], [0.142884, 0.053525, 0.184335], [-0.003045, 0.00415, -0.000997], [0.000346, 0.007091, 0.007644], [0.35075, -0.353531, -0.213193], [-0.153361, -0.28627, -0.122409], [-0.002865, -0.00546, 0.00301], [0.002296, 0.006227, -0.010981], [0.352379, 0.3576, -0.211456], [-0.132329, 0.255466, -0.144155], [-0.001474, -0.000834, 0.005603], [-0.005313, -0.01431, -0.004243], [0.552998, 0.474485, -1.847878], [-0.078847, 0.043818, -0.048218], [0.004692, -0.001454, 0.000871], [-0.005749, 0.001904, -0.003766], [0.552512, -0.474172, -1.849545], [-0.081428, -0.038847, -0.050284], [-0.000396, 0.008878, 0.000569], [-0.005121, -0.008612, 0.000151], [-0.001809, 0.005752, -0.012105]],
 "magmom": 0.7941268,
 "magmoms": [0.012, 0.011, -0.016, 0.095, -0.01, 0.011, -0.03, 0.1, -0.008, 0.019, -0.032, 0.035, 0.01, 0.02, -0.016, 0.037, 0.001, -0.0, 0.001, 0.17, 0.0, 0.0, 0.001, 0.178, 0.01, -0.001, -0.018, -0.018, 0.01, -0.001, -0.017, 0.0, 0.002, -0.0, 0.007, 0.0, 0.001, 0.001, 0.008, -0.007, 0.005, -0.0, 0.052, -0.007, 0.005, -0.0, 0.055, 0.011, 0.004, -0.006, -0.007, 0.01, 0.004, -0.005, -0.007, -0.001, 0.003, 0.008, 0.004, -0.001, 0.004, 0.008, 0.004, -0.02],
 "mtime": 18.97612015647818,
 "numbers": [77, 77, 77, 77, 77, 77, 77, 77, 77, 77, 77, 77, 77, 77, 77, 77, 8, 8, 8, 8, 8, 8, 8, 8, 8, 8, 8, 8, 8, 8, 8, 8, 8, 8, 8, 8, 8, 8, 8, 8, 8, 8, 8, 8, 8, 8, 8, 8, 8, 8, 8, 8, 8, 8, 8, 8, 8, 8, 8, 8, 8, 8, 8, 8],
 "pbc": [true, true, true],
 "positions": [[5.87714, 0.0, 7.5], [2.1446, 2.4415, 10.06613], [5.50946, 0.00349, 12.63468], [1.68008, 2.4039, 15.38138], [2.33024, 0.0, 7.5], [5.6915, 2.4415, 10.06613], [1.95979, 9.75934, 12.64037], [5.22759, 2.45867, 15.37791], [5.87714, 4.883, 7.5], [2.1446, 7.3245, 10.06613], [5.50641, 4.88684, 12.64289], [1.74206, 7.29243, 15.38713], [2.33024, 4.883, 7.5], [5.6915, 7.3245, 10.06613], [1.96248, 4.87767, 12.6375], [5.28914, 7.35378, 15.38364], [5.26566, 1.59752, 8.3871], [1.53318, 4.03902, 10.95302], [4.95518, 1.55393, 13.56657], [0.99233, 3.88079, 16.08921], [1.71883, 3.28558, 8.3871], [5.08008, 0.84408, 10.95323], [1.4113, 3.32748, 13.57093], [4.54273, 0.97595, 16.08133], [6.30298, 4.03902, 9.17903], [2.57051, 1.59752, 11.74516], [5.82867, 3.94512, 14.27604], [2.25148, 1.59711, 16.83826], [2.75601, 0.84408, 9.17882], [6.11734, 3.28558, 11.74495], [2.28383, 0.92951, 14.27504], [4.10369, 4.1295, 7.5], [0.37115, 1.688, 10.06613], [3.73144, 4.13579, 12.60259], [7.04964, 1.62928, 15.179], [0.55679, 0.7534, 7.5], [3.91805, 3.1949, 10.06613], [0.1847, 0.74652, 12.60165], [3.50043, 3.23473, 15.19653], [5.26566, 6.48052, 8.3871], [1.53318, 8.92202, 10.95302], [4.95833, 6.43778, 13.56792], [1.05024, 8.75478, 16.11318], [1.71883, 8.16858, 8.3871], [5.08008, 5.72708, 10.95323], [1.41171, 8.21015, 13.56798], [4.59848, 5.89308, 16.11315], [6.30298, 8.92202, 9.17903], [2.57051, 6.48052, 11.74516], [5.85674, 8.82028, 14.25778], [2.31799, 6.44972, 16.82765], [2.75601, 5.72708, 9.17882], [6.11734, 8.16858, 11.74495], [2.31217, 5.82828, 14.26064], [5.87162, 8.20237, 16.81775], [4.10369, 9.0125, 7.5], [0.37115, 6.571, 10.06613], [3.72901, 9.02381, 12.60857], [7.09261, 6.52517, 15.19058], [0.55679, 5.6364, 7.5], [3.91805, 8.0779, 10.06613], [0.18205, 5.62341, 12.61507], [3.54455, 8.12099, 15.19181], [5.8146, 3.25602, 16.83356]],
 "stress": [-0.0001698876368974164, 0.0017264700808196937, 0.003811477411866626, -0.00021607480442895253, -0.001099922428727029, 3.0689500371967985e-05],
 "unique_id": "8c3e268a27117ef54d0d678b68a7993f",
 "user": "raul_desktop"},
"ids": [1],
"nextid": 2}
