{"1": {
 "calculator": "unknown",
 "calculator_parameters": {"energy": -408.29513381},
 "cell": [[7.0938, 0.0, 0.0], [0.0, 9.766, 0.0], [0.0, 0.0, 24.334498828]],
 "constraints": [{"name": "FixAtoms", "kwargs": {"indices": [0, 1, 4, 5, 8, 9, 12, 13, 16, 17, 20, 21, 24, 25, 28, 29, 31, 32, 35, 36, 39, 40, 43, 44, 47, 48, 51, 52, 55, 56, 59, 60]}}],
 "ctime": 18.976120155432113,
 "energy": -408.29513381,
 "forces": [[-0.676902, 0.570731, 3.20703], [0.04036, 0.273481, 0.132799], [0.001786, 0.001829, 0.004376], [-0.013421, 0.008643, -0.001792], [-0.683346, -0.528914, 3.257684], [0.041342, -0.258306, 0.24162], [-0.000208, -0.004317, 0.00609], [0.006181, 0.005787, -0.005427], [-0.698202, 0.507921, 3.243196], [0.026672, 0.270058, 0.113053], [0.001384, -0.003567, 0.004002], [0.007613, -0.003446, -0.006666], [-0.664177, -0.55496, 3.215755], [0.052837, -0.249467, 0.111435], [0.001572, 0.000902, 0.000133], [-0.003647, -0.005984, -0.008786], [-0.205325, 0.080675, -1.330044], [0.13813, -0.031359, 0.15703], [0.010239, 0.01334, -0.001774], [0.006835, -0.008252, -0.001872], [-0.196612, -0.080536, -1.310777], [0.112021, 0.067299, 0.18083], [0.0053, 0.009933, 0.004246], [-0.000597, -0.034892, -0.030566], [0.355098, -0.345082, -0.196254], [-0.173387, -0.190895, -0.117176], [-0.01124, -0.000162, 0.006546], [0.004829, 0.006189, 0.00204], [0.349368, 0.346703, -0.218706], [-0.20078, 0.42527, 0.003868], [0.001764, -0.000799, -0.004351], [0.535333, 0.520571, -1.860965], [-0.069787, 0.04316, -0.050186], [-0.004665, 0.004181, 0.000118], [0.0101, -0.000616, 0.00416], [0.542141, -0.484919, -1.845472], [-0.068276, -0.027613, -0.069139], [-0.001333, 5.8e-05, 0.003474], [0.001555, -0.003383, -0.00789], [-0.159721, 0.093701, -1.294505], [0.077235, -0.02136, 0.26748], [-0.001766, -2e-06, -0.006623], [-0.003118, 0.007765, 0.001675], [-0.16611, -0.072819, -1.326678], [0.070294, -0.03996, 0.129748], [0.001676, 0.002844, -0.002587], [-0.002021, 0.006775, -0.002775], [0.328926, -0.379329, -0.225374], [-0.071376, -0.177295, -0.17324], [0.000901, 0.008926, -0.005519], [-0.003638, 0.00519, -0.000142], [0.339819, 0.362084, -0.190387], [-0.033578, -0.036642, -0.210114], [-0.000681, 0.002071, 0.002706], [-0.002833, 0.000164, 0.009525], [0.533748, 0.4688, -1.848478], [0.003698, 0.015119, -0.058852], [-0.013313, -0.007577, 0.002533], [-0.016853, -0.017791, 2.3e-05], [0.52515, -0.49237, -1.849325], [-0.110528, -0.025747, -0.026446], [-0.000218, -0.00133, 0.001942], [-0.014882, -0.0006, -0.007307], [-0.001071, -0.013606, 0.012944], [0.070542, -0.017161, -0.020973], [0.069162, -0.00911, -0.010891]],
 "magmom": -0.235751,
 "magmoms": [0.003, -0.002, 0.002, -0.053, 0.001, -0.005, 0.017, -0.039, -0.004, -0.008, 0.003, 0.0, -0.002, -0.001, -0.003, -0.005, 0.001, -0.0, 0.003, -0.066, -0.001, 0.001, 0.004, -0.077, -0.005, 0.0, 0.0, -0.016, -0.002, -0.001, 0.008, -0.0, 0.0, -0.008, 0.007, 0.0, -0.002, -0.0, -0.004, 0.0, -0.002, 0.003, -0.002, 0.004, -0.004, -0.001, -0.004, 0.004, -0.002, -0.001, 0.008, -0.006, -0.001, -0.001, -0.004, 0.0, -0.004, 0.002, -0.001, -0.0, 0.001, -0.001, 0.001, 0.042, 0.022, -0.0],
 "mtime": 18.976120155432113,
 "numbers": [77, 77, 77, 77, 77, 77, 77, 77, 77, 77, 77, 77, 77, 77, 77, 77, 8, 8, 8, 8, 8, 8, 8, 8, 8, 8, 8, 8, 8, 8, 8, 8, 8, 8, 8, 8, 8, 8, 8, 8, 8, 8, 8, 8, 8, 8, 8, 8, 8, 8, 8, 8, 8, 8, 8, 8, 8, 8, 8, 8, 8, 8, 8, 8, 8, 1],
 "pbc": [true, true, true],
 "positions": [[5.87714, 0.0, 7.5], [2.1446, 2.4415, 10.06613], [5.50606, 9.75616, 12.62858], [1.8055, 2.45937, 15.38057], [2.33024, 0.0, 7.5], [5.6915, 2.4415, 10.06613], [1.95017, 9.76602, 12.64172], [5.30574, 2.38456, 15.26779], [5.87714, 4.883, 7.5], [2.1446, 7.3245, 10.06613], [5.50635, 4.90476, 12.65071], [1.75485, 7.32201, 15.3873], [2.33024, 4.883, 7.5], [5.6915, 7.3245, 10.06613], [1.95483, 4.8809, 12.63982], [5.30357, 7.37416, 15.40557], [5.26566, 1.59752, 8.3871], [1.53318, 4.03902, 10.95302], [4.91661, 1.5915, 13.54411], [1.14419, 3.95621, 16.05321], [1.71883, 3.28558, 8.3871], [5.08008, 0.84408, 10.95323], [1.38461, 3.3217, 13.53708], [4.5824, 1.04507, 16.1879], [6.30298, 4.03902, 9.17903], [2.57051, 1.59752, 11.74516], [5.87775, 3.95313, 14.28903], [2.30254, 1.56528, 16.8327], [2.75601, 0.84408, 9.17882], [6.11734, 3.28558, 11.74495], [2.2906, 0.95585, 14.27766], [4.10369, 4.1295, 7.5], [0.37115, 1.688, 10.06613], [3.73159, 4.14223, 12.62397], [7.08568, 1.70325, 15.28765], [0.55679, 0.7534, 7.5], [3.91805, 3.1949, 10.06613], [0.17197, 0.75947, 12.62896], [3.53826, 3.25824, 15.17834], [5.26566, 6.48052, 8.3871], [1.53318, 8.92202, 10.95302], [4.95771, 6.44469, 13.56681], [1.05897, 8.76248, 16.15494], [1.71883, 8.16858, 8.3871], [5.08008, 5.72708, 10.95323], [1.40105, 8.21774, 13.58545], [4.58362, 5.91327, 16.09823], [6.30298, 8.92202, 9.17903], [2.57051, 6.48052, 11.74516], [5.84917, 8.83167, 14.27177], [2.32684, 6.43683, 16.81227], [2.75601, 5.72708, 9.17882], [6.11734, 8.16858, 11.74495], [2.29941, 5.83076, 14.25936], [5.85689, 8.21589, 16.8579], [4.10369, 9.0125, 7.5], [0.37115, 6.571, 10.06613], [3.72252, 9.03632, 12.62166], [7.08782, 6.54978, 15.21085], [0.55679, 5.6364, 7.5], [3.91805, 8.0779, 10.06613], [0.18425, 5.63055, 12.60244], [3.54514, 8.14036, 15.19961], [5.58237, 3.39563, 16.9325], [6.06825, 2.5547, 17.95991], [6.01496, 3.17689, 18.72094]],
 "stress": [-2.0066451839714675e-05, 0.0014017056364726103, 0.00462446518305855, 0.00021270438950097553, -0.0012773934992123934, 0.00016114952412117983],
 "unique_id": "8a0e9fb647131e4df1993edc05127c89",
 "user": "raul_desktop"},
"ids": [1],
"nextid": 2}
