{"1": {
 "calculator": "unknown",
 "calculator_parameters": {"energy": -408.4792891},
 "cell": [[7.0938, 0.0, 0.0], [0.0, 9.766, 0.0], [0.0, 0.0, 24.334498828]],
 "constraints": [{"name": "FixAtoms", "kwargs": {"indices": [0, 1, 4, 5, 8, 9, 12, 13, 16, 17, 20, 21, 24, 25, 28, 29, 31, 32, 35, 36, 39, 40, 43, 44, 47, 48, 51, 52, 55, 56, 59, 60]}}],
 "ctime": 18.976120155810833,
 "energy": -408.4792891,
 "forces": [[-0.666948, 0.54672, 3.217379], [0.037667, 0.278424, 0.16393], [-0.001143, 0.007663, 0.001609], [-0.003901, 0.00312, -0.005792], [-0.686956, -0.513072, 3.255489], [-0.017968, -0.280223, 0.175395], [-0.004239, 0.002068, -0.005819], [-0.006524, -0.00626, -0.005025], [-0.695787, 0.508996, 3.265837], [0.038774, 0.252409, 0.116927], [-0.004343, -0.005121, -0.008788], [0.001322, 0.008503, 0.007272], [-0.652209, -0.532763, 3.219058], [0.075576, -0.176009, 0.149666], [-0.001959, -0.004208, -0.006869], [0.005418, -0.000888, -0.006257], [-0.191938, 0.099783, -1.308436], [0.15728, -0.019513, 0.25285], [0.007674, 0.007807, -0.009105], [-0.01246, -0.005693, 0.011047], [-0.220392, -0.090948, -1.318173], [0.17534, 0.061376, 0.069906], [0.006104, -0.017789, 0.001494], [0.032182, -0.014136, 0.000266], [0.353115, -0.324036, -0.208615], [-0.151518, -0.23272, -0.135338], [-0.001632, -0.00343, 0.004823], [-0.003461, -0.010253, 0.004846], [0.3542, 0.362092, -0.21917], [-0.132782, 0.316818, -0.038963], [0.001704, 0.000884, 0.003748], [0.542098, 0.50038, -1.857214], [-0.080797, 0.029355, -0.050044], [-0.009348, -0.007962, -0.001878], [0.010446, 0.004659, -0.00807], [0.539114, -0.502682, -1.847735], [-0.055093, -0.028694, -0.065757], [-0.013232, 0.01125, -0.004619], [0.00417, -0.00719, 0.00512], [-0.156554, 0.080011, -1.351399], [0.072478, -0.022188, 0.207012], [-0.003561, 0.014031, 0.016311], [-0.006242, 0.0018, -0.003503], [-0.179165, -0.082519, -1.326327], [0.10877, 0.004321, 0.14767], [0.002485, -0.006572, -0.0014], [-0.011681, -0.044402, 0.010932], [0.337728, -0.399887, -0.19938], [-0.091693, -0.24586, -0.103845], [0.015242, 0.002914, 0.010338], [-0.006718, -0.003285, 0.003983], [0.349421, 0.360973, -0.204459], [-0.03623, 0.110842, -0.177438], [-0.005272, -0.001643, 0.029143], [-0.019071, -0.004612, 0.003457], [0.531788, 0.477539, -1.85088], [-0.025309, -0.005568, -0.043265], [0.005567, -0.003289, -0.000738], [-0.025034, 0.008934, 0.009631], [0.5287, -0.502394, -1.853659], [-0.091799, -0.052349, -0.036778], [0.007568, 0.006348, -0.016909], [-0.007697, -0.007659, 0.000798], [-0.015908, 0.020165, 0.004931], [0.016294, 0.001267, -0.029322], [-0.021661, 0.074368, -0.0599]],
 "magmom": -0.0006343,
 "magmoms": [0.0, -0.0, -0.0, 0.0, -0.0, -0.0, -0.0, 0.0, -0.0, 0.0, -0.0, -0.0, 0.0, 0.0, 0.0, -0.0, 0.0, -0.0, -0.0, 0.0, 0.0, -0.0, -0.0, 0.001, -0.0, -0.0, 0.0, 0.0, 0.0, -0.0, -0.0, -0.0, -0.0, 0.0, -0.0, 0.0, 0.0, 0.0, 0.0, -0.0, 0.0, -0.0, -0.0, -0.0, 0.0, 0.0, -0.0, -0.0, 0.0, 0.0, 0.0, 0.0, 0.0, 0.0, 0.0, -0.0, -0.0, -0.0, -0.0, -0.0, -0.0, -0.0, -0.0, -0.001, -0.0, -0.0],
 "mtime": 18.976120155810833,
 "numbers": [77, 77, 77, 77, 77, 77, 77, 77, 77, 77, 77, 77, 77, 77, 77, 77, 8, 8, 8, 8, 8, 8, 8, 8, 8, 8, 8, 8, 8, 8, 8, 8, 8, 8, 8, 8, 8, 8, 8, 8, 8, 8, 8, 8, 8, 8, 8, 8, 8, 8, 8, 8, 8, 8, 8, 8, 8, 8, 8, 8, 8, 8, 8, 8, 8, 1],
 "pbc": [true, true, true],
 "positions": [[5.87714, 0.0, 7.5], [2.1446, 2.4415, 10.06613], [5.51681, 0.00143, 12.63357], [1.84922, 2.40751, 15.40187], [2.33024, 0.0, 7.5], [5.6915, 2.4415, 10.06613], [1.9692, 9.76052, 12.63486], [5.37791, 2.36738, 15.26374], [5.87714, 4.883, 7.5], [2.1446, 7.3245, 10.06613], [5.51161, 4.89712, 12.64088], [1.68798, 7.2985, 15.38332], [2.33024, 4.883, 7.5], [5.6915, 7.3245, 10.06613], [1.96269, 4.87668, 12.64732], [5.2426, 7.37179, 15.34655], [5.26566, 1.59752, 8.3871], [1.53318, 4.03902, 10.95302], [4.89623, 1.59375, 13.50204], [1.13843, 3.88203, 16.07867], [1.71883, 3.28558, 8.3871], [5.08008, 0.84408, 10.95323], [1.42986, 3.31593, 13.55552], [4.67369, 0.96914, 16.08487], [6.30298, 4.03902, 9.17903], [2.57051, 1.59752, 11.74516], [5.87914, 3.92086, 14.2775], [2.30898, 1.50763, 16.85146], [2.75601, 0.84408, 9.17882], [6.11734, 3.28558, 11.74495], [2.36869, 0.93768, 14.26931], [4.10369, 4.1295, 7.5], [0.37115, 1.688, 10.06613], [3.73626, 4.14219, 12.62671], [0.07268, 1.6502, 15.19031], [0.55679, 0.7534, 7.5], [3.91805, 3.1949, 10.06613], [0.18626, 0.76176, 12.62949], [3.59274, 3.23637, 15.29568], [5.26566, 6.48052, 8.3871], [1.53318, 8.92202, 10.95302], [4.9562, 6.43211, 13.60659], [0.98523, 8.76351, 16.10456], [1.71883, 8.16858, 8.3871], [5.08008, 5.72708, 10.95323], [1.41071, 8.21759, 13.57464], [4.5168, 5.88381, 16.13259], [6.30298, 8.92202, 9.17903], [2.57051, 6.48052, 11.74516], [5.85004, 8.86666, 14.27956], [2.23975, 6.4927, 16.84902], [2.75601, 5.72708, 9.17882], [6.11734, 8.16858, 11.74495], [2.29537, 5.8231, 14.27516], [5.84764, 8.12966, 16.81534], [4.10369, 9.0125, 7.5], [0.37115, 6.571, 10.06613], [3.73576, 9.01966, 12.60364], [7.05766, 6.51385, 15.16645], [0.55679, 5.6364, 7.5], [3.91805, 8.0779, 10.06613], [0.18736, 5.62562, 12.61291], [3.50331, 8.13497, 15.19247], [6.04269, 3.20834, 16.94836], [5.39759, 4.18729, 17.61102], [4.98613, 4.93269, 16.89295]],
 "stress": [0.0002366218524713602, 0.0011949930957324828, 0.004378799383863785, 0.00022113666833004385, -0.000597998989350875, 0.0001300730501834071],
 "unique_id": "38e9a16c61c9c858b6709ba3b0ac8cda",
 "user": "raul_desktop"},
"ids": [1],
"nextid": 2}
