{"1": {
 "calculator": "unknown",
 "calculator_parameters": {"energy": -542.51309398},
 "cell": [[9.3927, 0.0, 0.0], [0.0, 8.72335, 0.0], [0.0, 0.0, 27.0937]],
 "constraints": [{"name": "FixAtoms", "kwargs": {"indices": [0, 1, 2, 3, 4, 5, 6, 7, 8, 9, 10, 11, 12, 13, 14, 15, 16, 17, 18, 19, 34, 35, 36, 37, 38, 39, 40, 41, 42, 43, 44, 45, 46, 47, 48, 49, 50, 51, 52, 53, 68, 69, 70, 71, 72, 73, 78, 79, 80, 81, 82, 83]}}],
 "ctime": 18.976128492099534,
 "energy": -542.51309398,
 "forces": [[1.458492, 0.140383, 1.793166], [1.459217, -0.138414, 1.794716], [-0.98406, 2.014829, 1.513577], [-0.983164, -2.011954, 1.513495], [0.2756, 0.00122, 0.316223], [0.09399, 0.001672, 0.565629], [-0.056422, 0.029516, 0.223161], [-0.058564, -0.026758, 0.224148], [0.277914, -0.103437, 0.466124], [0.276756, 0.105746, 0.464409], [0.142702, 0.002056, 0.193436], [-0.094753, -0.00014, -0.226457], [-0.050661, -0.016733, -0.00471], [-0.049892, 0.022282, -0.008689], [-0.079114, 0.074611, 0.033221], [-0.078087, -0.078063, 0.042162], [0.00842, -0.00231, 0.122206], [0.084625, -0.003023, -0.153262], [-0.068961, -0.200383, -0.134845], [-0.076924, 0.197962, -0.136502], [-0.002144, -0.001652, 0.00955], [0.003726, -0.004031, 0.000767], [0.002974, -0.001349, -0.001448], [-0.007151, -0.004718, -0.00894], [0.003876, -0.000484, -0.001565], [0.000622, 0.000656, 0.004284], [0.00182, 0.005771, 0.012546], [0.012167, 0.009541, -0.010626], [-0.003308, -0.005577, -9.2e-05], [-0.004235, 0.003878, -0.001574], [0.002232, 0.000309, -0.018459], [-0.001446, 0.002447, 0.001146], [-0.006473, -0.011096, -0.003848], [0.007424, -0.002472, -0.007741], [1.45906, 0.140005, 1.794396], [1.458958, -0.138578, 1.793534], [-0.983543, 2.014758, 1.514052], [-0.983578, -2.013385, 1.513694], [0.276106, 0.001248, 0.315611], [0.094527, 0.00127, 0.56557], [-0.058344, 0.029169, 0.224166], [-0.057106, -0.028383, 0.223944], [0.276745, -0.10393, 0.464057], [0.277671, 0.105715, 0.4665], [0.143285, 0.001526, 0.192667], [-0.094318, 0.002076, -0.225262], [-0.053038, -0.024268, -0.00731], [-0.046667, 0.020754, -0.001041], [-0.077608, 0.075448, 0.036224], [-0.07578, -0.075491, 0.038197], [0.009971, -0.002665, 0.121077], [0.083157, -0.003737, -0.155348], [-0.047323, -0.200013, -0.158239], [-0.052829, 0.19858, -0.176742], [0.000353, 0.003302, 0.001184], [0.00135, 0.002235, 0.001669], [0.007412, -0.000381, -0.003006], [0.00148, -0.002065, -0.001652], [-0.006321, -0.006356, -0.011631], [-5.2e-05, -0.003467, 0.002846], [0.00058, -0.002098, -0.000303], [-0.005927, -0.010015, 0.0006], [-0.002309, 0.002059, -0.002142], [-0.001689, -0.010087, 0.009818], [-0.007997, 0.013831, -0.002101], [-0.005903, 0.002675, -0.003552], [-0.004557, -0.006862, 0.007262], [0.007268, 0.004862, -0.001586], [-0.915712, -2.550202, -4.514133], [-0.915339, 2.545898, -4.514118], [0.089959, 0.124836, 0.137893], [0.090921, -0.121382, 0.139749], [0.055416, -0.017466, 0.10211], [0.060315, 0.010653, 0.110482], [0.005296, 0.007742, -0.009876], [-0.013728, 0.004861, -0.000679], [0.005508, -0.006839, -0.006487], [0.010378, -0.003728, -0.004799], [-0.915731, -2.548438, -4.513145], [-0.917441, 2.549966, -4.514269], [0.09101, 0.126352, 0.135581], [0.090803, -0.122798, 0.137249], [0.059699, -0.000641, 0.100361], [0.05449, 0.004275, 0.094869], [-0.001777, -0.000236, 0.004359], [0.006718, 0.002286, -0.00974], [0.004203, 0.006282, 0.009447], [0.014781, 0.000563, 0.002782]],
 "magmom": 3.4662568,
 "magmoms": [0.629, 0.628, 0.271, 0.274, -0.138, -0.093, -0.101, -0.101, -0.028, -0.029, 0.035, 0.02, 0.019, 0.019, 0.013, 0.012, -0.014, -0.012, 0.009, 0.01, 0.014, 0.011, -0.023, 0.005, 0.003, 0.008, 0.005, 0.01, 0.01, -0.002, -0.258, -0.236, 0.17, 0.147, 0.629, 0.629, 0.273, 0.271, -0.138, -0.093, -0.1, -0.101, -0.029, -0.028, 0.035, 0.02, 0.019, 0.019, 0.012, 0.013, -0.014, -0.012, 0.011, 0.009, 0.011, 0.013, -0.021, 0.006, 0.009, -0.001, 0.009, 0.006, 0.008, -0.003, -0.239, -0.238, 0.157, 0.172, 0.064, 0.064, 0.003, 0.004, 0.005, 0.008, 0.012, 0.023, -0.05, -0.048, 0.064, 0.064, 0.004, 0.003, 0.007, 0.008, 0.026, 0.009, -0.044, -0.035],
 "mtime": 18.976128492099534,
 "numbers": [8, 8, 8, 8, 8, 8, 8, 8, 8, 8, 8, 8, 8, 8, 8, 8, 8, 8, 8, 8, 8, 8, 8, 8, 8, 8, 8, 8, 8, 8, 8, 8, 8, 8, 8, 8, 8, 8, 8, 8, 8, 8, 8, 8, 8, 8, 8, 8, 8, 8, 8, 8, 8, 8, 8, 8, 8, 8, 8, 8, 8, 8, 8, 8, 8, 8, 8, 8, 77, 77, 77, 77, 77, 77, 77, 77, 77, 77, 77, 77, 77, 77, 77, 77, 77, 77, 77, 77],
 "pbc": [true, true, true],
 "positions": [[1.84444, 2.83282, 7.50008], [1.84444, 5.89053, 7.50008], [4.19253, 1.52885, 7.85311], [4.19253, 7.1945, 7.85311], [4.04205, 4.36167, 8.00348], [2.34808, 4.36167, 9.69738], [2.19761, 1.52885, 9.84802], [2.19761, 7.1945, 9.84802], [4.54579, 2.83282, 10.20132], [4.54579, 5.89053, 10.20132], [4.69635, 0.0, 10.35169], [1.69388, 0.0, 12.04532], [1.84444, 2.83282, 12.19623], [1.84444, 5.89053, 12.19623], [4.19253, 1.52885, 12.54926], [4.19253, 7.1945, 12.54926], [4.04205, 4.36167, 12.69963], [2.34808, 4.36167, 14.39407], [2.19761, 1.52885, 14.54444], [2.19761, 7.1945, 14.54444], [4.5441, 2.8173, 14.91069], [4.54107, 5.90197, 14.91441], [4.68835, 8.72095, 15.12552], [1.72441, 8.72213, 16.73702], [1.90234, 2.83705, 16.82805], [1.90319, 5.8888, 16.8261], [4.25446, 1.56017, 17.32018], [4.2661, 7.156, 17.33025], [3.91435, 4.37508, 17.33036], [2.31856, 4.3615, 19.13543], [2.13554, 1.64704, 19.09149], [2.13531, 7.07563, 19.08059], [4.53936, 2.96823, 19.57348], [4.53302, 5.75435, 19.60405], [6.54079, 2.83282, 7.50008], [6.54079, 5.89053, 7.50008], [8.88888, 1.52885, 7.85311], [8.88888, 7.1945, 7.85311], [8.7384, 4.36167, 8.00348], [7.04443, 4.36167, 9.69738], [6.89396, 1.52885, 9.84802], [6.89396, 7.1945, 9.84802], [9.24214, 2.83282, 10.20132], [9.24214, 5.89053, 10.20132], [0.0, 0.0, 10.35169], [6.39023, 0.0, 12.04532], [6.54079, 2.83282, 12.19623], [6.54079, 5.89053, 12.19623], [8.88888, 1.52885, 12.54926], [8.88888, 7.1945, 12.54926], [8.7384, 4.36167, 12.69963], [7.04443, 4.36167, 14.39407], [6.89396, 1.52885, 14.54444], [6.89396, 7.1945, 14.54444], [9.23878, 2.81842, 14.9122], [9.23799, 5.90267, 14.91343], [9.38254, 8.72087, 15.12367], [6.42534, 8.72254, 16.73454], [6.60023, 2.83685, 16.82639], [6.60792, 5.88152, 16.8188], [8.95099, 1.55904, 17.32432], [8.95161, 7.15969, 17.32599], [8.62843, 4.35833, 17.35013], [7.01661, 4.35816, 19.1368], [6.81455, 1.64889, 19.07954], [6.7997, 7.06319, 19.06975], [9.2247, 2.93707, 19.59903], [9.21712, 5.78493, 19.60173], [3.19502, 2.83212, 8.8507], [3.19502, 5.89131, 8.8507], [0.84685, 1.52955, 11.19864], [0.84685, 7.1938, 11.19864], [3.19502, 2.83212, 13.54685], [3.19502, 5.89131, 13.54685], [0.86658, 1.54464, 15.91477], [0.86786, 7.17367, 15.91675], [3.25436, 2.82048, 18.36786], [3.26658, 5.90306, 18.37975], [7.89146, 2.83212, 8.8507], [7.89146, 5.89131, 8.8507], [5.5432, 1.52955, 11.19864], [5.5432, 7.1938, 11.19864], [7.89146, 2.83212, 13.54685], [7.89146, 5.89131, 13.54685], [5.56568, 1.54608, 15.91515], [5.56659, 7.17337, 15.91564], [7.95446, 2.8141, 18.37681], [7.94986, 5.90216, 18.37531]],
 "stress": [0.00666236784473244, 0.007373200836061032, 0.006791161385545041, -2.4254504463182343e-05, 0.0017595937697507562, 2.06157046427924e-05],
 "unique_id": "2c65c745f8206a7e605837b33be99f98",
 "user": "raul_desktop"},
"ids": [1],
"nextid": 2}
