{"1": {
 "calculator": "unknown",
 "calculator_parameters": {"energy": -547.8006741},
 "cell": [[9.3927, 0.0, 0.0], [0.0, 8.72335, 0.0], [0.0, 0.0, 27.0937]],
 "constraints": [{"name": "FixAtoms", "kwargs": {"indices": [0, 1, 2, 3, 4, 5, 6, 7, 8, 9, 10, 11, 12, 13, 14, 15, 16, 17, 18, 19, 34, 35, 36, 37, 38, 39, 40, 41, 42, 43, 44, 45, 46, 47, 48, 49, 50, 51, 52, 53, 68, 69, 70, 71, 72, 73, 78, 79, 80, 81, 82, 83]}}],
 "ctime": 18.976128492400843,
 "energy": -547.8006741,
 "forces": [[1.459861, 0.139052, 1.790225], [1.475981, -0.137201, 1.80805], [-0.97902, 2.013381, 1.51008], [-0.972931, -2.009185, 1.509804], [0.277927, -0.003336, 0.319619], [0.094393, 0.001729, 0.568647], [-0.056637, 0.027233, 0.226884], [-0.04481, -0.018938, 0.229089], [0.272936, -0.112627, 0.454026], [0.272245, 0.118966, 0.461206], [0.135629, 0.000547, 0.197669], [-0.086359, 0.007645, -0.206403], [-0.061057, -0.026961, 0.030302], [-0.056279, 0.026455, -0.01242], [-0.073845, 0.057246, 0.051119], [-0.086456, -0.082864, 0.058617], [0.008465, -0.009494, 0.114384], [0.062642, -0.016308, -0.096873], [-0.015622, -0.18283, -0.104079], [-0.016308, 0.137796, -0.219159], [-0.012999, -0.00428, -0.004323], [-0.002716, 0.00141, 0.003355], [-0.001627, 0.005508, 0.000177], [0.000354, -0.003244, -0.007889], [-0.000638, -0.007087, 0.00317], [0.008859, 0.007588, 0.001153], [0.000106, -0.005186, -0.006515], [0.00167, -0.001201, -0.000993], [0.003063, -0.002902, -0.001678], [0.005514, -0.003049, 0.001088], [0.001424, -0.008279, 0.000583], [0.003281, -0.007401, 0.001939], [0.002066, 0.006185, 0.00115], [0.005625, -9.6e-05, 0.000888], [1.467023, 0.141447, 1.793747], [1.478703, -0.138183, 1.809026], [-0.982605, 2.02225, 1.517015], [-0.96927, -1.999842, 1.507882], [0.2832, 0.004078, 0.319842], [0.098404, -0.001673, 0.570938], [-0.03954, 0.045075, 0.221611], [-0.055187, -0.035291, 0.225821], [0.280957, -0.109474, 0.465088], [0.264517, 0.109307, 0.446014], [0.121539, -0.016609, 0.193202], [-0.098032, 6.7e-05, -0.225379], [-0.090605, -0.070814, -0.026315], [-0.0286, -0.01445, 0.041027], [-0.078839, 0.043467, 0.041791], [-0.070363, -0.038077, 0.044363], [0.014009, -0.006087, 0.106589], [0.069519, -0.020313, -0.14808], [-0.212015, -0.305568, 0.001253], [-0.046088, 0.183458, -0.152868], [0.007164, -0.010025, 0.000258], [0.003679, -0.003953, 0.000676], [-0.002745, 0.00846, 0.013906], [0.00061, -0.000881, -0.001481], [0.003146, -0.002456, -0.001479], [0.004259, -0.002915, 0.004504], [0.011155, 0.003206, -0.007108], [0.002307, -0.000553, 0.002979], [-0.003295, -0.000346, -0.003482], [0.002314, -0.002584, -0.000393], [-0.012725, -0.002667, 0.006725], [0.004367, 0.002204, -0.003038], [0.001051, -0.000547, -0.001832], [0.00167, -0.010393, 0.004325], [-0.918542, -2.543752, -4.505915], [-0.951668, 2.535704, -4.536413], [0.102711, 0.151719, 0.10451], [0.090557, -0.152135, 0.138288], [0.0702, 0.085555, -0.044428], [0.140484, 0.040816, 0.075868], [-0.002248, 0.000955, 0.001906], [-0.005229, -0.000784, -0.00172], [-0.001714, 0.005871, -0.001901], [-0.003394, -0.008265, 0.001283], [-0.939001, -2.569745, -4.528916], [-0.948081, 2.52678, -4.51917], [0.076286, 0.155976, 0.141967], [0.106298, -0.096788, 0.135407], [0.070106, 0.154385, 0.062774], [0.022418, 0.028022, 0.059226], [0.004688, -0.001438, -0.000846], [0.005574, -0.000748, -0.002811], [0.004103, 0.006988, -0.009341], [0.009199, -0.001786, -0.006292], [0.012834, 0.005079, -0.013498]],
 "magmom": 4.827594,
 "magmoms": [0.623, 0.611, 0.276, 0.296, -0.14, -0.093, -0.1, -0.106, -0.03, -0.032, 0.036, 0.016, 0.016, 0.021, 0.001, -0.002, -0.007, -0.015, 0.001, -0.017, -0.011, 0.003, 0.026, -0.002, -0.022, 0.008, 0.005, -0.015, -0.021, -0.008, 0.174, 0.302, -0.003, 0.004, 0.619, 0.61, 0.28, 0.302, -0.138, -0.094, -0.112, -0.109, -0.034, -0.036, 0.034, 0.019, 0.02, 0.019, 0.015, 0.011, -0.009, -0.012, -0.021, -0.024, -0.003, -0.006, 0.029, 0.006, -0.016, 0.037, -0.011, 0.004, -0.012, -0.002, 0.24, 0.301, -0.111, -0.182, 0.063, 0.061, 0.002, -0.007, 0.004, -0.016, -0.017, -0.012, 0.117, 0.146, 0.062, 0.059, -0.017, -0.002, -0.007, -0.011, -0.047, 0.017, 0.068, 0.064, 0.001],
 "mtime": 18.976128492400843,
 "numbers": [8, 8, 8, 8, 8, 8, 8, 8, 8, 8, 8, 8, 8, 8, 8, 8, 8, 8, 8, 8, 8, 8, 8, 8, 8, 8, 8, 8, 8, 8, 8, 8, 8, 8, 8, 8, 8, 8, 8, 8, 8, 8, 8, 8, 8, 8, 8, 8, 8, 8, 8, 8, 8, 8, 8, 8, 8, 8, 8, 8, 8, 8, 8, 8, 8, 8, 8, 8, 77, 77, 77, 77, 77, 77, 77, 77, 77, 77, 77, 77, 77, 77, 77, 77, 77, 77, 77, 77, 1],
 "pbc": [true, true, true],
 "positions": [[1.84444, 2.83282, 7.50008], [1.84444, 5.89053, 7.50008], [4.19253, 1.52885, 7.85311], [4.19253, 7.1945, 7.85311], [4.04205, 4.36167, 8.00348], [2.34808, 4.36167, 9.69738], [2.19761, 1.52885, 9.84802], [2.19761, 7.1945, 9.84802], [4.54579, 2.83282, 10.20132], [4.54579, 5.89053, 10.20132], [4.69635, 0.0, 10.35169], [1.69388, 0.0, 12.04532], [1.84444, 2.83282, 12.19623], [1.84444, 5.89053, 12.19623], [4.19253, 1.52885, 12.54926], [4.19253, 7.1945, 12.54926], [4.04205, 4.36167, 12.69963], [2.34808, 4.36167, 14.39407], [2.19761, 1.52885, 14.54444], [2.19761, 7.1945, 14.54444], [4.54411, 2.82698, 14.90632], [4.53552, 5.90493, 14.92258], [4.68607, 8.71986, 15.12345], [1.72569, 8.7105, 16.73242], [1.80826, 2.87027, 16.88917], [1.92514, 5.89987, 16.82968], [4.20309, 1.6005, 17.28727], [4.29003, 7.17124, 17.35499], [3.98072, 4.40228, 17.40807], [2.35056, 4.3885, 19.15772], [2.12651, 1.74694, 19.29119], [2.16061, 7.05863, 19.09741], [4.58006, 2.87102, 19.57827], [4.57016, 5.81805, 19.67843], [6.54079, 2.83282, 7.50008], [6.54079, 5.89053, 7.50008], [8.88888, 1.52885, 7.85311], [8.88888, 7.1945, 7.85311], [8.7384, 4.36167, 8.00348], [7.04443, 4.36167, 9.69738], [6.89396, 1.52885, 9.84802], [6.89396, 7.1945, 9.84802], [9.24214, 2.83282, 10.20132], [9.24214, 5.89053, 10.20132], [0.0, 0.0, 10.35169], [6.39023, 0.0, 12.04532], [6.54079, 2.83282, 12.19623], [6.54079, 5.89053, 12.19623], [8.88888, 1.52885, 12.54926], [8.88888, 7.1945, 12.54926], [8.7384, 4.36167, 12.69963], [7.04443, 4.36167, 14.39407], [6.89396, 1.52885, 14.54444], [6.89396, 7.1945, 14.54444], [9.23392, 2.81303, 14.91014], [9.23723, 5.89621, 14.91237], [9.38871, 8.68144, 15.10763], [6.41384, 0.01547, 16.74547], [6.58904, 2.8311, 16.83738], [6.60949, 5.88987, 16.82557], [8.93782, 1.51471, 17.30052], [8.95945, 7.13829, 17.31782], [8.607, 4.32384, 17.30842], [7.0398, 4.32278, 19.13549], [6.88803, 1.60184, 19.09789], [6.84941, 7.03786, 19.10203], [9.28661, 2.951, 19.54606], [9.25474, 5.71995, 19.54847], [3.19502, 2.83212, 8.8507], [3.19502, 5.89131, 8.8507], [0.84685, 1.52955, 11.19864], [0.84685, 7.1938, 11.19864], [3.19502, 2.83212, 13.54685], [3.19502, 5.89131, 13.54685], [0.85705, 1.51284, 15.89015], [0.87784, 7.14891, 15.92058], [3.12231, 2.80135, 18.28756], [3.32713, 5.90116, 18.41648], [7.89146, 2.83212, 8.8507], [7.89146, 5.89131, 8.8507], [5.5432, 1.52955, 11.19864], [5.5432, 7.1938, 11.19864], [7.89146, 2.83212, 13.54685], [7.89146, 5.89131, 13.54685], [5.55984, 1.55755, 15.91603], [5.56552, 7.18423, 15.91926], [7.98273, 2.7751, 18.36068], [7.95699, 5.86227, 18.35845], [4.56748, 3.72553, 20.06694]],
 "stress": [0.005856557809035283, 0.006722080362539766, 0.0067284654263755446, -1.458016531806329e-05, 0.0019199006901399421, -0.00034262140195623553],
 "unique_id": "b87a9220f3c110fada0a9c4475428ea6",
 "user": "raul_desktop"},
"ids": [1],
"nextid": 2}
