{"1": {
 "calculator": "unknown",
 "calculator_parameters": {"energy": -552.24636717},
 "cell": [[9.3927, 0.0, 0.0], [0.0, 8.72335, 0.0], [0.0, 0.0, 27.0937]],
 "constraints": [{"name": "FixAtoms", "kwargs": {"indices": [0, 1, 2, 3, 4, 5, 6, 7, 8, 9, 10, 11, 12, 13, 14, 15, 16, 17, 18, 19, 34, 35, 36, 37, 38, 39, 40, 41, 42, 43, 44, 45, 46, 47, 48, 49, 50, 51, 52, 53, 69, 70, 71, 72, 73, 74, 79, 80, 81, 82, 83, 84]}}],
 "ctime": 18.976128491081607,
 "energy": -552.24636717,
 "forces": [[1.444491, 0.137111, 1.776087], [1.474503, -0.135027, 1.811978], [-0.991405, 2.031935, 1.521306], [-0.975648, -2.01335, 1.514486], [0.275576, -0.015066, 0.320946], [0.091751, -0.002416, 0.571494], [-0.056931, 0.04235, 0.225009], [-0.062108, -0.010804, 0.244348], [0.286903, -0.11157, 0.477952], [0.275424, 0.124352, 0.466824], [0.13667, -0.007392, 0.19447], [-0.083534, 0.004714, -0.203409], [-0.063972, -0.038066, 0.018709], [-0.059934, 0.03464, -0.009937], [-0.0718, 0.044915, 0.047987], [-0.080916, -0.073278, 0.064849], [0.009608, -0.033578, 0.111032], [0.062887, -0.023463, -0.094387], [-0.047589, -0.239386, -0.092778], [-0.016717, 0.128349, -0.233557], [0.002604, 0.003826, -3.8e-05], [-0.000286, 0.000595, -0.000722], [-0.004086, -0.003321, -0.001803], [0.00958, 0.004315, 0.005941], [-0.009056, 0.005392, -0.003267], [-0.00046, -0.003059, -0.005125], [-0.004751, -5.8e-05, -0.002967], [0.005024, 0.001289, 0.00205], [-0.003517, -0.003208, -0.006198], [-0.004591, -0.003449, 0.00664], [0.002568, -0.006814, -0.007505], [0.000294, -0.001973, -0.001025], [-0.004905, -0.000552, 0.013753], [0.001375, -0.004205, -0.00311], [1.461367, 0.143502, 1.791578], [1.468339, -0.138002, 1.802104], [-0.986594, 2.030564, 1.520405], [-0.979883, -2.014506, 1.514604], [0.279104, 0.009906, 0.321747], [0.091129, -1.2e-05, 0.569535], [-0.042908, 0.047915, 0.221667], [-0.04888, -0.043544, 0.223815], [0.28744, -0.105551, 0.471565], [0.271873, 0.102217, 0.452493], [0.120547, -0.016629, 0.192321], [-0.098364, 0.00533, -0.220271], [-0.101846, -0.081072, -0.054114], [-0.02313, -0.044926, 0.024715], [-0.076316, 0.038577, 0.032593], [-0.053294, -0.04938, 0.039734], [0.00965, -0.018375, 0.110952], [0.074124, -0.032811, -0.143373], [-0.161078, -0.31287, -0.027829], [-0.034442, 0.156286, -0.136778], [0.002693, -0.001789, -0.002036], [0.002374, 0.000411, 0.005231], [-0.003409, 0.001152, 0.000405], [-0.001471, 0.000352, 0.001863], [0.003913, 0.005206, -0.004425], [0.00448, -0.000278, -0.005366], [0.00419, -0.003898, -0.00586], [-0.001348, 0.001584, 0.008488], [0.004383, 0.000561, 0.001846], [-0.003078, 0.001066, -0.002896], [0.004439, -0.001689, 0.001121], [-0.010117, 0.005016, 0.000528], [-0.003964, 0.001342, -0.003369], [0.000836, 0.002686, -0.002816], [0.014896, 0.004813, -0.006346], [-0.893486, -2.574053, -4.527696], [-0.938963, 2.537796, -4.553483], [0.099871, 0.159495, 0.113859], [0.098391, -0.145716, 0.127484], [0.097473, 0.142355, -0.013275], [0.146572, 0.021315, 0.066821], [-0.001498, -0.000242, 0.000117], [0.001661, 0.0015, -0.002128], [0.001137, -0.002298, 0.00395], [-0.001933, 0.006031, -0.005142], [-0.928483, -2.595616, -4.536961], [-0.922307, 2.554182, -4.533429], [0.080016, 0.175279, 0.132866], [0.092816, -0.098367, 0.125987], [0.066859, 0.173187, 0.101553], [-0.024837, 0.106556, 0.076033], [0.000805, -0.001292, -0.002418], [-0.0036, -0.000829, 0.002251], [0.003369, 0.000944, 0.002336], [0.008044, 0.000388, 0.0011], [0.005383, 0.012489, -0.003689]],
 "magmom": 4.5576598,
 "magmoms": [0.638, 0.616, 0.236, 0.289, -0.138, -0.092, -0.095, -0.104, -0.024, -0.033, 0.033, 0.012, 0.022, 0.023, 0.004, 0.001, -0.01, -0.016, -0.006, -0.011, -0.004, 0.005, 0.024, -0.005, -0.001, -0.001, 0.003, -0.01, -0.021, -0.012, 0.155, 0.335, -0.061, -0.005, 0.626, 0.623, 0.262, 0.267, -0.137, -0.093, -0.108, -0.105, -0.031, -0.031, 0.032, 0.017, 0.02, 0.019, 0.014, 0.015, -0.008, -0.013, -0.017, -0.024, 0.001, -0.007, 0.01, 0.001, -0.006, 0.031, -0.001, 0.003, -0.008, -0.004, 0.207, 0.202, -0.108, -0.151, -0.04, 0.062, 0.063, 0.008, -0.006, 0.002, -0.014, -0.019, -0.022, 0.083, 0.165, 0.063, 0.058, -0.01, -0.004, -0.013, -0.006, -0.025, 0.003, 0.066, 0.023, 0.0],
 "mtime": 18.976128491081607,
 "numbers": [8, 8, 8, 8, 8, 8, 8, 8, 8, 8, 8, 8, 8, 8, 8, 8, 8, 8, 8, 8, 8, 8, 8, 8, 8, 8, 8, 8, 8, 8, 8, 8, 8, 8, 8, 8, 8, 8, 8, 8, 8, 8, 8, 8, 8, 8, 8, 8, 8, 8, 8, 8, 8, 8, 8, 8, 8, 8, 8, 8, 8, 8, 8, 8, 8, 8, 8, 8, 8, 77, 77, 77, 77, 77, 77, 77, 77, 77, 77, 77, 77, 77, 77, 77, 77, 77, 77, 77, 77, 1],
 "pbc": [true, true, true],
 "positions": [[1.84444, 2.83282, 7.50008], [1.84444, 5.89053, 7.50008], [4.19253, 1.52885, 7.85311], [4.19253, 7.1945, 7.85311], [4.04205, 4.36167, 8.00348], [2.34808, 4.36167, 9.69738], [2.19761, 1.52885, 9.84802], [2.19761, 7.1945, 9.84802], [4.54579, 2.83282, 10.20132], [4.54579, 5.89053, 10.20132], [4.69635, 0.0, 10.35169], [1.69388, 0.0, 12.04532], [1.84444, 2.83282, 12.19623], [1.84444, 5.89053, 12.19623], [4.19253, 1.52885, 12.54926], [4.19253, 7.1945, 12.54926], [4.04205, 4.36167, 12.69963], [2.34808, 4.36167, 14.39407], [2.19761, 1.52885, 14.54444], [2.19761, 7.1945, 14.54444], [4.54263, 2.8263, 14.90938], [4.53505, 5.90604, 14.92191], [4.68387, -0.0021, 15.12268], [1.72688, 8.70462, 16.73217], [1.79568, 2.8793, 16.87929], [1.9357, 5.89751, 16.83058], [4.21924, 1.60622, 17.30884], [4.28016, 7.17855, 17.35221], [4.00101, 4.38739, 17.42376], [2.34139, 4.38555, 19.13855], [2.09306, 1.7476, 19.29947], [2.16456, 7.04937, 19.10383], [4.53576, 2.7851, 19.6209], [4.58049, 5.85041, 19.68151], [6.54079, 2.83282, 7.50008], [6.54079, 5.89053, 7.50008], [8.88888, 1.52885, 7.85311], [8.88888, 7.1945, 7.85311], [8.7384, 4.36167, 8.00348], [7.04443, 4.36167, 9.69738], [6.89396, 1.52885, 9.84802], [6.89396, 7.1945, 9.84802], [9.24214, 2.83282, 10.20132], [9.24214, 5.89053, 10.20132], [0.0, 0.0, 10.35169], [6.39023, 0.0, 12.04532], [6.54079, 2.83282, 12.19623], [6.54079, 5.89053, 12.19623], [8.88888, 1.52885, 12.54926], [8.88888, 7.1945, 12.54926], [8.7384, 4.36167, 12.69963], [7.04443, 4.36167, 14.39407], [6.89396, 1.52885, 14.54444], [6.89396, 7.1945, 14.54444], [9.23431, 2.8157, 14.90862], [9.23823, 5.89555, 14.9152], [9.39015, 8.67392, 15.10541], [6.40557, 0.01283, 16.74828], [6.59473, 2.83156, 16.84396], [6.6037, 5.89364, 16.83028], [8.93803, 1.50781, 17.2957], [8.96636, 7.1341, 17.32409], [8.6027, 4.34155, 17.30818], [7.04108, 4.32793, 19.14011], [6.90739, 1.61152, 19.12749], [6.85835, 7.04872, 19.10906], [9.29562, 2.97415, 19.52142], [9.25939, 5.71622, 19.55413], [4.06935, 3.24851, 20.86467], [3.19502, 2.83212, 8.8507], [3.19502, 5.89131, 8.8507], [0.84685, 1.52955, 11.19864], [0.84685, 7.1938, 11.19864], [3.19502, 2.83212, 13.54685], [3.19502, 5.89131, 13.54685], [0.85385, 1.50026, 15.88364], [0.88401, 7.13825, 15.92333], [3.09148, 2.78936, 18.27107], [3.34065, 5.88695, 18.42862], [7.89146, 2.83212, 8.8507], [7.89146, 5.89131, 8.8507], [5.5432, 1.52955, 11.19864], [5.5432, 7.1938, 11.19864], [7.89146, 2.83212, 13.54685], [7.89146, 5.89131, 13.54685], [5.56234, 1.55697, 15.91382], [5.56179, 7.18407, 15.91887], [7.98475, 2.77995, 18.34438], [7.95978, 5.87164, 18.36396], [4.92811, 3.40045, 21.32434]],
 "stress": [0.005620416552766615, 0.0068305640326567435, 0.006671237029200321, -0.0001044578967307822, 0.0017277495901905, -0.0004060788252390907],
 "unique_id": "26e4f74572d875d18ba4d1c8aae4c096",
 "user": "raul_desktop"},
"ids": [1],
"nextid": 2}
