{"1": {
 "calculator": "unknown",
 "calculator_parameters": {"energy": -335.35593628},
 "cell": [[8.61194, 0.0, 0.0], [-0.305740631, 5.136508739, 0.0], [0.0, 0.0, 27.67670537]],
 "constraints": [{"name": "FixAtoms", "kwargs": {"indices": [0, 1, 2, 3, 4, 5, 6, 7, 8, 9, 10, 11, 12, 13, 14, 15, 16, 17, 18, 19, 41, 42, 43, 44, 45, 46]}}],
 "ctime": 18.976119997230924,
 "energy": -335.35593628,
 "forces": [[-2.659887, 1.019631, 1.113888], [-2.678816, 1.024077, 1.124654], [-1.886024, -1.935116, 0.223082], [-1.89198, -1.929836, 0.231223], [-0.084089, 0.527518, -0.350468], [-0.077773, 0.528921, -0.347434], [-0.0457, 0.087787, -0.331591], [-0.044176, 0.079532, -0.344018], [-0.317038, -0.102436, 0.532533], [-0.302003, -0.102212, 0.544775], [-0.1093, 0.066473, -0.035081], [-0.121857, 0.057093, -0.049068], [0.059324, -0.069648, -0.052016], [0.071232, -0.072289, -0.07309], [0.04984, -0.152141, 0.215197], [0.042709, -0.148139, 0.224582], [-0.039801, -0.066555, 0.053967], [-0.017776, 0.066724, -0.144639], [0.056589, 0.009628, 0.054627], [-0.008946, 0.024508, 0.078788], [-0.001581, 2.5e-05, 0.000991], [-0.000398, -0.000814, 0.006598], [0.000714, 0.000526, 0.002505], [-0.002026, -0.002245, -0.006783], [0.007179, 0.003336, 0.00318], [-0.003662, -0.001088, -0.002641], [0.002895, 0.001359, -0.005115], [-0.004401, 0.000534, 0.002413], [0.000516, -0.004181, -0.002401], [-0.003957, -0.011559, 0.002327], [-0.002295, -0.002496, 0.001142], [-0.006805, -0.001168, 0.001621], [-0.005691, -0.005831, 0.008216], [-0.003324, 0.001869, -0.008102], [0.011256, 0.004146, 0.004819], [0.001062, -0.001056, 0.022592], [-0.005407, -0.000358, -0.002284], [0.001891, 0.012808, -0.002865], [-0.003193, -0.01045, 0.008583], [0.003115, 0.00324, 0.007535], [0.02093, -0.02932, -0.024568], [5.235871, 0.742898, -0.887695], [5.266307, 0.738652, -0.909025], [-0.200903, -0.32041, -0.491385], [-0.208205, -0.318596, -0.510709], [0.007769, 0.156253, 0.116871], [-0.098156, 0.124583, 0.09724], [-0.001341, 0.000509, -0.000343], [0.000951, 2e-06, 0.001084], [-0.000568, 0.003617, 0.001888], [0.00149, 0.00062, -0.003075], [-0.005444, 0.001916, -0.008745], [-0.015247, 0.00407, -0.014791], [0.019568, -0.00681, -0.077779], [-0.003435, 0.0019, -0.001211]],
 "magmom": 3.686056,
 "magmoms": [0.508, 0.498, 0.477, 0.481, -0.009, -0.016, -0.035, -0.037, -0.052, -0.047, 0.013, 0.017, 0.012, 0.011, 0.037, 0.028, -0.013, -0.006, -0.014, -0.002, -0.01, -0.009, 0.011, -0.007, 0.015, -0.01, 0.019, 0.014, -0.005, -0.02, 0.04, -0.029, -0.005, -0.006, -0.043, -0.04, -0.243, 0.405, 0.266, 0.002, 0.201, 0.35, 0.342, -0.049, -0.066, 0.075, 0.023, 0.008, -0.038, 0.126, -0.08, 0.232, -0.221, -0.002, 0.002],
 "mtime": 18.976119997230924,
 "numbers": [8, 8, 8, 8, 8, 8, 8, 8, 8, 8, 8, 8, 8, 8, 8, 8, 8, 8, 8, 8, 8, 8, 8, 8, 8, 8, 8, 8, 8, 8, 8, 8, 8, 8, 8, 8, 8, 8, 8, 8, 8, 77, 77, 77, 77, 77, 77, 77, 77, 77, 77, 77, 77, 1, 1],
 "pbc": [true, true, true],
 "positions": [[5.09191, 4.03131, 7.5], [0.93881, 1.46306, 7.5], [4.81759, 1.43768, 8.12009], [0.35875, 4.00594, 8.12009], [7.312, 0.61358, 8.88952], [2.85316, 3.18184, 8.88952], [2.57876, 0.5881, 9.50961], [6.73186, 3.15636, 9.50961], [4.71607, 4.81134, 10.1297], [0.56306, 2.24309, 10.1297], [4.33912, 2.21155, 10.89878], [-0.11972, 4.77986, 10.89878], [2.32316, 3.86653, 11.51887], [6.782, 1.29828, 11.51887], [6.20194, 3.84111, 12.13896], [2.04884, 1.27285, 12.13896], [4.54325, 0.4488, 12.9084], [0.08441, 3.01706, 12.9084], [3.96312, 2.99153, 13.52849], [8.42196, 0.42327, 13.52849], [1.94927, 4.63928, 14.15513], [6.41211, 2.07222, 14.14646], [5.72427, 4.62751, 14.94666], [1.56964, 2.06231, 14.91467], [3.98789, 1.1224, 15.55485], [8.14115, 3.71559, 15.51832], [3.4312, 3.65159, 16.16697], [7.90712, 1.14231, 16.17217], [1.74604, 0.30255, 16.91268], [6.00074, 2.83421, 16.95837], [5.68719, 0.29234, 17.5353], [1.19933, 2.81211, 17.57194], [3.66608, 1.85034, 18.19408], [7.91494, 4.51299, 18.08127], [2.87789, 4.3464, 18.832], [7.16048, 1.52121, 19.29097], [5.43243, 3.62462, 19.40115], [1.22877, 0.89526, 19.61959], [4.91226, 1.076, 20.32903], [0.59556, 3.53045, 20.24979], [5.89595, 1.00512, 21.25696], [3.68246, 4.87801, 8.50463], [8.14139, 2.30976, 8.50463], [6.60415, 4.79557, 10.51424], [2.45105, 2.22732, 10.51424], [0.9138, 4.71318, 12.5235], [5.37264, 2.14493, 12.5235], [3.84039, 4.63045, 14.54559], [8.30308, 2.07352, 14.53816], [6.76208, 4.58346, 16.56274], [2.57432, 1.97828, 16.56529], [1.14568, 4.53046, 18.6694], [5.52686, 2.02682, 18.64162], [6.75296, 1.22318, 20.61177], [0.55846, 4.1718, 20.99048]],
 "stress": [0.008885168972751496, 0.005384612337990746, 0.0030583082641371666, 0.001849696195492007, -0.003797933337063459, 0.00020666885017624645],
 "unique_id": "bce50bb9784c599f4c79e1cc22810b7a",
 "user": "raul_desktop"},
"ids": [1],
"nextid": 2}
