{"1": {
 "calculator": "unknown",
 "calculator_parameters": {"energy": -346.7727701},
 "cell": [[6.3788, 0.0, 0.0], [0.0, 6.42053, 0.0], [0.0, 0.0, 27.84090828]],
 "constraints": [{"name": "FixAtoms", "kwargs": {"indices": [0, 1, 2, 3, 4, 5, 6, 7, 8, 17, 18, 19, 20, 21, 22, 23, 24, 25, 34, 35, 36, 37, 42, 43, 44, 45]}}],
 "ctime": 18.97612922920295,
 "energy": -346.7727701,
 "forces": [[-0.0, 0.00419, 1.67177], [-0.002756, -1.514052, -0.537101], [-0.002824, 1.522322, -0.538913], [-0.0, 0.003788, -1.366344], [-0.0, 0.005005, 1.257234], [0.01457, 1.591449, -0.059281], [0.012216, -1.583326, -0.059502], [-0.0, 0.011834, -0.826502], [-0.0, -0.033996, 1.443337], [-0.006813, -0.011127, -0.001302], [-0.001942, 0.001532, -0.001233], [-0.0, 0.008219, -0.012822], [-0.0, 0.01118, 0.000137], [-0.005417, -6.8e-05, 0.00087], [0.001191, -0.004206, 0.002849], [-0.0, 0.012297, -0.008597], [-0.0, -0.003846, 0.005228], [-0.0, 0.00463, 1.657557], [0.002756, -1.514052, -0.537101], [0.002824, 1.522322, -0.538913], [-0.0, 0.003442, -1.389263], [-0.0, 0.006994, 1.267335], [-0.01457, 1.591449, -0.059281], [-0.012216, -1.583326, -0.059502], [-0.0, 0.01155, -0.822943], [-0.0, -0.025946, 1.348707], [0.006813, -0.011127, -0.001302], [0.001942, 0.001532, -0.001233], [-0.0, 0.000709, -0.003459], [-0.0, -0.014267, 0.001326], [0.005417, -6.8e-05, 0.00087], [-0.001191, -0.004206, 0.002849], [-0.0, 0.005141, -0.012923], [-0.0, -0.007051, -0.017262], [-0.0, -0.00089, 0.606889], [0.015832, -0.003946, -1.209369], [-0.011499, -0.002496, -0.10613], [-0.0, 0.010701, -0.20676], [-0.0, 0.001813, 0.006079], [0.001848, -0.000436, -0.000892], [-0.002337, 0.000676, 0.013284], [-0.0, 0.000168, -0.003796], [-0.0, -9.8e-05, 0.611678], [-0.015832, -0.003946, -1.209369], [0.011499, -0.002496, -0.10613], [-0.0, 0.002966, -0.232184], [-0.0, 0.000657, 0.001261], [-0.001848, -0.000436, -0.000892], [0.002337, 0.000676, 0.013284], [-0.0, -0.003218, 0.010111], [-0.0, -0.00862, 0.007648]],
 "magmom": 1.4402983,
 "magmoms": [0.003, -0.002, -0.002, -0.005, -0.01, -0.009, -0.009, 0.013, 0.006, -0.0, -0.002, 0.008, 0.006, -0.005, -0.007, 0.031, 0.716, -0.008, -0.002, -0.002, 0.006, -0.002, -0.009, -0.009, -0.016, -0.026, -0.001, -0.001, 0.015, -0.005, -0.005, -0.007, -0.033, 0.162, -0.011, -0.008, -0.038, -0.008, 0.037, -0.028, -0.066, 0.534, -0.004, -0.008, -0.038, -0.005, -0.017, -0.028, -0.066, 0.197, 0.0],
 "mtime": 18.97612922920295,
 "numbers": [8, 8, 8, 8, 8, 8, 8, 8, 8, 8, 8, 8, 8, 8, 8, 8, 8, 8, 8, 8, 8, 8, 8, 8, 8, 8, 8, 8, 8, 8, 8, 8, 8, 8, 77, 77, 77, 77, 77, 77, 77, 77, 77, 77, 77, 77, 77, 77, 77, 77, 1],
 "pbc": [true, true, true],
 "positions": [[0.0, 3.21027, 7.5], [1.5947, 1.28411, 8.78425], [1.5947, 5.13642, 8.78425], [0.0, 3.21027, 10.0681], [0.0, 0.0, 10.71003], [1.5947, 1.92616, 11.99428], [1.5947, 4.49437, 11.99428], [0.0, 0.0, 13.27853], [0.0, 3.21027, 13.92045], [1.59456, 1.22664, 15.22517], [1.59452, 5.18414, 15.21831], [0.0, 3.20786, 16.42639], [0.0, 6.3901, 17.20152], [1.59842, 1.96952, 18.37924], [1.60265, 4.42995, 18.4065], [0.0, 6.41766, 19.61281], [0.0, 3.18588, 20.29278], [3.1894, 3.21027, 7.5], [4.7841, 1.28411, 8.78425], [4.7841, 5.13642, 8.78425], [3.1894, 3.21027, 10.0681], [3.1894, 0.0, 10.71003], [4.7841, 1.92616, 11.99428], [4.7841, 4.49437, 11.99428], [3.1894, 0.0, 13.27853], [3.1894, 3.21027, 13.92045], [4.78424, 1.22664, 15.22517], [4.78428, 5.18414, 15.21831], [3.1894, 3.21415, 16.40525], [3.1894, 6.39696, 17.20868], [4.78038, 1.96952, 18.37924], [4.77615, 4.42995, 18.4065], [3.1894, 0.04963, 19.62422], [3.1894, 3.23409, 20.3832], [0.0, 0.0, 8.78425], [1.5947, 3.21027, 8.78425], [1.5947, 0.0, 11.99428], [0.0, 3.21027, 11.99428], [0.0, 6.41393, 15.24123], [1.5934, 3.20634, 15.1772], [1.59284, 6.40837, 18.44408], [0.0, 3.20222, 18.49844], [3.1894, 0.0, 8.78425], [4.7841, 3.21027, 8.78425], [4.7841, 0.0, 11.99428], [3.1894, 3.21027, 11.99428], [3.1894, 6.41428, 15.24502], [4.7854, 3.20634, 15.1772], [4.78596, 6.40837, 18.44408], [3.1894, 3.19578, 18.4454], [3.1894, 2.31433, 20.72972]],
 "stress": [0.021081271291510283, 0.001036134205460502, -0.00036738771016774037, 7.844328669410079e-05, -0.0, -0.0],
 "unique_id": "f89c0eb49c00f45665b7cb3143ac5499",
 "user": "raul_desktop"},
"ids": [1],
"nextid": 2}
