{"1": {
 "calculator": "unknown",
 "calculator_parameters": {"energy": -351.12082143},
 "cell": [[6.3788, 0.0, 0.0], [0.0, 6.42053, 0.0], [0.0, 0.0, 27.84090828]],
 "constraints": [{"name": "FixAtoms", "kwargs": {"indices": [0, 1, 2, 3, 4, 5, 6, 7, 8, 17, 18, 19, 20, 21, 22, 23, 24, 25, 35, 36, 37, 38, 43, 44, 45, 46]}}],
 "ctime": 18.976129228024025,
 "energy": -351.12082143,
 "forces": [[-0.0, -0.006113, 1.665656], [-0.002659, -1.512509, -0.538451], [-0.002478, 1.511163, -0.537574], [-0.0, -0.001825, -1.3525], [-0.0, -0.011336, 1.24222], [0.016125, 1.574419, -0.062282], [0.014904, -1.590033, -0.063441], [-0.0, -0.024163, -0.8259], [-0.0, 0.088102, 1.373904], [0.007107, 0.004133, 0.000999], [0.009437, 7.5e-05, 0.000573], [-0.0, -0.016139, 0.001209], [-0.0, 0.004005, 0.004159], [-0.009839, 0.009864, -0.012091], [0.004181, -0.007132, 0.001861], [-0.0, -0.002865, -0.005023], [-0.0, 0.000525, 0.001947], [-0.0, -0.007959, 1.647793], [0.002659, -1.512509, -0.538451], [0.002478, 1.511163, -0.537574], [-0.0, -0.003857, -1.390737], [-0.0, -0.012025, 1.273648], [-0.016125, 1.574419, -0.062282], [-0.014904, -1.590033, -0.063441], [-0.0, -0.022672, -0.792476], [-0.0, 0.087324, 1.398964], [-0.007107, 0.004133, 0.000999], [-0.009437, 7.5e-05, 0.000573], [-0.0, -0.002184, 0.007055], [-0.0, 0.008348, -0.010008], [0.009839, 0.009864, -0.012091], [-0.004181, -0.007132, 0.001861], [-0.0, -0.012255, 0.004544], [-0.0, -0.001399, 0.004846], [-0.0, -0.014815, 0.006154], [-0.0, 0.001191, 0.605732], [0.010275, -0.001031, -1.206237], [-0.009332, 0.014846, -0.099281], [-0.0, -0.012654, -0.189631], [-0.0, 0.001139, -0.002098], [-0.001331, -0.00323, -0.000106], [0.001092, -0.000184, -0.003424], [-0.0, -0.003026, -0.003388], [-0.0, 0.001671, 0.61561], [-0.010275, -0.001031, -1.206237], [0.009332, 0.014846, -0.099281], [-0.0, -0.008835, -0.233761], [-0.0, -0.01326, -0.007894], [0.001331, -0.00323, -0.000106], [-0.001092, -0.000184, -0.003424], [-0.0, -0.003415, 0.010009], [-0.0, -0.012269, -0.011129]],
 "magmom": 1.2506199,
 "magmoms": [-0.003, -0.004, -0.003, -0.003, -0.018, -0.012, -0.011, 0.01, 0.007, -0.002, -0.003, 0.008, 0.011, -0.012, -0.014, -0.011, 0.66, -0.015, -0.003, -0.004, 0.004, -0.005, -0.012, -0.012, -0.019, -0.025, -0.002, -0.003, 0.001, 0.0, -0.011, -0.014, -0.047, 0.248, 0.105, -0.022, -0.018, -0.062, -0.0, 0.039, -0.034, -0.112, 0.548, -0.01, -0.018, -0.062, -0.008, -0.01, -0.036, -0.113, 0.18, -0.0],
 "mtime": 18.976129228024025,
 "numbers": [8, 8, 8, 8, 8, 8, 8, 8, 8, 8, 8, 8, 8, 8, 8, 8, 8, 8, 8, 8, 8, 8, 8, 8, 8, 8, 8, 8, 8, 8, 8, 8, 8, 8, 8, 77, 77, 77, 77, 77, 77, 77, 77, 77, 77, 77, 77, 77, 77, 77, 77, 1],
 "pbc": [true, true, true],
 "positions": [[0.0, 3.21027, 7.5], [1.5947, 1.28411, 8.78425], [1.5947, 5.13642, 8.78425], [0.0, 3.21027, 10.0681], [0.0, 0.0, 10.71003], [1.5947, 1.92616, 11.99428], [1.5947, 4.49437, 11.99428], [0.0, 0.0, 13.27853], [0.0, 3.21027, 13.92045], [1.59439, 1.25083, 15.21406], [1.59339, 5.20916, 15.2301], [-0.0, 3.2275, 16.42749], [-0.0, 0.09206, 17.20892], [1.60323, 2.07138, 18.45362], [1.58596, 4.5351, 18.32855], [-0.0, 0.08557, 19.62057], [-0.0, 3.3936, 20.29221], [3.1894, 3.21027, 7.5], [4.7841, 1.28411, 8.78425], [4.7841, 5.13642, 8.78425], [3.1894, 3.21027, 10.0681], [3.1894, 0.0, 10.71003], [4.7841, 1.92616, 11.99428], [4.7841, 4.49437, 11.99428], [3.1894, 0.0, 13.27853], [3.1894, 3.21027, 13.92045], [4.78441, 1.25083, 15.21406], [4.78541, 5.20916, 15.2301], [3.1894, 3.22233, 16.41084], [3.1894, 0.08581, 17.21072], [4.77557, 2.07138, 18.45362], [4.79284, 4.5351, 18.32855], [3.1894, 0.03659, 19.61553], [3.1894, 3.59965, 20.35016], [3.1894, 2.40835, 21.13858], [0.0, 0.0, 8.78425], [1.5947, 3.21027, 8.78425], [1.5947, 0.0, 11.99428], [0.0, 3.21027, 11.99428], [-0.0, 0.02307, 15.24399], [1.59164, 3.22809, 15.17769], [1.59386, 0.08965, 18.44536], [-0.0, 3.30722, 18.49843], [3.1894, 0.0, 8.78425], [4.7841, 3.21027, 8.78425], [4.7841, 0.0, 11.99428], [3.1894, 3.21027, 11.99428], [3.1894, 0.02321, 15.24618], [4.78716, 3.22809, 15.17769], [4.78494, 0.08965, 18.44536], [3.1894, 3.30761, 18.44192], [3.1894, 2.81019, 22.03702]],
 "stress": [0.020469684536792362, 0.00013414875564260887, -4.442706195803703e-05, 0.000763523811369299, -0.0, -0.0],
 "unique_id": "ab9a19a0faa526aa9607aed872fd8be8",
 "user": "raul_desktop"},
"ids": [1],
"nextid": 2}
