{"1": {
 "calculator": "unknown",
 "calculator_parameters": {"energy": -421.31293517},
 "cell": [[6.64164, 0.0, 0.0], [0.0, 8.72335, 0.0], [0.0, 0.0, 28.2831]],
 "constraints": [{"name": "FixAtoms", "kwargs": {"indices": [0, 1, 2, 3, 4, 5, 6, 7, 8, 9, 10, 11, 12, 13, 14, 15, 16, 17, 18, 19, 20, 21, 22, 23, 24, 25, 26, 50, 51, 52, 53, 54, 55, 56, 57]}}],
 "ctime": 18.976129461460033,
 "energy": -421.31293517,
 "forces": [[-0.0006, -1.869387, 1.646472], [-0.000909, 1.891161, 1.653578], [-0.005825, 0.005207, -0.086861], [-0.410602, 0.151165, -0.680991], [0.403996, 0.149367, -0.679533], [-0.423963, -0.005043, -1.217092], [0.428381, -0.007516, -1.213706], [-0.417528, -0.159158, -0.681567], [0.413078, -0.159401, -0.680622], [-0.002569, -0.004991, 0.226008], [0.001231, -0.031703, -0.012237], [-0.002557, 0.069215, -0.045949], [-0.003601, 0.903184, -0.097819], [-0.000715, -0.916573, -0.066343], [0.001028, 0.006296, 0.071011], [-0.037348, 0.009529, -0.076472], [0.027829, 0.008431, -0.076291], [-0.029878, -0.014572, -0.085656], [-0.010953, -0.000527, -0.049268], [0.003848, -0.007771, -0.049503], [0.016967, -0.020361, -0.074441], [-0.00131, -0.002944, 0.424551], [0.019435, 0.251627, 0.032971], [-0.003904, -0.276917, 0.04584], [-0.008671, -0.064066, 0.227787], [0.015575, -0.082096, -0.038797], [-0.022004, 0.234186, -0.025044], [-6.1e-05, -9.5e-05, 0.00579], [0.003822, -0.002336, -0.001314], [-0.006464, -0.003241, 0.002076], [0.002231, -0.004586, -0.004755], [-0.002485, -0.002758, 0.001168], [-0.001988, 0.003839, -0.0006], [0.002695, -0.000836, 0.003273], [0.00846, -0.003163, 0.003816], [0.006516, 0.000889, 0.003754], [-0.00783, -0.002514, -0.000991], [0.001406, -7.5e-05, 0.002301], [-0.000985, 0.002223, 0.000195], [-0.001902, 0.005929, 0.001383], [-0.009822, 0.003293, 0.003266], [0.002216, -0.008046, -0.003827], [-0.000239, 4.6e-05, 0.000597], [-0.00027, -0.00328, 0.015109], [-0.001707, -0.00684, 0.002637], [0.004469, -0.00475, -0.00094], [-0.002972, 0.002481, 0.005755], [-0.003833, -0.008855, 0.006999], [-0.006208, -0.000155, 0.004452], [-0.002974, 0.006155, 0.011947], [0.006159, 2.586498, -1.974274], [-0.000848, -0.362141, 2.878591], [-0.000513, 0.386088, 2.859003], [0.006763, -2.65006, -1.976912], [0.016538, -1.043031, -0.270885], [0.003064, -0.044593, 0.196101], [0.01149, 0.038053, 0.171879], [0.01135, 1.060693, -0.300025], [0.001726, -0.001116, 0.004749], [0.000119, -0.00353, -0.001568], [0.00094, 0.001964, 0.001089], [0.001339, 0.000137, 0.001413], [-0.005714, -0.005445, -0.006005], [-0.000891, -0.000307, -0.011895], [0.003513, 0.001184, -0.009173], [0.004241, 0.007875, -0.016298], [0.010222, -0.001936, 0.002094]],
 "magmom": 3.3805049,
 "magmoms": [0.553, 0.548, -0.031, -0.039, -0.041, -0.008, -0.006, -0.044, -0.043, -0.022, -0.047, -0.055, 0.005, -0.003, -0.002, 0.019, 0.018, 0.017, 0.006, 0.007, 0.021, -0.006, -0.018, -0.01, -0.007, 0.009, -0.016, 0.028, 0.034, 0.012, 0.015, 0.04, 0.03, 0.008, -0.028, 0.039, -0.021, -0.017, -0.064, -0.011, -0.02, -0.015, -0.024, 0.007, 0.019, 0.01, 0.445, 0.371, 0.274, 0.099, 0.127, -0.062, -0.081, 0.12, 0.021, -0.012, -0.026, 0.015, -0.012, -0.012, 0.026, 0.045, 0.241, 0.106, 0.098, 0.194, 0.0],
 "mtime": 18.976129461460033,
 "numbers": [8, 8, 8, 8, 8, 8, 8, 8, 8, 8, 8, 8, 8, 8, 8, 8, 8, 8, 8, 8, 8, 8, 8, 8, 8, 8, 8, 8, 8, 8, 8, 8, 8, 8, 8, 8, 8, 8, 8, 8, 8, 8, 8, 8, 8, 8, 8, 8, 8, 8, 77, 77, 77, 77, 77, 77, 77, 77, 77, 77, 77, 77, 77, 77, 77, 77, 1],
 "pbc": [true, true, true],
 "positions": [[3.32082, 2.83282, 7.50011], [3.32082, 5.89053, 7.50011], [3.32082, 0.0, 7.71252], [1.41062, 1.52885, 8.91059], [5.23102, 1.52885, 8.91059], [1.19782, 4.36167, 8.91059], [5.44382, 4.36167, 8.91059], [1.41062, 7.1945, 8.91059], [5.23102, 7.1945, 8.91059], [3.32082, 0.0, 10.10838], [3.32082, 2.83282, 10.32135], [3.32082, 5.89053, 10.32135], [0.0, 2.83282, 10.82055], [0.0, 5.89053, 10.82055], [0.0, 0.0, 11.0338], [1.9102, 1.52885, 12.23131], [4.73144, 1.52885, 12.23131], [1.9102, 7.1945, 12.23131], [2.123, 4.36167, 12.23131], [4.51864, 4.36167, 12.23131], [4.73144, 7.1945, 12.23131], [0.0, 0.0, 13.4291], [0.0, 2.83282, 13.64207], [0.0, 5.89053, 13.64207], [3.32082, 2.83282, 14.14127], [3.32082, 5.89053, 14.14127], [3.32082, 0.0, 14.35452], [1.41274, 1.53094, 15.56059], [5.233, 1.51805, 15.53849], [1.19506, 4.36234, 15.57709], [5.4451, 4.36566, 15.5731], [5.23585, 7.20489, 15.54479], [1.4103, 7.20425, 15.54111], [3.32335, 8.71829, 16.74299], [3.352, 2.76304, 17.01952], [3.33431, 5.88461, 16.92801], [6.6136, 2.79657, 17.47677], [0.00543, 5.92116, 17.47836], [6.62855, 8.71484, 17.72705], [1.92641, 1.46981, 18.80612], [4.7072, 1.48433, 18.90146], [2.12124, 4.35477, 18.83056], [4.5093, 4.33841, 18.91626], [1.91977, 7.20468, 18.89365], [4.70379, 7.20329, 18.82956], [6.64142, 8.72071, 20.1151], [0.04866, 2.6367, 20.31456], [6.59787, 6.09022, 20.34878], [3.19949, 2.72503, 20.75646], [3.34145, 5.84997, 20.77267], [3.32082, 1.52955, 8.91059], [0.0, 2.83204, 8.91059], [0.0, 5.89123, 8.91059], [3.32082, 7.1938, 8.91059], [0.0, 1.52955, 12.23131], [3.32082, 2.83204, 12.23131], [3.32082, 5.89123, 12.23131], [0.0, 7.1938, 12.23131], [3.32225, 1.53748, 15.56562], [6.63759, 2.82938, 15.55095], [0.00171, 5.89548, 15.54884], [3.32195, 7.19883, 15.53912], [0.00012, 1.54241, 18.90696], [3.31309, 2.82513, 19.00219], [3.31813, 5.88368, 18.83102], [6.63518, 7.16013, 18.92689], [2.95643, 6.67918, 21.12617]],
 "stress": [0.002536599240831963, 0.003643749337126765, 0.0034937845973591684, 0.0002969023476091407, 1.2907440872326576e-05, 2.5359251578463674e-05],
 "unique_id": "7082901479a3aedac7605dae325fa5fd",
 "user": "raul_desktop"},
"ids": [1],
"nextid": 2}
