{"1": {
 "calculator": "unknown",
 "calculator_parameters": {"energy": -427.80135116},
 "cell": [[7.0938, 0.0, 0.0], [-0.371174258, 7.084082729, 0.0], [0.0, 0.0, 28.18912]],
 "constraints": [{"name": "FixAtoms", "kwargs": {"indices": [0, 1, 2, 3, 8, 9, 10, 11, 16, 17, 18, 19, 24, 25, 26, 27, 32, 33, 34, 35, 40, 41, 42, 43, 48, 49, 50, 51, 56, 57, 58, 59]}}],
 "ctime": 18.976120026078814,
 "energy": -427.80135116,
 "forces": [[-0.179281, -0.762548, 2.325423], [-0.179281, -0.762548, 2.325423], [-0.440532, -0.181017, -0.309309], [-0.440532, -0.181017, -0.309309], [-0.008245, 0.002383, 0.000581], [-0.008245, 0.002383, 0.000581], [-0.001693, -0.003308, -0.000162], [-0.001693, -0.003308, -0.000162], [0.745043, 0.211908, 2.32354], [0.745043, 0.211908, 2.32354], [0.149131, 0.446273, -0.308762], [0.149131, 0.446273, -0.308762], [-0.000644, 0.008455, 0.005638], [-0.000644, 0.008455, 0.005638], [0.005965, -0.006898, -0.014667], [0.005965, -0.006898, -0.014667], [-0.315075, -0.314182, 0.152937], [-0.315075, -0.314182, 0.152937], [0.075543, 0.112961, 0.129583], [0.075543, 0.112961, 0.129583], [-0.007442, 0.004311, 0.002962], [-0.007442, 0.004311, 0.002962], [0.01055, 0.001787, -0.011536], [0.01055, 0.001787, -0.011536], [-0.414781, 0.107186, -1.080316], [-0.414781, 0.107186, -1.080316], [-0.12781, -0.081825, -0.016288], [-0.12781, -0.081825, -0.016288], [0.003659, 0.003562, -0.001179], [0.003659, 0.003562, -0.001179], [0.002195, 0.006379, -0.009851], [0.002195, 0.006379, -0.009851], [-0.061515, -0.113468, -1.230213], [-0.061515, -0.113468, -1.230213], [0.332067, -0.009861, 0.033399], [0.332067, -0.009861, 0.033399], [0.011199, -0.000168, 0.007471], [0.011199, -0.000168, 0.007471], [-0.015137, 0.002087, 0.012294], [-0.015137, 0.002087, 0.012294], [0.304942, 0.320556, 0.141079], [0.304942, 0.320556, 0.141079], [-0.119237, -0.103895, 0.155752], [-0.119237, -0.103895, 0.155752], [0.004804, 0.002602, 0.001728], [0.004804, 0.002602, 0.001728], [0.005356, -0.001709, 0.009082], [0.005356, -0.001709, 0.009082], [-0.109433, 0.435945, -1.090315], [-0.109433, 0.435945, -1.090315], [0.060895, 0.181837, -0.046899], [0.060895, 0.181837, -0.046899], [-0.009423, -0.00347, -0.00442], [-0.009423, -0.00347, -0.00442], [-0.012047, 0.006151, 0.006307], [-0.012047, 0.006151, 0.006307], [0.10851, 0.059178, -1.225173], [0.10851, 0.059178, -1.225173], [0.013833, -0.32954, 0.028931], [0.013833, -0.32954, 0.028931], [-0.005016, -0.004544, 0.006591], [-0.005016, -0.004544, 0.006591], [-0.006306, -0.003697, 0.000892], [-0.006306, -0.003697, 0.000892], [0.000129, 0.010663, 0.000451], [-0.000207, -0.004092, 0.004449], [-0.000207, -0.004092, 0.004449], [0.000129, 0.010663, 0.000451]],
 "magmoms": [0.0, -0.0, 0.0, 0.0, -0.0, 0.0, -0.0, 0.0, 0.0, 0.0, 0.0, 0.0, 0.0, -0.0, 0.0, -0.0, -0.0, -0.0, 0.0, 0.0, -0.0, 0.0, 0.0, -0.0, 0.0, 0.0, 0.0, -0.0, -0.0, -0.0, -0.0, 0.0, -0.0, -0.0, 0.0, 0.0, 0.0, -0.0, 0.0, -0.0, -0.0, -0.0, 0.0, 0.0, -0.0, 0.0, -0.0, 0.0, 0.0, 0.0, 0.0, -0.0, -0.0, -0.0, -0.0, 0.0, 0.0, -0.0, 0.0, 0.0, 0.0, -0.0, -0.0, 0.0, -0.0, 0.0, 0.0, -0.0],
 "mtime": 18.976120026078814,
 "numbers": [77, 77, 77, 77, 77, 77, 77, 77, 77, 77, 77, 77, 77, 77, 77, 77, 8, 8, 8, 8, 8, 8, 8, 8, 8, 8, 8, 8, 8, 8, 8, 8, 8, 8, 8, 8, 8, 8, 8, 8, 8, 8, 8, 8, 8, 8, 8, 8, 8, 8, 8, 8, 8, 8, 8, 8, 8, 8, 8, 8, 8, 8, 8, 8, 1, 1, 1, 1],
 "pbc": [true, true, true],
 "positions": [[3.36321, 2.32379, 8.04604], [6.72453, 5.86583, 8.04604], [0.00197, 2.14768, 11.58361], [3.36328, 5.68972, 11.58361], [-0.01027, 5.50974, 15.12189], [3.72221, 1.9677, 15.12189], [0.42337, 1.74746, 18.68933], [3.78469, 5.28951, 18.68933], [3.17763, 5.86583, 8.04604], [6.91011, 2.32379, 8.04604], [-0.18362, 5.68972, 11.58361], [3.54887, 2.14768, 11.58361], [0.18486, 1.97926, 15.12307], [3.54617, 5.5213, 15.12307], [0.21497, 5.26408, 18.68922], [3.94746, 1.72204, 18.68922], [2.93736, 1.68913, 9.81482], [6.29867, 5.23117, 9.81482], [2.93735, 5.05506, 13.35239], [6.66984, 1.51302, 13.35239], [3.34525, 1.35494, 16.89501], [6.70656, 4.89698, 16.89501], [0.00447, 1.20373, 20.52281], [3.36579, 4.74577, 20.52281], [1.58981, 1.80446, 7.50024], [4.95112, 5.3465, 7.50024], [1.5898, 5.17039, 11.03781], [5.32229, 1.62835, 11.03781], [1.95519, 1.44037, 14.56494], [5.31651, 4.98241, 14.56494], [1.99857, 4.75864, 18.18387], [5.73106, 1.2166, 18.18387], [1.4042, 6.38524, 8.59184], [5.13669, 2.8432, 8.59184], [1.77537, 2.66709, 12.12941], [5.13668, 6.20913, 12.12941], [1.76406, 6.06579, 15.653], [5.49655, 2.52375, 15.653], [2.17204, 2.3101, 19.23558], [5.53336, 5.85214, 19.23558], [0.42776, 2.7822, 9.81482], [3.78907, 6.32424, 9.81482], [0.42775, 6.14813, 13.35239], [4.16024, 2.60609, 13.35239], [0.76727, 2.38489, 16.90195], [4.12858, 5.92693, 16.90195], [0.72956, 5.70144, 20.52394], [4.46205, 2.15939, 20.52394], [0.24221, 4.12202, 7.5], [3.9747, 0.57997, 7.5], [0.61338, 0.40386, 11.03756], [3.97469, 3.9459, 11.03756], [0.6198, 3.77251, 14.56274], [4.35229, 0.23047, 14.56274], [0.65269, 7.07595, 18.18873], [4.38517, 3.53391, 18.18873], [2.7518, 4.06761, 8.59184], [6.48429, 0.52557, 8.59184], [3.12304, 0.34946, 12.12941], [6.48435, 3.8915, 12.12941], [3.08667, 3.71794, 15.65409], [6.81915, 0.1759, 15.65409], [3.09405, 7.03066, 19.22666], [6.82655, 3.48862, 19.22666], [5.40661, 1.89834, 20.70608], [0.30252, 0.27043, 20.7011], [3.66384, 3.81247, 20.7011], [1.67412, 5.44039, 20.70608]],
 "stress": [0.001498498959996808, 0.0010204368100089057, 0.002956827567259431, -0.00010146821385948413, -0.0005277570456481848, -0.001451974750972474],
 "unique_id": "6ba7b81799ed3829518d4cf319c880e0",
 "user": "raul_desktop"},
"ids": [1],
"nextid": 2}
