{"1": {
 "calculator": "unknown",
 "calculator_parameters": {"energy": -432.00860533},
 "cell": [[7.0938, 0.0, 0.0], [-0.371174258, 7.084082729, 0.0], [0.0, 0.0, 28.18912]],
 "constraints": [{"name": "FixAtoms", "kwargs": {"indices": [0, 1, 2, 3, 8, 9, 10, 11, 16, 17, 18, 19, 24, 25, 26, 27, 32, 33, 34, 35, 40, 41, 42, 43, 48, 49, 50, 51, 56, 57, 58, 59]}}],
 "ctime": 18.976120025420883,
 "energy": -432.00860533,
 "forces": [[-0.148167, -0.772197, 2.282975], [-0.195542, -0.776065, 2.345863], [-0.41191, -0.165802, -0.309836], [-0.421987, -0.250954, -0.236696], [-0.002277, 0.003281, 0.003553], [0.000528, 0.003156, -0.001201], [-0.000828, 0.002519, 0.001722], [-0.004476, -0.004544, 0.002321], [0.74438, 0.202813, 2.290558], [0.763716, 0.200021, 2.312135], [0.180619, 0.432654, -0.258171], [0.215133, 0.456138, -0.29124], [0.001544, 0.000447, -0.001045], [0.001158, -0.00059, 0.000136], [0.000379, 0.004535, 0.009831], [-0.00278, 0.001704, 0.001082], [-0.349481, -0.258069, 0.193981], [-0.303697, -0.300054, 0.144361], [0.010343, 0.114486, 0.073009], [0.044917, 0.11789, 0.148308], [-0.00291, 0.002362, 0.005102], [0.002744, 0.003698, 0.004486], [0.005671, 0.011344, 0.005164], [0.005423, 0.012007, 0.001971], [-0.422798, 0.105977, -1.059438], [-0.391729, 0.103607, -1.082119], [-0.121223, -0.075564, -0.031556], [-0.094764, -0.08325, -0.006368], [-0.00122, -0.005723, -0.004991], [-0.000624, 0.002084, 0.001276], [-0.002666, 0.002881, 0.003424], [-0.001016, -0.007261, 0.000407], [-0.08045, -0.101706, -1.218634], [-0.046552, -0.104221, -1.195617], [0.259975, -0.017236, 0.072875], [0.298315, 0.012327, 0.03262], [0.000586, 0.001094, 0.000861], [0.003481, 0.001066, 0.004047], [0.004516, -0.000846, -0.002394], [0.000779, -0.003041, -0.00118], [0.273307, 0.339384, 0.098752], [0.290134, 0.308641, 0.148425], [-0.12948, -0.117199, 0.139785], [-0.139466, -0.106471, 0.068108], [-0.000508, -0.000137, -0.002551], [-0.002656, -0.003116, -0.000805], [-0.000886, 0.002067, -0.013536], [0.005705, -0.006695, -0.001979], [-0.103242, 0.428524, -1.108338], [-0.117769, 0.433799, -1.074201], [0.062746, 0.170435, -0.057593], [0.061829, 0.18437, -0.069564], [0.001822, -0.009531, 0.004101], [-0.000544, 0.002775, -0.001162], [-8.1e-05, -0.002928, -0.004262], [-0.002241, -0.002979, -0.009328], [0.110361, 0.058825, -1.219944], [0.108581, 0.069975, -1.216068], [0.014628, -0.289631, 0.042539], [0.015096, -0.294745, 0.037785], [0.006061, -0.004965, -0.000881], [0.00257, -0.001649, -0.001037], [-0.000677, -0.001403, 0.001757], [-0.000693, 0.000318, -0.003798], [0.005965, -0.001389, -0.000871], [-0.003214, -0.003776, 0.005264], [0.000244, -0.007355, 0.001739], [-0.002202, -0.000335, 0.0041], [0.007497, -0.015777, -0.008021]],
 "magmom": -0.082111,
 "magmoms": [0.005, 0.0, 0.0, 0.001, -0.0, 0.002, -0.009, 0.0, 0.001, -0.004, -0.0, -0.001, -0.004, 0.0, 0.002, -0.009, 0.003, -0.0, -0.001, 0.0, 0.002, 0.001, -0.004, 0.0, -0.0, 0.0, 0.0, 0.0, -0.0, 0.0, 0.001, -0.0, -0.0, -0.001, -0.0, -0.0, -0.0, 0.0, -0.001, 0.0, -0.001, 0.002, -0.0, -0.003, -0.003, 0.002, -0.0, -0.026, 0.0, 0.0, -0.001, 0.0, -0.001, -0.0, -0.001, -0.001, 0.001, -0.0, -0.0, 0.001, -0.0, -0.001, -0.001, -0.003, -0.02, -0.0, -0.0, 0.0, -0.001],
 "mtime": 18.976120025420883,
 "numbers": [77, 77, 77, 77, 77, 77, 77, 77, 77, 77, 77, 77, 77, 77, 77, 77, 8, 8, 8, 8, 8, 8, 8, 8, 8, 8, 8, 8, 8, 8, 8, 8, 8, 8, 8, 8, 8, 8, 8, 8, 8, 8, 8, 8, 8, 8, 8, 8, 8, 8, 8, 8, 8, 8, 8, 8, 8, 8, 8, 8, 8, 8, 8, 8, 8, 1, 1, 1, 1],
 "pbc": [true, true, true],
 "positions": [[3.36321, 2.32379, 8.04604], [6.72453, 5.86583, 8.04604], [0.00197, 2.14768, 11.58361], [3.36328, 5.68972, 11.58361], [-0.01961, 5.51107, 15.12529], [3.73167, 1.97907, 15.12518], [0.36791, 1.76512, 18.68763], [3.70112, 5.31714, 18.68065], [3.17763, 5.86583, 8.04604], [6.91011, 2.32379, 8.04604], [-0.18362, 5.68972, 11.58361], [3.54887, 2.14768, 11.58361], [0.18488, 1.97962, 15.11811], [3.53733, 5.52219, 15.1269], [0.13289, 5.31013, 18.68483], [3.88064, 1.73163, 18.69768], [2.93736, 1.68913, 9.81482], [6.29867, 5.23117, 9.81482], [2.93735, 5.05506, 13.35239], [6.66984, 1.51302, 13.35239], [3.3321, 1.3476, 16.90467], [6.62367, 4.91047, 16.89198], [0.08168, 1.20612, 20.548], [3.16984, 4.81904, 20.52076], [1.58981, 1.80446, 7.50024], [4.95112, 5.3465, 7.50024], [1.5898, 5.17039, 11.03781], [5.32229, 1.62835, 11.03781], [1.95574, 1.44676, 14.58222], [5.30849, 4.99114, 14.55889], [1.92139, 4.7973, 18.13106], [5.68284, 1.22845, 18.21897], [1.4042, 6.38524, 8.59184], [5.13669, 2.8432, 8.59184], [1.77537, 2.66709, 12.12941], [5.13668, 6.20913, 12.12941], [1.75447, 6.05398, 15.67229], [5.49715, 2.5266, 15.66706], [2.13256, 2.35629, 19.22877], [5.4566, 5.87854, 19.26169], [0.42776, 2.7822, 9.81482], [3.78907, 6.32424, 9.81482], [0.42775, 6.14813, 13.35239], [4.16024, 2.60609, 13.35239], [0.73309, 2.3986, 16.90787], [4.13014, 5.93656, 16.91573], [0.6448, 5.78326, 20.52452], [4.40033, 1.7197, 20.62498], [0.24221, 4.12202, 7.5], [3.9747, 0.57997, 7.5], [0.61338, 0.40386, 11.03756], [3.97469, 3.9459, 11.03756], [0.61243, 3.7775, 14.56567], [4.34743, 0.23147, 14.58672], [0.97799, 0.01792, 18.14655], [4.33588, 3.56566, 18.31432], [2.7518, 4.06761, 8.59184], [6.48429, 0.52557, 8.59184], [3.12304, 0.34946, 12.12941], [6.48435, 3.8915, 12.12941], [3.09109, 3.72244, 15.67193], [6.81937, 0.17848, 15.65099], [2.99486, 7.02646, 19.21956], [6.82751, 3.52033, 19.20585], [5.22002, 2.71654, 21.13372], [0.4004, 0.26453, 20.71662], [2.80423, 3.90477, 20.49113], [1.63399, 5.67507, 20.64579], [6.07552, 2.16095, 21.26216]],
 "stress": [0.00011018760210834304, -0.0004716209125699908, 0.003059693879163113, 0.0002766923410595307, -0.001047618582252127, -0.0011813741228198056],
 "unique_id": "7d818bcaf5e4f92d3b123fe94db3b9db",
 "user": "raul_desktop"},
"ids": [1],
"nextid": 2}
