ID(From OQMD),Energy
259,1.192896245
260,-0.419666755
261,0.414342245
262,0.763663245
263,0.758990245
264,-0.418469755
265,-0.538892755
266,-0.553817755
267,-0.536055755
268,-0.474774755