{"1": {
 "calculator": "unknown",
 "calculator_parameters": {"energy": -351.44316155},
 "cell": [[6.3788, 0.0, 0.0], [0.0, 6.42053, 0.0], [0.0, 0.0, 27.84090828]],
 "constraints": [{"name": "FixAtoms", "kwargs": {"indices": [0, 1, 2, 3, 4, 5, 6, 7, 8, 17, 18, 19, 20, 21, 22, 23, 24, 25, 35, 36, 37, 38, 43, 44, 45, 46]}}],
 "ctime": 18.97611997147671,
 "energy": -351.44316155,
 "forces": [[0.0, -0.005027, 1.667455], [0.000109, -1.515475, -0.538871], [0.000277, 1.516624, -0.540504], [0.0, -0.002639, -1.369805], [0.0, -0.004733, 1.24804], [0.010556, 1.587022, -0.060246], [0.005893, -1.60325, -0.060545], [0.0, 0.013893, -0.827285], [0.0, 0.085619, 1.382635], [-0.004867, -0.004488, -0.002694], [0.001025, 0.005115, 0.000253], [0.0, -0.002834, 0.000907], [0.0, 0.000541, -0.005143], [-0.008723, 0.004187, -0.000961], [-0.005757, -0.007412, 0.000349], [0.0, -0.006719, 0.004908], [0.0, 0.00281, 0.007397], [0.0, -0.005952, 1.662175], [-0.000109, -1.515475, -0.538871], [-0.000277, 1.516624, -0.540504], [0.0, -0.003977, -1.40079], [0.0, -0.006185, 1.284746], [-0.010556, 1.587022, -0.060246], [-0.005893, -1.60325, -0.060545], [0.0, -0.0013, -0.777132], [0.0, 0.090994, 1.398911], [0.004867, -0.004488, -0.002694], [-0.001025, 0.005115, 0.000253], [0.0, -0.015253, -0.004209], [0.0, -0.009868, -0.001456], [0.008723, 0.004187, -0.000961], [0.005757, -0.007412, 0.000349], [0.0, 0.002032, 0.018517], [0.0, -0.008573, -0.00846], [0.0, 0.014451, -0.02476], [0.0, -0.00902, 0.604596], [-0.002239, -0.012284, -1.211026], [0.016588, 0.015939, -0.099463], [0.0, -0.00744, -0.193971], [0.0, 0.000218, -0.001211], [0.000233, 0.000262, 0.000425], [-0.002036, -0.001285, 0.00035], [0.0, -0.002683, 0.003277], [0.0, -0.006544, 0.617896], [0.002239, -0.012284, -1.211026], [-0.016588, 0.015939, -0.099463], [0.0, -0.016569, -0.212134], [0.0, 0.001001, -0.000153], [-0.000233, 0.000262, 0.000425], [0.002036, -0.001285, 0.00035], [0.0, -0.001236, -0.003624], [0.0, -0.064914, -0.045458]],
 "magmom": 1.361705,
 "magmoms": [-0.002, -0.003, -0.003, -0.003, -0.013, -0.01, -0.009, 0.013, 0.004, -0.002, -0.004, 0.002, 0.012, -0.035, -0.03, 0.002, 0.644, -0.02, -0.003, -0.003, 0.005, -0.0, -0.01, -0.009, -0.012, -0.026, -0.002, -0.004, -0.004, -0.001, -0.032, -0.033, -0.006, 0.328, 0.257, -0.019, -0.019, -0.043, -0.0, 0.037, -0.041, -0.099, 0.512, -0.003, -0.019, -0.043, -0.008, -0.008, -0.041, -0.102, 0.026, -0.002],
 "mtime": 18.97611997147671,
 "numbers": [8, 8, 8, 8, 8, 8, 8, 8, 8, 8, 8, 8, 8, 8, 8, 8, 8, 8, 8, 8, 8, 8, 8, 8, 8, 8, 8, 8, 8, 8, 8, 8, 8, 8, 8, 77, 77, 77, 77, 77, 77, 77, 77, 77, 77, 77, 77, 77, 77, 77, 77, 1],
 "pbc": [true, true, true],
 "positions": [[0.0, 3.21027, 7.5], [1.5947, 1.28411, 8.78425], [1.5947, 5.13642, 8.78425], [0.0, 3.21027, 10.0681], [0.0, 0.0, 10.71003], [1.5947, 1.92616, 11.99428], [1.5947, 4.49437, 11.99428], [0.0, 0.0, 13.27853], [0.0, 3.21027, 13.92045], [1.59481, 1.26282, 15.22355], [1.59539, 5.22289, 15.22459], [-0.0, 3.26925, 16.42738], [-0.0, 0.06893, 17.19944], [1.58832, 2.08446, 18.40981], [1.59522, 4.54701, 18.39138], [-0.0, 0.10047, 19.61178], [-0.0, 3.35737, 20.30072], [3.1894, 3.21027, 7.5], [4.7841, 1.28411, 8.78425], [4.7841, 5.13642, 8.78425], [3.1894, 3.21027, 10.0681], [3.1894, 0.0, 10.71003], [4.7841, 1.92616, 11.99428], [4.7841, 4.49437, 11.99428], [3.1894, 0.0, 13.27853], [3.1894, 3.21027, 13.92045], [4.78399, 1.26282, 15.22355], [4.78341, 5.22289, 15.22459], [3.1894, 3.29005, 16.40673], [3.1894, 0.08775, 17.21963], [4.79048, 2.08446, 18.40981], [4.78358, 4.54701, 18.39138], [3.1894, 0.20055, 19.66115], [3.1894, 3.34892, 20.4032], [3.1894, 2.19734, 21.11575], [0.0, 0.0, 8.78425], [1.5947, 3.21027, 8.78425], [1.5947, 0.0, 11.99428], [0.0, 3.21027, 11.99428], [-0.0, 0.03184, 15.23827], [1.59174, 3.24299, 15.17797], [1.57797, 0.10797, 18.43799], [-0.0, 3.32353, 18.51097], [3.1894, 0.0, 8.78425], [4.7841, 3.21027, 8.78425], [4.7841, 0.0, 11.99428], [3.1894, 3.21027, 11.99428], [3.1894, 0.03389, 15.24987], [4.78706, 3.24299, 15.17797], [4.80083, 0.10797, 18.43799], [3.1894, 3.3049, 18.44185], [3.1894, 1.2817, 20.43764]],
 "stress": [0.019156876714799705, 0.0005694628096273367, 0.0004970488207488392, 0.00107067471696314, -0.0, -0.0],
 "unique_id": "e3ba9bc92a6ad82e58d6ba9ff36f0c72",
 "user": "raul_desktop"},
"ids": [1],
"nextid": 2}
