{"1": {
 "calculator": "unknown",
 "calculator_parameters": {"energy": -351.60359109},
 "cell": [[6.3788, 0.0, 0.0], [0.0, 6.42053, 0.0], [0.0, 0.0, 27.84090828]],
 "constraints": [{"name": "FixAtoms", "kwargs": {"indices": [0, 1, 2, 3, 4, 5, 6, 7, 8, 17, 18, 19, 20, 21, 22, 23, 24, 25, 35, 36, 37, 38, 43, 44, 45, 46]}}],
 "ctime": 18.976119972053507,
 "energy": -351.60359109,
 "forces": [[0.0, -0.004206, 1.678223], [0.001192, -1.514296, -0.536208], [0.001765, 1.515282, -0.536463], [0.0, -0.000548, -1.383893], [0.0, -0.008244, 1.263162], [0.009766, 1.608785, -0.05578], [0.006324, -1.620827, -0.057756], [0.0, 0.012716, -0.890737], [0.0, 0.085087, 1.394896], [0.000671, -0.008952, -0.001955], [2.7e-05, -0.006876, -0.00901], [0.0, -0.005968, -0.00159], [0.0, 0.005241, -0.003126], [-0.003497, -0.002097, -0.000475], [-0.000434, -0.00462, 0.000718], [0.0, -0.004374, 0.004348], [0.0, -0.000385, 0.00338], [0.0, -0.004157, 1.677047], [-0.001192, -1.514296, -0.536208], [-0.001765, 1.515282, -0.536463], [0.0, -0.002207, -1.394599], [0.0, -0.01019, 1.310192], [-0.009766, 1.608785, -0.05578], [-0.006324, -1.620827, -0.057756], [0.0, 0.002079, -0.780247], [0.0, 0.096409, 1.363087], [-0.000671, -0.008952, -0.001955], [-2.7e-05, -0.006876, -0.00901], [0.0, -0.012951, -0.009176], [0.0, -0.00589, 0.00017], [0.003497, -0.002097, -0.000475], [0.000434, -0.00462, 0.000718], [0.0, 0.001272, -0.001886], [0.0, -0.008893, 0.015071], [0.0, -0.003484, -0.003616], [0.0, -0.00457, 0.606909], [-0.004902, -0.012436, -1.235436], [0.029707, 0.014379, -0.101681], [0.0, -0.009318, -0.187112], [0.0, -0.006532, -1.4e-05], [0.000568, -0.006882, -0.003849], [0.000132, -0.00239, -0.002304], [0.0, -0.005013, -0.005894], [0.0, -0.004977, 0.632921], [0.004902, -0.012436, -1.235436], [-0.029707, 0.014379, -0.101681], [0.0, -0.016618, -0.198414], [0.0, -0.007658, -0.001587], [-0.000568, -0.006882, -0.003849], [-0.000132, -0.00239, -0.002304], [0.0, -0.004338, -0.003141], [0.0, 0.009578, -0.003975]],
 "magmom": 1.7833346,
 "magmoms": [0.004, -0.0, -0.0, 0.001, 0.006, -0.003, -0.001, 0.019, 0.0, -0.003, -0.004, 0.011, 0.026, -0.046, -0.027, 0.087, 0.622, -0.014, -0.001, 0.0, 0.003, 0.004, -0.002, -0.002, -0.005, -0.021, -0.002, -0.004, -0.01, -0.016, -0.042, -0.033, 0.002, 0.291, 0.355, 0.007, -0.007, 0.009, 0.005, 0.047, -0.035, -0.005, 0.497, 0.004, -0.007, 0.009, -0.008, -0.036, -0.035, -0.009, -0.16, -0.001],
 "mtime": 18.976119972053507,
 "numbers": [8, 8, 8, 8, 8, 8, 8, 8, 8, 8, 8, 8, 8, 8, 8, 8, 8, 8, 8, 8, 8, 8, 8, 8, 8, 8, 8, 8, 8, 8, 8, 8, 8, 8, 8, 77, 77, 77, 77, 77, 77, 77, 77, 77, 77, 77, 77, 77, 77, 77, 77, 1],
 "pbc": [true, true, true],
 "positions": [[0.0, 3.21027, 7.5], [1.5947, 1.28411, 8.78425], [1.5947, 5.13642, 8.78425], [0.0, 3.21027, 10.0681], [0.0, 0.0, 10.71003], [1.5947, 1.92616, 11.99428], [1.5947, 4.49437, 11.99428], [0.0, 0.0, 13.27853], [0.0, 3.21027, 13.92045], [1.59564, 1.26045, 15.22203], [1.59533, 5.22054, 15.2235], [-0.0, 3.25172, 16.4309], [-0.0, 0.07641, 17.19034], [1.59368, 2.06608, 18.43877], [1.58645, 4.5259, 18.39119], [-0.0, 0.08671, 19.60892], [-0.0, 3.34912, 20.3113], [3.1894, 3.21027, 7.5], [4.7841, 1.28411, 8.78425], [4.7841, 5.13642, 8.78425], [3.1894, 3.21027, 10.0681], [3.1894, 0.0, 10.71003], [4.7841, 1.92616, 11.99428], [4.7841, 4.49437, 11.99428], [3.1894, 0.0, 13.27853], [3.1894, 3.21027, 13.92045], [4.78316, 1.26045, 15.22203], [4.78347, 5.22054, 15.2235], [3.1894, 3.28097, 16.40214], [3.1894, 0.07512, 17.22238], [4.78512, 2.06608, 18.43877], [4.79235, 4.5259, 18.39119], [3.1894, 0.04731, 19.6931], [3.1894, 3.36245, 20.42957], [3.1894, 2.2554, 21.12601], [0.0, 0.0, 8.78425], [1.5947, 3.21027, 8.78425], [1.5947, 0.0, 11.99428], [0.0, 3.21027, 11.99428], [-0.0, 0.03086, 15.23173], [1.59266, 3.23903, 15.17774], [1.56324, 0.08464, 18.42892], [-0.0, 3.30011, 18.52145], [3.1894, 0.0, 8.78425], [4.7841, 3.21027, 8.78425], [4.7841, 0.0, 11.99428], [3.1894, 3.21027, 11.99428], [3.1894, 0.03124, 15.25028], [4.78614, 3.23903, 15.17774], [4.81556, 0.08464, 18.42892], [3.1894, 3.29446, 18.45583], [3.1894, 0.84547, 20.32727]],
 "stress": [0.018011328854362473, -0.0004910569719879913, 0.00013598375932561855, 0.0005912706425131728, -0.0, -0.0],
 "unique_id": "2014f447854a94562904f35f48c4814c",
 "user": "raul_desktop"},
"ids": [1],
"nextid": 2}
