{"1": {
 "calculator": "unknown",
 "calculator_parameters": {"energy": -455.37176361},
 "cell": [[6.3788, 0.0, 0.0], [0.0, 9.08, 0.0], [0.0, 0.0, 26.3501]],
 "constraints": [{"name": "FixAtoms", "kwargs": {"indices": [0, 1, 2, 3, 4, 5, 6, 11, 12, 13, 14, 15, 16, 17, 22, 23, 24, 25, 26, 27, 28, 33, 34, 35, 36, 37, 38, 39, 45, 46, 47, 50, 51, 52, 55, 56, 57, 60, 61, 62]}}],
 "ctime": 18.97611988662269,
 "energy": -455.37176361,
 "forces": [[-0.008587, 1.803269, 0.820319], [-0.007943, -0.481126, -1.387647], [0.001689, -0.760887, 0.909666], [0.005543, 1.010778, -0.980967], [-0.000855, 1.215091, 1.18447], [0.00562, -0.622132, -0.694829], [-0.006735, -0.51157, 0.765268], [-0.013268, -0.008417, 0.008578], [0.014772, 0.002541, 0.005556], [-0.012002, 0.002566, -0.001537], [0.008639, 0.002738, -0.011741], [-0.001262, 1.80328, 0.827884], [-0.003843, -0.497005, -1.422693], [0.003671, -0.759912, 0.900058], [-0.001862, 1.016488, -0.983617], [-0.021743, 1.181502, 1.167313], [-0.002593, -0.735642, -0.798583], [0.052278, -0.44162, 0.765076], [-0.005695, 0.0075, -0.032765], [0.005607, -0.000666, -0.004214], [-0.001938, 0.001174, 0.004915], [-0.004255, 0.002262, 0.010322], [0.003745, 1.815017, 0.829945], [0.003505, -0.484452, -1.390998], [-0.001291, -0.772643, 0.927989], [0.000712, 0.986028, -0.978449], [0.003343, 1.208968, 1.173302], [0.019933, -0.650938, -0.691107], [0.016488, -0.479585, 0.693139], [0.006684, -0.003639, -0.000206], [0.000731, 0.01011, 0.002169], [-0.006589, -0.00554, -0.00967], [0.035186, -0.001016, 0.004401], [0.002343, 1.812325, 0.825105], [-0.006368, -0.510318, -1.41584], [-0.003963, -0.766975, 0.900782], [0.002752, 1.025958, -0.999648], [0.010537, 1.19811, 1.19161], [0.017159, -0.627438, -0.706438], [-0.073779, -0.583361, 0.842532], [-0.004039, -0.008721, 0.005803], [-0.011218, 0.001361, 0.012854], [-0.004859, 0.005756, 0.001476], [-0.032198, -0.027427, 0.005727], [0.023507, 0.022771, -0.020273], [-0.000654, -1.512213, -0.282195], [0.00685, -0.1673, -0.411372], [-0.017452, 0.048707, 0.126174], [0.003558, 0.007039, 0.002257], [0.004134, 0.001245, 0.005892], [0.005306, -1.52126, -0.269509], [-0.004577, -0.182538, -0.395034], [0.018011, 0.066951, 0.056472], [-0.001914, -0.000106, 0.006309], [-6.6e-05, -0.000439, 0.004018], [0.003252, -1.50783, -0.268965], [-0.01208, -0.17625, -0.419671], [-0.011724, 0.082847, 0.131817], [-0.00335, -0.000381, -0.001182], [-4.8e-05, 0.000697, 0.004973], [-0.004325, -1.493784, -0.266431], [0.001735, -0.172245, -0.390212], [-0.031337, 0.104498, 0.110663], [-0.007873, 0.002836, 0.002026], [-0.004676, 0.002569, 0.0029], [0.012849, 0.006522, -0.006204], [0.016292, -0.004676, -0.010282], [0.010024, 0.007981, 0.003466], [0.010507, 0.012564, 0.009051]],
 "magmom": 2.66e-05,
 "magmoms": [0.0, -0.0, 0.0, -0.0, -0.0, -0.0, -0.0, 0.0, -0.0, 0.0, 0.0, 0.0, 0.0, 0.0, 0.0, -0.0, 0.0, 0.0, 0.0, 0.0, 0.0, 0.0, 0.0, -0.0, 0.0, 0.0, -0.0, 0.0, 0.0, -0.0, -0.0, -0.0, 0.0, 0.0, 0.0, 0.0, 0.0, -0.0, 0.0, 0.0, 0.0, -0.0, 0.0, 0.0, 0.0, 0.0, -0.0, -0.0, -0.0, 0.0, 0.0, 0.0, 0.0, 0.0, 0.0, 0.0, -0.0, 0.0, -0.0, 0.0, 0.0, 0.0, 0.0, -0.0, 0.0, 0.0, 0.0, -0.0, 0.0],
 "mtime": 18.97611988662269,
 "numbers": [8, 8, 8, 8, 8, 8, 8, 8, 8, 8, 8, 8, 8, 8, 8, 8, 8, 8, 8, 8, 8, 8, 8, 8, 8, 8, 8, 8, 8, 8, 8, 8, 8, 8, 8, 8, 8, 8, 8, 8, 8, 8, 8, 8, 8, 77, 77, 77, 77, 77, 77, 77, 77, 77, 77, 77, 77, 77, 77, 77, 77, 77, 77, 77, 77, 1, 1, 1, 1],
 "pbc": [true, true, true],
 "positions": [[1.5947, 0.454, 7.50003], [1.5947, 2.27, 9.31608], [0.0, 0.0, 9.76983], [0.0, 2.724, 11.58588], [1.5947, 0.454, 12.03962], [1.5947, 2.27, 13.85567], [0.0, 0.0, 14.30995], [6.36469, 2.83307, 16.07813], [1.5974, 0.57752, 16.58402], [1.55649, 2.35995, 18.24967], [0.0185, 0.0695, 18.82976], [1.5947, 4.994, 7.50003], [1.5947, 6.81, 9.31608], [0.0, 4.54, 9.76983], [0.0, 7.264, 11.58588], [1.5947, 4.994, 12.03962], [1.5947, 6.81, 13.85567], [0.0, 4.54, 14.30995], [6.38022, 7.36973, 16.0675], [1.60497, 5.07768, 16.64177], [1.58956, 6.88188, 18.23253], [6.2934, 4.67306, 18.88104], [4.7841, 0.454, 7.50003], [4.7841, 2.27, 9.31608], [3.1894, 0.0, 9.76983], [3.1894, 2.724, 11.58588], [4.7841, 0.454, 12.03962], [4.7841, 2.27, 13.85567], [3.1894, 0.0, 14.30995], [3.20142, 2.81328, 16.06729], [4.79162, 0.54123, 16.63058], [4.78101, 2.24393, 18.33358], [2.91804, 0.30491, 19.05714], [4.7841, 4.994, 7.50003], [4.7841, 6.81, 9.31608], [3.1894, 4.54, 9.76983], [3.1894, 7.264, 11.58588], [4.7841, 4.994, 12.03962], [4.7841, 6.81, 13.85567], [3.1894, 4.54, 14.30995], [3.18498, 7.37504, 16.06346], [4.77381, 5.12192, 16.60142], [4.76904, 6.88387, 18.25133], [3.21857, 4.74111, 18.99626], [3.90614, 8.74281, 19.76993], [0.0, 1.362, 8.40805], [1.5947, 3.632, 10.67785], [0.0, 1.362, 12.94765], [1.59328, 3.69596, 15.22286], [6.37998, 1.4289, 17.48993], [0.0, 5.902, 8.40805], [1.5947, 8.172, 10.67785], [0.0, 5.902, 12.94765], [1.59541, 8.23924, 15.20891], [0.00714, 5.97911, 17.49145], [3.1894, 1.362, 8.40805], [4.7841, 3.632, 10.67785], [3.1894, 1.362, 12.94765], [4.78169, 3.70824, 15.216], [3.19319, 1.42607, 17.5069], [3.1894, 5.902, 8.40805], [4.7841, 8.172, 10.67785], [3.1894, 5.902, 12.94765], [4.78219, 8.24108, 15.21799], [3.18571, 5.95396, 17.52009], [4.47007, 8.1836, 19.10753], [3.03137, 3.81071, 18.74707], [0.87868, 8.66122, 18.86828], [0.74073, 4.1373, 18.94594]],
 "stress": [0.02455321684843799, 9.781693102084242e-05, -0.0015038791408633191, 0.005665692459965772, -0.00012979842378186825, -0.000314259984488222],
 "unique_id": "93b44a163bf1f96a9b15cf0a48fe2d2b",
 "user": "raul_desktop"},
"ids": [1],
"nextid": 2}
