{"1": {
 "calculator": "unknown",
 "calculator_parameters": {"energy": -539.00686386},
 "cell": [[9.3927, 0.0, 0.0], [0.0, 8.72335, 0.0], [0.0, 0.0, 27.0937]],
 "constraints": [{"name": "FixAtoms", "kwargs": {"indices": [0, 1, 2, 3, 4, 5, 6, 7, 8, 9, 10, 11, 12, 13, 14, 15, 16, 17, 18, 19, 34, 35, 36, 37, 38, 39, 40, 41, 42, 43, 44, 45, 46, 47, 48, 49, 50, 51, 52, 53, 66, 67, 68, 69, 70, 71, 76, 77, 78, 79, 80, 81]}}],
 "ctime": 18.97612953917998,
 "energy": -539.00686386,
 "forces": [[1.481297, 0.136642, 1.811198], [1.449658, -0.136416, 1.778906], [-0.972825, 2.002632, 1.506359], [-0.994385, -2.037874, 1.518505], [0.279805, 0.01462, 0.316082], [0.090762, 0.006715, 0.571465], [-0.060959, 0.001875, 0.229127], [-0.049631, -0.049816, 0.223958], [0.277948, -0.125031, 0.443996], [0.284555, 0.11553, 0.479224], [0.114049, 0.002921, 0.196868], [-0.056617, 0.011771, -0.192275], [-0.128461, -0.10607, -0.04898], [-0.073757, 0.032565, -0.033502], [-0.069559, 0.037274, 0.053736], [-0.076481, -0.08011, 0.033934], [-0.014481, -0.041144, 0.046586], [0.015187, -0.041729, -0.106799], [0.157565, 0.00814, -0.070239], [0.019759, 0.381502, -0.24435], [-0.001209, -0.00464, -0.000373], [-0.004046, -0.000994, -0.001168], [-0.003087, -0.003622, 0.00219], [0.006191, 0.010231, -0.006259], [-0.001695, 0.001614, -0.001007], [-0.003827, -0.005393, -0.000289], [0.00164, 0.001152, -0.006343], [-0.004846, -0.000469, -0.004236], [-0.011994, 0.008005, 0.001656], [0.00565, -0.001526, 0.002819], [0.000486, -0.001225, 0.016681], [-0.003965, -0.008205, 0.003304], [0.013038, 0.002946, 0.007932], [-0.006307, -0.007612, -0.001158], [1.456857, 0.13539, 1.790487], [1.498615, -0.139922, 1.835217], [-0.991077, 2.032229, 1.515573], [-0.963581, -1.986204, 1.500585], [0.278181, -0.019357, 0.305376], [0.090713, 0.000803, 0.569999], [-0.035488, 0.032724, 0.220675], [-0.076971, 0.007294, 0.242375], [0.27788, -0.120192, 0.480824], [0.241576, 0.102574, 0.425039], [0.087671, -0.012577, 0.174406], [-0.076217, -0.006541, -0.199894], [-0.132283, -0.080324, -0.040661], [-0.003271, -0.011988, 0.049935], [-0.093994, 0.046762, 0.064189], [-0.058901, -0.037396, 0.079612], [-0.007227, -0.007294, 0.081336], [0.042634, -0.029706, 0.008021], [-0.163127, -0.175352, 0.306593], [-0.081605, 0.096849, 0.021328], [-0.005775, 0.011521, -0.011439], [0.000601, -0.00495, -0.004177], [0.006418, 0.001315, 0.004054], [0.002786, 0.002854, 0.002605], [0.004835, 0.005123, -0.001416], [-0.001525, 0.006828, 0.001131], [0.000231, 0.001895, -0.005572], [-9.9e-05, -0.002332, 0.012104], [0.00397, -0.010591, -0.004265], [-0.001207, 0.009738, 0.0027], [-0.005054, -0.002334, -0.003385], [-0.001131, -0.002636, -0.008725], [-0.935741, -2.537078, -4.53889], [-0.873512, 2.565674, -4.555849], [0.12395, 0.19902, 0.097768], [0.098619, -0.113687, 0.161261], [0.055412, 0.103939, 0.044263], [0.135341, -0.326949, -0.112913], [-0.003121, -0.004048, 0.01132], [0.000951, -0.000848, 0.001114], [0.005965, 0.005542, 0.002392], [-0.0034, 0.004636, -0.001395], [-0.886457, -2.561207, -4.563476], [-0.941392, 2.461103, -4.539769], [0.09257, 0.23213, 0.098889], [0.10533, -0.113401, 0.112649], [0.045654, 0.104715, -0.081304], [0.017301, 0.024605, -0.070205], [-0.001138, -0.003123, 0.000883], [0.00183, 0.005826, -0.003462], [0.009926, -0.013249, 0.007244], [-0.010583, -0.000995, 0.003669], [0.008604, -0.001067, -0.016362]],
 "magmom": 4.4136237,
 "magmoms": [0.616, 0.637, 0.303, 0.233, -0.14, -0.093, -0.104, -0.105, -0.036, -0.028, 0.034, 0.017, 0.016, 0.019, 0.011, 0.015, -0.011, -0.013, -0.005, 0.004, 0.002, -0.004, 0.003, 0.005, -0.016, 0.008, -0.005, -0.011, -0.022, -0.013, 0.134, 0.309, -0.004, 0.019, 0.633, 0.605, 0.238, 0.319, -0.14, -0.094, -0.101, -0.1, -0.03, -0.043, 0.03, 0.013, 0.016, 0.013, 0.002, 0.012, -0.011, -0.013, -0.022, -0.027, -0.003, 0.005, 0.015, -0.005, 0.003, 0.036, 0.005, 0.001, 0.003, 0.009, 0.0, 0.01, 0.065, 0.059, -0.009, -0.019, -0.008, 0.022, 0.004, 0.002, 0.064, 0.191, 0.06, 0.062, -0.005, -0.005, -0.028, -0.003, -0.02, -0.062, 0.001, 0.054, 0.0],
 "mtime": 18.97612953917998,
 "numbers": [8, 8, 8, 8, 8, 8, 8, 8, 8, 8, 8, 8, 8, 8, 8, 8, 8, 8, 8, 8, 8, 8, 8, 8, 8, 8, 8, 8, 8, 8, 8, 8, 8, 8, 8, 8, 8, 8, 8, 8, 8, 8, 8, 8, 8, 8, 8, 8, 8, 8, 8, 8, 8, 8, 8, 8, 8, 8, 8, 8, 8, 8, 8, 8, 8, 8, 77, 77, 77, 77, 77, 77, 77, 77, 77, 77, 77, 77, 77, 77, 77, 77, 77, 77, 77, 77, 1],
 "pbc": [true, true, true],
 "positions": [[1.84444, 2.83282, 7.50008], [1.84444, 5.89053, 7.50008], [4.19253, 1.52885, 7.85311], [4.19253, 7.1945, 7.85311], [4.04205, 4.36167, 8.00348], [2.34808, 4.36167, 9.69738], [2.19761, 1.52885, 9.84802], [2.19761, 7.1945, 9.84802], [4.54579, 2.83282, 10.20132], [4.54579, 5.89053, 10.20132], [4.69635, 0.0, 10.35169], [1.69388, 0.0, 12.04532], [1.84444, 2.83282, 12.19623], [1.84444, 5.89053, 12.19623], [4.19253, 1.52885, 12.54926], [4.19253, 7.1945, 12.54926], [4.04205, 4.36167, 12.69963], [2.34808, 4.36167, 14.39407], [2.19761, 1.52885, 14.54444], [2.19761, 7.1945, 14.54444], [4.55233, 2.85543, 14.89696], [4.53237, 5.88239, 14.90476], [4.67334, 8.72043, 15.0305], [1.67035, 8.72073, 16.76435], [1.76704, 2.83956, 16.92489], [1.92161, 5.88909, 16.82559], [4.15513, 1.55425, 17.23783], [4.23323, 7.16989, 17.30564], [3.93053, 4.36277, 17.3803], [2.3644, 4.35696, 19.1779], [2.17626, 1.76058, 19.35641], [2.1035, 6.98142, 19.13286], [4.70034, 2.79455, 19.43743], [4.58459, 5.84839, 19.59124], [6.54079, 2.83282, 7.50008], [6.54079, 5.89053, 7.50008], [8.88888, 1.52885, 7.85311], [8.88888, 7.1945, 7.85311], [8.7384, 4.36167, 8.00348], [7.04443, 4.36167, 9.69738], [6.89396, 1.52885, 9.84802], [6.89396, 7.1945, 9.84802], [9.24214, 2.83282, 10.20132], [9.24214, 5.89053, 10.20132], [0.0, 0.0, 10.35169], [6.39023, 0.0, 12.04532], [6.54079, 2.83282, 12.19623], [6.54079, 5.89053, 12.19623], [8.88888, 1.52885, 12.54926], [8.88888, 7.1945, 12.54926], [8.7384, 4.36167, 12.69963], [7.04443, 4.36167, 14.39407], [6.89396, 1.52885, 14.54444], [6.89396, 7.1945, 14.54444], [9.24584, 2.83069, 14.89841], [9.22444, 5.87737, 14.92993], [9.38916, 8.67599, 15.08245], [6.37297, 8.71304, 16.75549], [6.52681, 2.85105, 16.93787], [6.54208, 5.83334, 16.86531], [8.81698, 1.55267, 17.1913], [8.96511, 7.15913, 17.3524], [8.86043, 4.46873, 17.51581], [7.05904, 4.4721, 19.06355], [8.48135, 2.36121, 19.66287], [7.30682, 6.99232, 19.68821], [3.19502, 2.83212, 8.8507], [3.19502, 5.89131, 8.8507], [0.84685, 1.52955, 11.19864], [0.84685, 7.1938, 11.19864], [3.19502, 2.83212, 13.54685], [3.19502, 5.89131, 13.54685], [0.8345, 1.50313, 15.87967], [0.88962, 7.14492, 15.90386], [3.12888, 2.76506, 18.27582], [3.2875, 5.87914, 18.38587], [7.89146, 2.83212, 8.8507], [7.89146, 5.89131, 8.8507], [5.5432, 1.52955, 11.19864], [5.5432, 7.1938, 11.19864], [7.89146, 2.83212, 13.54685], [7.89146, 5.89131, 13.54685], [5.52336, 1.51409, 15.8864], [5.53267, 7.19273, 15.88832], [7.93259, 2.98953, 18.13314], [7.77767, 6.1131, 18.27143], [4.73667, 3.63916, 19.9391]],
 "stress": [0.005096516759758227, 0.0052454766165565565, 0.006573832037781786, -5.4613204851478515e-06, 0.0013231000705412365, -0.0005772272469799356],
 "unique_id": "c314e2d2c6cb6002e50603de5a5645f7",
 "user": "raul_desktop"},
"ids": [1],
"nextid": 2}
