{"1": {
 "calculator": "unknown",
 "calculator_parameters": {"energy": -543.95991686},
 "cell": [[9.3927, 0.0, 0.0], [0.0, 8.72335, 0.0], [0.0, 0.0, 27.0937]],
 "constraints": [{"name": "FixAtoms", "kwargs": {"indices": [0, 1, 2, 3, 4, 5, 6, 7, 8, 9, 10, 11, 12, 13, 14, 15, 16, 17, 18, 19, 34, 35, 36, 37, 38, 39, 40, 41, 42, 43, 44, 45, 46, 47, 48, 49, 50, 51, 52, 53, 67, 68, 69, 70, 71, 72, 77, 78, 79, 80, 81, 82]}}],
 "ctime": 18.976129538081448,
 "energy": -543.95991686,
 "forces": [[1.4096, 0.117812, 1.606594], [1.405057, -0.116123, 1.608115], [-0.888004, 1.723405, 1.312952], [-0.887395, -1.729694, 1.316491], [0.231285, 0.00134, 0.275785], [0.006634, 0.001907, 0.643582], [-0.078119, 0.00108, 0.192155], [-0.082797, -0.005712, 0.207457], [0.28316, -0.125463, 0.495335], [0.283828, 0.1313, 0.501845], [0.106712, 0.003068, 0.173563], [-0.091363, 0.013965, -0.152691], [-0.159779, -0.12684, -0.088443], [-0.107417, 0.06239, -0.062598], [-0.071568, 0.034455, 0.023625], [-0.057443, -0.081153, 0.000212], [-0.040449, -0.09241, 0.03379], [0.020254, -0.027925, -0.120758], [0.253236, 0.03811, -0.079832], [0.037575, 0.297724, -0.117741], [0.004085, -0.010972, -0.00376], [0.001255, -0.008523, 0.003076], [0.003737, -0.00248, 0.006951], [-0.000338, -0.001828, 0.002695], [-6.4e-05, -0.008781, 0.007362], [0.001426, 0.000142, -0.000341], [0.002659, 0.007618, 0.010389], [-0.000892, 0.002259, 0.003135], [-0.001481, 0.004036, 0.009662], [-0.003229, -0.000338, -8e-05], [-0.005969, -0.003949, 0.018424], [-0.005473, 0.004328, 0.004925], [0.00559, 0.00076, 0.006835], [-0.007383, 0.005457, -0.011405], [1.407432, 0.113526, 1.612341], [1.412921, -0.111823, 1.614219], [-0.888536, 1.737553, 1.312911], [-0.885635, -1.714919, 1.311896], [0.225286, -0.00732, 0.273625], [0.007931, 0.005427, 0.631697], [-0.071836, 0.009874, 0.202569], [-0.089842, 0.005474, 0.210514], [0.278872, -0.120371, 0.505347], [0.263431, 0.119316, 0.485682], [0.096503, 0.00164, 0.160778], [-0.106335, -0.008962, -0.162502], [-0.141128, -0.088377, -0.045165], [-0.046143, 0.009413, -0.000298], [-0.086732, 0.031159, 0.035025], [-0.056895, -0.030734, 0.057645], [-0.025747, -0.020282, 0.084025], [0.020736, -0.037144, 0.011744], [-0.097849, -0.209155, 0.228433], [-0.007618, 0.002734, 0.057003], [0.00397, -0.007502, 0.009373], [-0.000186, 0.007369, 0.0026], [0.000526, -0.000629, -0.002129], [0.009528, -0.002567, -0.008499], [0.00048, 0.003894, 0.005166], [-0.005586, 0.001614, -0.001526], [-0.002111, -0.001545, 0.003248], [0.003359, -0.00872, -0.001727], [-0.007644, 0.000509, -0.002937], [-0.002253, 0.004725, 0.007934], [0.002029, 0.001869, -0.004719], [-0.003187, 0.002508, 0.006403], [-0.002504, -0.009901, 0.009242], [-0.920236, -2.104771, -4.153069], [-0.904918, 2.09663, -4.174873], [0.163322, 0.211554, 0.1153], [0.15288, -0.154555, 0.160756], [0.07007, 0.196999, -0.032402], [0.100604, -0.314022, -0.125636], [-0.001987, 0.001454, -0.000624], [0.001353, 0.001823, -0.001439], [-0.000251, 0.00811, -0.001312], [0.001145, 0.001612, -0.010847], [-0.91163, -2.112905, -4.173295], [-0.909162, 2.059068, -4.153391], [0.162784, 0.242989, 0.073023], [0.127491, -0.124455, 0.157166], [0.075069, 0.156613, -0.048251], [0.030358, 0.033457, -0.07871], [0.001477, 0.00153, 0.002206], [0.002716, 0.004116, 0.001181], [-0.00031, -0.000865, -0.000805], [-0.001782, -0.001204, 0.001895], [-0.011161, 0.0092, 0.005904]],
 "magmom": 0.6728852,
 "magmoms": [-0.684, -0.686, 0.734, 0.734, 0.035, 0.036, -0.033, -0.033, -0.004, -0.001, -0.009, 0.025, 0.003, 0.003, -0.044, -0.044, 0.0, 0.013, -0.005, -0.004, 0.019, 0.011, 0.004, -0.005, -0.007, -0.008, -0.008, -0.007, -0.019, -0.003, 0.107, 0.345, -0.016, -0.023, -0.683, -0.682, 0.732, 0.737, 0.032, 0.037, -0.038, -0.033, 0.0, 0.001, -0.006, 0.022, -0.003, -0.001, -0.045, -0.042, -0.005, 0.013, -0.021, -0.025, 0.004, 0.013, -0.006, 0.004, 0.001, -0.001, 0.01, 0.015, -0.001, 0.007, -0.036, -0.013, -0.017, 0.053, 0.053, -0.043, -0.048, 0.003, 0.011, -0.002, -0.007, 0.05, 0.187, 0.049, 0.056, -0.065, -0.05, -0.017, -0.006, -0.001, -0.052, -0.019, 0.006, -0.0],
 "mtime": 18.976129538081448,
 "numbers": [8, 8, 8, 8, 8, 8, 8, 8, 8, 8, 8, 8, 8, 8, 8, 8, 8, 8, 8, 8, 8, 8, 8, 8, 8, 8, 8, 8, 8, 8, 8, 8, 8, 8, 8, 8, 8, 8, 8, 8, 8, 8, 8, 8, 8, 8, 8, 8, 8, 8, 8, 8, 8, 8, 8, 8, 8, 8, 8, 8, 8, 8, 8, 8, 8, 8, 8, 77, 77, 77, 77, 77, 77, 77, 77, 77, 77, 77, 77, 77, 77, 77, 77, 77, 77, 77, 77, 1],
 "pbc": [true, true, true],
 "positions": [[1.84444, 2.83282, 7.50008], [1.84444, 5.89053, 7.50008], [4.19253, 1.52885, 7.85311], [4.19253, 7.1945, 7.85311], [4.04205, 4.36167, 8.00348], [2.34808, 4.36167, 9.69738], [2.19761, 1.52885, 9.84802], [2.19761, 7.1945, 9.84802], [4.54579, 2.83282, 10.20132], [4.54579, 5.89053, 10.20132], [4.69635, 0.0, 10.35169], [1.69388, 0.0, 12.04532], [1.84444, 2.83282, 12.19623], [1.84444, 5.89053, 12.19623], [4.19253, 1.52885, 12.54926], [4.19253, 7.1945, 12.54926], [4.04205, 4.36167, 12.69963], [2.34808, 4.36167, 14.39407], [2.19761, 1.52885, 14.54444], [2.19761, 7.1945, 14.54444], [4.55135, 2.8559, 14.89374], [4.54748, 5.86709, 14.89112], [4.68256, 8.70117, 15.00327], [1.66276, 8.71976, 16.7626], [1.74632, 2.85701, 16.93809], [1.90852, 5.88148, 16.8185], [4.11036, 1.52784, 17.19985], [4.18312, 7.17809, 17.24584], [3.94292, 4.35161, 17.39797], [2.42041, 4.34131, 19.21096], [2.15321, 1.78481, 19.41611], [2.05722, 6.91698, 19.13215], [4.78196, 2.63691, 19.33285], [4.63081, 5.99464, 19.51042], [6.54079, 2.83282, 7.50008], [6.54079, 5.89053, 7.50008], [8.88888, 1.52885, 7.85311], [8.88888, 7.1945, 7.85311], [8.7384, 4.36167, 8.00348], [7.04443, 4.36167, 9.69738], [6.89396, 1.52885, 9.84802], [6.89396, 7.1945, 9.84802], [9.24214, 2.83282, 10.20132], [9.24214, 5.89053, 10.20132], [0.0, 0.0, 10.35169], [6.39023, 0.0, 12.04532], [6.54079, 2.83282, 12.19623], [6.54079, 5.89053, 12.19623], [8.88888, 1.52885, 12.54926], [8.88888, 7.1945, 12.54926], [8.7384, 4.36167, 12.69963], [7.04443, 4.36167, 14.39407], [6.89396, 1.52885, 14.54444], [6.89396, 7.1945, 14.54444], [9.25028, 2.83414, 14.89668], [9.23279, 5.86489, 14.92022], [0.00114, 8.67258, 15.05891], [6.3513, 8.70875, 16.76315], [6.52501, 2.83463, 16.92491], [6.54575, 5.85547, 16.88526], [8.81075, 1.51886, 17.17507], [8.93114, 7.16456, 17.2982], [8.85655, 4.44476, 17.5501], [7.03772, 4.41634, 19.09803], [8.46318, 2.30103, 19.65847], [7.55321, 6.88, 19.77716], [4.93162, 3.60216, 20.32722], [3.19502, 2.83212, 8.8507], [3.19502, 5.89131, 8.8507], [0.84685, 1.52955, 11.19864], [0.84685, 7.1938, 11.19864], [3.19502, 2.83212, 13.54685], [3.19502, 5.89131, 13.54685], [0.84203, 1.50051, 15.87238], [0.87861, 7.14742, 15.90015], [3.11605, 2.71534, 18.28297], [3.28553, 5.85837, 18.38304], [7.89146, 2.83212, 8.8507], [7.89146, 5.89131, 8.8507], [5.5432, 1.52955, 11.19864], [5.5432, 7.1938, 11.19864], [7.89146, 2.83212, 13.54685], [7.89146, 5.89131, 13.54685], [5.51813, 1.50281, 15.86827], [5.52764, 7.18377, 15.88472], [7.93132, 2.9315, 18.12294], [7.8182, 6.05821, 18.27917], [5.83398, 4.0099, 20.04426]],
 "stress": [0.004880891343986338, 0.0044916271443323766, 0.00528507275045116, -0.00014770531346402731, 0.0014136394019212991, -0.0003398376888860916],
 "unique_id": "d6d38fa8004372edb5ae8efda9a922e0",
 "user": "raul_desktop"},
"ids": [1],
"nextid": 2}
