{"1": {
 "calculator": "unknown",
 "calculator_parameters": {"energy": -330.340637},
 "cell": [[8.61194, 0.0, 0.0], [-0.305740631, 5.136508739, 0.0], [0.0, 0.0, 27.67670537]],
 "constraints": [{"name": "FixAtoms", "kwargs": {"indices": [0, 1, 2, 3, 4, 5, 6, 7, 8, 9, 10, 11, 12, 13, 14, 15, 16, 17, 18, 19, 41, 42, 43, 44, 45, 46]}}],
 "ctime": 18.97612833079849,
 "energy": -330.340637,
 "forces": [[-2.686314, 1.027789, 1.129967], [-2.675483, 1.028081, 1.116254], [-1.898157, -1.925928, 0.237914], [-1.887995, -1.936787, 0.22507], [-0.076503, 0.534446, -0.361092], [-0.083848, 0.527426, -0.341441], [-0.029264, 0.069096, -0.346227], [-0.052009, 0.089035, -0.337626], [-0.281624, -0.098199, 0.54913], [-0.317146, -0.101673, 0.531671], [-0.078803, 0.069669, -0.035509], [-0.114669, 0.069068, -0.052], [0.060767, -0.070217, -0.058532], [0.062881, -0.093456, -0.078056], [0.026878, -0.151124, 0.222751], [0.052318, -0.130728, 0.23084], [-0.084583, -0.085093, 0.070118], [0.037861, 0.044428, -0.134022], [0.044929, -0.007676, 0.021185], [0.007334, -0.000747, 0.076237], [0.003623, -0.002741, -0.00437], [-0.000873, -0.004654, -0.009349], [-0.001123, 0.003648, -0.002825], [-0.00437, 0.002276, -0.005403], [0.009244, -0.00287, 0.003915], [0.00387, -0.001907, 0.000228], [-0.000774, 0.001589, -0.000964], [0.002532, 0.003394, 0.000169], [0.002846, -0.002065, -0.004115], [-0.003759, 0.006554, 0.007887], [-0.002953, 0.010338, 0.001517], [0.000521, 0.000383, 0.006232], [0.004427, -0.002057, 0.014289], [0.003972, 0.002559, 0.00206], [-0.000617, -0.003092, 0.008702], [0.006318, 0.001828, 0.005099], [-0.005928, 0.004531, -0.001848], [-0.001392, 0.000873, 0.001466], [0.001659, 0.003552, 0.005013], [-0.008202, -0.001174, -7e-06], [-0.000953, -0.000846, -0.006399], [5.258674, 0.728252, -0.934731], [5.269253, 0.731047, -0.907205], [-0.215543, -0.306703, -0.515179], [-0.225206, -0.320489, -0.505324], [-0.044884, 0.188062, 0.081587], [-0.079077, 0.10814, 0.112906], [-9.7e-05, 0.001443, -0.001275], [-0.000124, 0.000448, -0.00208], [0.001394, -0.002783, -0.000812], [0.006928, 0.004548, -0.000954], [-0.002851, -0.004973, -0.009513], [-0.009373, -0.001756, -0.003793], [0.006267, -0.002763, -0.001557]],
 "magmom": 2.5370232,
 "magmoms": [0.48, 0.5, 0.491, 0.478, -0.011, -0.013, -0.041, -0.037, -0.046, -0.049, 0.014, 0.016, 0.009, 0.017, 0.029, 0.022, -0.014, -0.001, -0.008, -0.012, -0.01, -0.013, 0.004, 0.001, 0.002, 0.004, 0.011, -0.004, -0.001, 0.014, 0.03, 0.004, -0.01, -0.011, 0.004, -0.161, 0.313, 0.016, -0.337, 0.019, -0.253, 0.342, 0.347, -0.047, -0.076, 0.038, 0.05, -0.028, -0.033, 0.017, 0.019, 0.025, 0.04, 0.001],
 "mtime": 18.97612833079849,
 "numbers": [8, 8, 8, 8, 8, 8, 8, 8, 8, 8, 8, 8, 8, 8, 8, 8, 8, 8, 8, 8, 8, 8, 8, 8, 8, 8, 8, 8, 8, 8, 8, 8, 8, 8, 8, 8, 8, 8, 8, 8, 8, 77, 77, 77, 77, 77, 77, 77, 77, 77, 77, 77, 77, 1],
 "pbc": [true, true, true],
 "positions": [[5.09191, 4.03131, 7.5], [0.93881, 1.46306, 7.5], [4.81759, 1.43768, 8.12009], [0.35875, 4.00594, 8.12009], [7.312, 0.61358, 8.88952], [2.85316, 3.18184, 8.88952], [2.57876, 0.5881, 9.50961], [6.73186, 3.15636, 9.50961], [4.71607, 4.81134, 10.1297], [0.56306, 2.24309, 10.1297], [4.33912, 2.21155, 10.89878], [-0.11972, 4.77986, 10.89878], [2.32316, 3.86653, 11.51887], [6.782, 1.29828, 11.51887], [6.20194, 3.84111, 12.13896], [2.04884, 1.27285, 12.13896], [4.54325, 0.4488, 12.9084], [0.08441, 3.01706, 12.9084], [3.96312, 2.99153, 13.52849], [8.42196, 0.42327, 13.52849], [1.94876, 4.64249, 14.15589], [6.41194, 2.0724, 14.14674], [5.71451, 4.61949, 14.94387], [1.57735, 2.05149, 14.92551], [4.00422, 1.11807, 15.5654], [8.15175, 3.72544, 15.50534], [3.40982, 3.63396, 16.15822], [7.91163, 1.14653, 16.17492], [1.79529, 0.29042, 16.93936], [6.01103, 2.82429, 16.93774], [5.64818, 0.28845, 17.5173], [1.18183, 2.83961, 17.55083], [3.66597, 1.86754, 18.21831], [7.86075, 4.48048, 18.09068], [2.80405, 4.26654, 18.95906], [7.21082, 1.52778, 19.19491], [5.34533, 3.61102, 19.36538], [1.24244, 0.88999, 19.48821], [4.98514, 1.12962, 20.37249], [0.49881, 3.41205, 20.1611], [3.67422, 1.29972, 20.62883], [3.68246, 4.87801, 8.50463], [8.14139, 2.30976, 8.50463], [6.60415, 4.79557, 10.51424], [2.45105, 2.22732, 10.51424], [0.9138, 4.71318, 12.5235], [5.37264, 2.14493, 12.5235], [3.83364, 4.62952, 14.5506], [8.30368, 2.07573, 14.53568], [6.76203, 4.59309, 16.54347], [2.57191, 1.94845, 16.56612], [1.05142, 4.39174, 18.81024], [5.62173, 2.02274, 18.61177], [3.28389, 1.5937, 19.69724]],
 "stress": [0.008270536361580143, 0.0064110534797787505, 0.002980539060428662, 0.001662026499094949, -0.003751246848801852, -6.845687209268757e-05],
 "unique_id": "da93fea6a6ca57187cd0e30d2f3b6a3a",
 "user": "raul_desktop"},
"ids": [1],
"nextid": 2}
