{"1": {
 "calculator": "unknown",
 "calculator_parameters": {"energy": -538.32301288},
 "cell": [[9.3927, 0.0, 0.0], [0.0, 8.72335, 0.0], [0.0, 0.0, 27.0937]],
 "constraints": [{"name": "FixAtoms", "kwargs": {"indices": [0, 1, 2, 3, 4, 5, 6, 7, 8, 9, 10, 11, 12, 13, 14, 15, 16, 17, 18, 19, 33, 34, 35, 36, 37, 38, 39, 40, 41, 42, 43, 44, 45, 46, 47, 48, 49, 50, 51, 52, 67, 68, 69, 70, 71, 72, 77, 78, 79, 80, 81, 82]}}],
 "ctime": 18.976129486643337,
 "energy": -538.32301288,
 "forces": [[1.445086, 0.135734, 1.779401], [1.494755, -0.126412, 1.842485], [-0.995955, 2.031201, 1.517295], [-0.964961, -1.987345, 1.504057], [0.277334, -0.009894, 0.310175], [0.091595, 0.001568, 0.564009], [-0.055671, 0.032215, 0.2316], [-0.077314, 0.019249, 0.257238], [0.276703, -0.101069, 0.476339], [0.240878, 0.119947, 0.434076], [0.104542, 0.002271, 0.174319], [-0.085988, 0.009408, -0.179459], [-0.112876, -0.073666, -0.037979], [-0.033022, 0.004829, 0.00173], [-0.094673, 0.043945, 0.040456], [-0.065037, -0.077673, 0.07385], [-0.004659, -0.017927, 0.072521], [0.052843, -0.066214, -0.02312], [-0.183324, -0.039191, 0.36227], [0.105252, 0.045092, -0.278174], [-0.002839, 0.002002, 0.001424], [0.009931, -0.001322, -0.002143], [0.004901, 0.002442, 0.006617], [0.000226, 0.00263, -0.000148], [-0.0027, 0.000761, -0.003853], [0.00296, 0.010499, 0.002048], [0.007486, 0.002449, 0.001229], [0.001984, 0.003385, -0.003025], [-9.7e-05, 0.004665, -0.001703], [-0.000867, 0.010268, -0.006533], [0.004037, 0.008853, -0.000411], [-0.005185, 0.00303, 0.00907], [0.010109, -0.003414, -0.004217], [1.463866, 0.141998, 1.798928], [1.464576, -0.134704, 1.797068], [-0.984927, 2.019215, 1.516539], [-0.984589, -2.013133, 1.517796], [0.280221, 0.003787, 0.316924], [0.090159, 0.008194, 0.570353], [-0.062646, 0.028708, 0.228779], [-0.072532, -0.034543, 0.232104], [0.283847, -0.117078, 0.471851], [0.273944, 0.112161, 0.45623], [0.122167, -0.015797, 0.192124], [-0.069964, 0.010926, -0.189885], [-0.121242, -0.100585, -0.080894], [-0.024643, -0.027827, 0.029611], [-0.082352, 0.02811, 0.016215], [-0.030573, -0.062605, 0.03238], [-0.006982, -0.065282, 0.063039], [0.061428, -0.038328, -0.157057], [0.127402, -0.144091, -0.22183], [-0.063104, 0.302559, -0.085844], [0.003776, -0.007055, 0.000981], [-0.002855, 0.00093, 0.001166], [0.006103, 0.002972, -0.000307], [-0.010078, 0.005374, 0.004378], [0.001484, 0.001119, -0.003557], [0.001962, -5.5e-05, 0.004071], [-0.000814, 0.004825, 0.001335], [-0.013577, -0.006699, -0.000723], [0.003011, -0.009094, 0.011683], [0.001741, -0.012084, -0.004741], [-0.008633, -0.002104, 0.005272], [0.000356, 0.008449, 0.004225], [0.002695, 0.000213, 0.001749], [0.001012, 0.000738, -0.006418], [-0.879872, -2.562823, -4.52902], [-0.94338, 2.449024, -4.540365], [0.119521, 0.24576, 0.077414], [0.079231, -0.128779, 0.132036], [-0.010988, 0.090683, -0.013442], [0.083256, 0.013998, -0.073699], [-0.001307, -0.00473, -0.001784], [-0.006137, 0.001186, -0.011542], [-0.001151, -0.001522, -0.002852], [0.002595, -0.009867, -0.001956], [-0.921407, -2.566406, -4.535903], [-0.909067, 2.539042, -4.526497], [0.104819, 0.177893, 0.122014], [0.112626, -0.06317, 0.138253], [0.042594, 0.118696, 0.146834], [0.029937, -0.193117, -0.002117], [0.001145, -0.002566, -0.005609], [-0.005545, 0.006372, -0.000438], [-0.002827, 0.008165, -0.006572], [0.010264, 0.000632, -0.009746]],
 "magmom": 4.9783911,
 "magmoms": [0.638, 0.603, 0.241, 0.327, -0.138, -0.093, -0.093, -0.093, -0.027, -0.038, 0.031, 0.019, 0.019, 0.022, 0.009, 0.006, -0.011, -0.015, -0.014, -0.005, 0.013, -0.002, -0.015, -0.013, 0.012, 0.02, 0.001, 0.012, 0.004, -0.01, 0.176, -0.057, -0.052, 0.625, 0.628, 0.277, 0.272, -0.138, -0.092, -0.105, -0.102, -0.031, -0.027, 0.033, 0.018, 0.016, 0.019, 0.019, 0.018, -0.013, -0.013, 0.01, 0.008, 0.004, -0.002, 0.025, 0.023, 0.0, 0.007, -0.037, -0.019, -0.022, -0.028, 0.215, 0.053, 0.178, 0.179, 0.064, 0.06, 0.008, 0.018, 0.004, -0.01, -0.041, -0.007, 0.152, -0.081, 0.063, 0.058, -0.014, 0.0, 0.011, 0.004, -0.006, 0.016, 0.206, 0.091],
 "mtime": 18.976129486643337,
 "numbers": [8, 8, 8, 8, 8, 8, 8, 8, 8, 8, 8, 8, 8, 8, 8, 8, 8, 8, 8, 8, 8, 8, 8, 8, 8, 8, 8, 8, 8, 8, 8, 8, 8, 8, 8, 8, 8, 8, 8, 8, 8, 8, 8, 8, 8, 8, 8, 8, 8, 8, 8, 8, 8, 8, 8, 8, 8, 8, 8, 8, 8, 8, 8, 8, 8, 8, 8, 77, 77, 77, 77, 77, 77, 77, 77, 77, 77, 77, 77, 77, 77, 77, 77, 77, 77, 77, 77],
 "pbc": [true, true, true],
 "positions": [[1.84444, 2.83282, 7.50008], [1.84444, 5.89053, 7.50008], [4.19253, 1.52885, 7.85311], [4.19253, 7.1945, 7.85311], [4.04205, 4.36167, 8.00348], [2.34808, 4.36167, 9.69738], [2.19761, 1.52885, 9.84802], [2.19761, 7.1945, 9.84802], [4.54579, 2.83282, 10.20132], [4.54579, 5.89053, 10.20132], [4.69635, 0.0, 10.35169], [1.69388, 0.0, 12.04532], [1.84444, 2.83282, 12.19623], [1.84444, 5.89053, 12.19623], [4.19253, 1.52885, 12.54926], [4.19253, 7.1945, 12.54926], [4.04205, 4.36167, 12.69963], [2.34808, 4.36167, 14.39407], [2.19761, 1.52885, 14.54444], [2.19761, 7.1945, 14.54444], [4.56008, 2.84549, 14.88781], [4.52662, 5.89109, 14.93295], [4.69074, 8.70475, 15.09381], [1.70247, 8.70137, 16.72982], [1.72832, 2.8397, 17.00382], [1.98826, 5.95722, 16.89217], [4.14237, 1.57547, 17.19791], [4.26009, 7.18013, 17.35533], [4.21788, 4.35198, 17.56754], [2.29591, 4.47994, 19.01079], [3.42818, 2.1881, 19.68597], [2.0429, 7.13532, 19.23862], [4.45114, 5.97693, 19.71219], [6.54079, 2.83282, 7.50008], [6.54079, 5.89053, 7.50008], [8.88888, 1.52885, 7.85311], [8.88888, 7.1945, 7.85311], [8.7384, 4.36167, 8.00348], [7.04443, 4.36167, 9.69738], [6.89396, 1.52885, 9.84802], [6.89396, 7.1945, 9.84802], [9.24214, 2.83282, 10.20132], [9.24214, 5.89053, 10.20132], [0.0, 0.0, 10.35169], [6.39023, 0.0, 12.04532], [6.54079, 2.83282, 12.19623], [6.54079, 5.89053, 12.19623], [8.88888, 1.52885, 12.54926], [8.88888, 7.1945, 12.54926], [8.7384, 4.36167, 12.69963], [7.04443, 4.36167, 14.39407], [6.89396, 1.52885, 14.54444], [6.89396, 7.1945, 14.54444], [9.23885, 2.82006, 14.89956], [9.24573, 5.87424, 14.90831], [9.37569, 8.65277, 15.04998], [6.38112, 0.00204, 16.75138], [6.55716, 2.82312, 16.82882], [6.59513, 5.88815, 16.83542], [8.86106, 1.48066, 17.23739], [8.97791, 7.10552, 17.32337], [8.58607, 4.34107, 17.32293], [7.04444, 4.32597, 19.15862], [6.77001, 1.66818, 19.10564], [6.84737, 7.03376, 19.10936], [9.27592, 2.81757, 19.46897], [9.26138, 5.7449, 19.5813], [3.19502, 2.83212, 8.8507], [3.19502, 5.89131, 8.8507], [0.84685, 1.52955, 11.19864], [0.84685, 7.1938, 11.19864], [3.19502, 2.83212, 13.54685], [3.19502, 5.89131, 13.54685], [0.8137, 1.46555, 15.8769], [0.87663, 7.13841, 15.89891], [3.17799, 2.94994, 18.14012], [3.21287, 6.07051, 18.4496], [7.89146, 2.83212, 8.8507], [7.89146, 5.89131, 8.8507], [5.5432, 1.52955, 11.19864], [5.5432, 7.1938, 11.19864], [7.89146, 2.83212, 13.54685], [7.89146, 5.89131, 13.54685], [5.54244, 1.53227, 15.8898], [5.57104, 7.16265, 15.90631], [7.91977, 2.77853, 18.3358], [7.96899, 5.87608, 18.38074]],
 "stress": [0.005905765866983746, 0.005441303965381144, 0.0064328176221007055, -0.00034877552995435645, 0.0014653066144653607, -0.0004424980309886195],
 "unique_id": "577f5fec2d3b5a883e9ba7a80b050f11",
 "user": "raul_desktop"},
"ids": [1],
"nextid": 2}
