{"1": {
 "calculator": "unknown",
 "calculator_parameters": {"energy": -553.26330998},
 "cell": [[9.3927, 0.0, 0.0], [0.0, 8.72335, 0.0], [0.0, 0.0, 27.0937]],
 "constraints": [{"name": "FixAtoms", "kwargs": {"indices": [0, 1, 2, 3, 4, 5, 6, 7, 8, 9, 10, 11, 12, 13, 14, 15, 16, 17, 18, 19, 34, 35, 36, 37, 38, 39, 40, 41, 42, 43, 44, 45, 46, 47, 48, 49, 50, 51, 52, 53, 69, 70, 71, 72, 73, 74, 79, 80, 81, 82, 83, 84]}}],
 "ctime": 18.976129487932074,
 "energy": -553.26330998,
 "forces": [[1.485501, 0.165765, 1.801234], [1.452888, -0.159139, 1.767826], [-0.977723, 1.977628, 1.503872], [-1.003118, -2.015403, 1.517496], [0.29737, 0.005827, 0.322619], [0.098978, 0.009695, 0.538285], [-0.073238, -0.044784, 0.268415], [-0.074646, 0.024797, 0.271108], [0.288802, -0.121401, 0.441117], [0.274915, 0.10804, 0.459168], [0.117418, 0.003317, 0.172841], [-0.105964, 0.006975, -0.188261], [-0.117631, -0.082389, -0.052603], [-0.03798, -0.028516, 0.006276], [-0.062641, 0.047969, 0.058502], [-0.044064, -0.110803, 0.030182], [0.004977, -0.039608, 0.089725], [0.058439, -0.042378, -0.099513], [-0.013767, 0.018228, 0.000715], [0.076705, 0.162467, -0.339094], [-0.00262, 0.004392, -0.008428], [-0.003315, 0.006024, -0.007919], [0.004397, 0.002321, 0.007115], [0.002355, 0.002595, 0.003935], [0.002212, 0.000626, -0.001032], [-0.000327, -0.001036, 0.010248], [0.00803, -0.002949, -0.007125], [-0.000442, -0.000872, -7.3e-05], [0.000863, -0.003123, -0.000169], [-0.001986, 0.00054, 0.003912], [0.004519, -0.001176, -0.001321], [-0.001051, 0.001207, -0.005293], [-0.003541, -0.00108, -0.001101], [-0.00877, -0.002562, -0.008943], [1.411124, 0.100039, 1.631824], [1.415337, -0.101366, 1.629543], [-0.866964, 1.724761, 1.320187], [-0.866218, -1.706531, 1.317027], [0.226661, -0.017411, 0.278437], [0.011817, 0.005783, 0.67247], [-0.025935, 0.045696, 0.169831], [-0.070322, -0.027758, 0.191243], [0.30217, -0.137239, 0.537156], [0.288535, 0.135089, 0.508526], [0.150319, -0.019017, 0.161762], [-0.080325, -0.002454, -0.190559], [-0.123475, -0.102467, -0.07655], [0.014439, -0.064847, 0.054589], [-0.098045, 0.06541, 0.034781], [-0.042153, -0.060543, 0.048703], [0.011567, -0.03574, 0.097923], [0.046039, -0.070737, -0.075637], [-0.021017, -0.207843, 0.017805], [-0.116548, 0.144167, -0.006929], [-0.014278, -0.003184, -0.003734], [-0.002385, -0.001009, 0.004137], [-0.000217, -0.001937, -0.00106], [-0.002617, 0.00069, -0.001202], [0.003505, -0.000593, 0.000129], [-7.2e-05, -0.003216, 0.004143], [0.000353, 0.000445, 0.001107], [0.002252, -0.003217, -0.0013], [0.001787, -6.3e-05, 0.000443], [-0.001661, -0.001954, 0.0018], [-0.001104, 0.004999, 0.002936], [0.000109, -0.004874, -0.002113], [0.001596, -0.00565, 0.00723], [-0.000504, -0.000292, -0.000259], [-0.000102, -0.000717, 0.000596], [-0.937204, -2.484864, -4.53906], [-0.847372, 2.501638, -4.524663], [0.138298, 0.227157, 0.072121], [0.109721, -0.151555, 0.101358], [0.086462, 0.01756, 0.124788], [0.067395, 0.045934, -0.022655], [0.000295, 0.000569, 0.000591], [7.8e-05, 0.000482, 5.3e-05], [-0.000227, 0.000408, 0.000907], [0.000977, 1.8e-05, 0.000123], [-0.984765, -2.124544, -4.209181], [-0.974002, 2.069209, -4.168347], [0.069296, 0.215203, 0.13488], [0.07915, -0.029432, 0.14542], [0.039675, 0.116666, 0.021351], [-0.030577, 0.049, -0.018302], [-0.001075, -0.000218, 0.001363], [0.000292, 0.000502, -9.9e-05], [-0.000299, 0.00021, 0.000515], [-6e-05, 0.000515, -0.000188], [-0.015268, 0.007929, -0.009675]],
 "magmom": -2.8134027,
 "magmoms": [-0.591, -0.618, -0.385, -0.317, 0.137, 0.091, 0.1, 0.095, 0.051, 0.045, -0.023, -0.0, -0.02, -0.009, -0.04, -0.044, -0.004, 0.014, -0.003, 0.003, 0.006, -0.013, 0.016, -0.003, -0.039, -0.012, -0.029, -0.004, -0.015, -0.01, 0.243, 0.361, -0.462, -0.02, -0.683, -0.684, 0.743, 0.749, 0.029, 0.041, -0.03, -0.025, -0.011, -0.0, -0.018, 0.007, -0.008, -0.006, -0.005, -0.006, 0.011, 0.012, -0.004, -0.026, -0.005, 0.005, -0.008, -0.005, 0.011, -0.012, 0.024, 0.01, 0.013, 0.004, 0.009, -0.01, -0.103, -0.154, -0.666, -0.09, -0.088, -0.01, 0.018, -0.004, -0.025, -0.056, 0.026, 0.151, 0.181, 0.091, 0.094, -0.063, -0.044, 0.025, 0.008, 0.003, -0.081, -0.021, -0.098, -0.0],
 "mtime": 18.976129487932074,
 "numbers": [8, 8, 8, 8, 8, 8, 8, 8, 8, 8, 8, 8, 8, 8, 8, 8, 8, 8, 8, 8, 8, 8, 8, 8, 8, 8, 8, 8, 8, 8, 8, 8, 8, 8, 8, 8, 8, 8, 8, 8, 8, 8, 8, 8, 8, 8, 8, 8, 8, 8, 8, 8, 8, 8, 8, 8, 8, 8, 8, 8, 8, 8, 8, 8, 8, 8, 8, 8, 8, 77, 77, 77, 77, 77, 77, 77, 77, 77, 77, 77, 77, 77, 77, 77, 77, 77, 77, 77, 77, 1],
 "pbc": [true, true, true],
 "positions": [[1.84444, 2.83282, 7.50008], [1.84444, 5.89053, 7.50008], [4.19253, 1.52885, 7.85311], [4.19253, 7.1945, 7.85311], [4.04205, 4.36167, 8.00348], [2.34808, 4.36167, 9.69738], [2.19761, 1.52885, 9.84802], [2.19761, 7.1945, 9.84802], [4.54579, 2.83282, 10.20132], [4.54579, 5.89053, 10.20132], [4.69635, 0.0, 10.35169], [1.69388, 0.0, 12.04532], [1.84444, 2.83282, 12.19623], [1.84444, 5.89053, 12.19623], [4.19253, 1.52885, 12.54926], [4.19253, 7.1945, 12.54926], [4.04205, 4.36167, 12.69963], [2.34808, 4.36167, 14.39407], [2.19761, 1.52885, 14.54444], [2.19761, 7.1945, 14.54444], [4.55923, 2.8472, 14.90123], [4.52801, 5.91414, 14.9271], [4.68695, 2e-05, 15.09405], [1.71189, 8.70084, 16.72759], [1.71947, 2.90651, 16.84205], [1.97677, 5.91392, 16.84651], [4.18119, 1.61894, 17.26273], [4.253, 7.20345, 17.34238], [4.06912, 4.36587, 17.50299], [2.28428, 4.42785, 19.08608], [2.16292, 1.80523, 19.26871], [2.10909, 7.12262, 19.13897], [4.47979, 2.75147, 19.84603], [4.47669, 5.92685, 19.69765], [6.54079, 2.83282, 7.50008], [6.54079, 5.89053, 7.50008], [8.88888, 1.52885, 7.85311], [8.88888, 7.1945, 7.85311], [8.7384, 4.36167, 8.00348], [7.04443, 4.36167, 9.69738], [6.89396, 1.52885, 9.84802], [6.89396, 7.1945, 9.84802], [9.24214, 2.83282, 10.20132], [9.24214, 5.89053, 10.20132], [0.0, 0.0, 10.35169], [6.39023, 0.0, 12.04532], [6.54079, 2.83282, 12.19623], [6.54079, 5.89053, 12.19623], [8.88888, 1.52885, 12.54926], [8.88888, 7.1945, 12.54926], [8.7384, 4.36167, 12.69963], [7.04443, 4.36167, 14.39407], [6.89396, 1.52885, 14.54444], [6.89396, 7.1945, 14.54444], [9.22885, 2.81662, 14.90357], [9.23589, 5.88571, 14.91808], [9.38207, 8.6497, 15.07672], [6.38571, 0.00785, 16.74233], [6.59507, 2.78175, 16.9291], [6.58904, 5.93525, 16.86219], [8.89064, 1.46476, 17.25238], [8.98518, 7.13022, 17.3513], [8.64238, 4.45247, 17.30227], [7.0332, 4.35529, 19.09024], [7.09623, 1.40185, 19.18517], [6.85457, 7.05292, 19.18181], [9.27387, 2.98756, 19.46397], [9.24374, 5.75769, 19.63805], [4.06429, 2.05472, 20.81561], [3.19502, 2.83212, 8.8507], [3.19502, 5.89131, 8.8507], [0.84685, 1.52955, 11.19864], [0.84685, 7.1938, 11.19864], [3.19502, 2.83212, 13.54685], [3.19502, 5.89131, 13.54685], [0.82214, 1.47378, 15.88093], [0.8846, 7.12844, 15.90949], [3.07899, 2.85771, 18.16651], [3.25783, 5.9531, 18.42237], [7.89146, 2.83212, 8.8507], [7.89146, 5.89131, 8.8507], [5.5432, 1.52955, 11.19864], [5.5432, 7.1938, 11.19864], [7.89146, 2.83212, 13.54685], [7.89146, 5.89131, 13.54685], [5.54992, 1.54085, 15.89934], [5.55701, 7.18083, 15.91845], [7.99362, 2.87232, 18.26028], [7.98129, 5.9414, 18.40799], [6.57777, 1.75726, 19.93545]],
 "stress": [0.0050930964127572425, 0.005433090139371481, 0.006143985545791332, -0.0001625351391471259, 0.0015975454683154495, -0.00041015453069829236],
 "unique_id": "b18278b3ecfc776422b7ba213f183648",
 "user": "raul_desktop"},
"ids": [1],
"nextid": 2}
