{"1": {
 "calculator": "unknown",
 "calculator_parameters": {"energy": -552.30292649},
 "cell": [[9.3927, 0.0, 0.0], [0.0, 8.72335, 0.0], [0.0, 0.0, 27.0937]],
 "constraints": [{"name": "FixAtoms", "kwargs": {"indices": [0, 1, 2, 3, 4, 5, 6, 7, 8, 9, 10, 11, 12, 13, 14, 15, 16, 17, 18, 19, 34, 35, 36, 37, 38, 39, 40, 41, 42, 43, 44, 45, 46, 47, 48, 49, 50, 51, 52, 53, 69, 70, 71, 72, 73, 74, 79, 80, 81, 82, 83, 84]}}],
 "ctime": 18.976129487511137,
 "energy": -552.30292649,
 "forces": [[1.594036, 0.134027, 1.886137], [1.51788, -0.113226, 1.802875], [-0.893746, 1.88504, 1.508997], [-0.864145, -1.926721, 1.457396], [0.293386, 0.007495, 0.370493], [0.090672, 0.004899, 0.586915], [-0.097084, -0.009284, 0.342381], [-0.068055, -0.006488, 0.305731], [0.305021, -0.198185, 0.464429], [0.292889, 0.207897, 0.457023], [0.095246, 0.02055, 0.162438], [-0.062062, 0.00825, -0.123111], [-0.030272, 0.001172, 0.034591], [-0.025723, 0.024104, -0.014223], [-0.052824, -0.001953, 0.052511], [-0.083141, -0.047981, 0.064751], [0.024997, -0.066877, 0.07066], [0.041377, -0.003341, -0.113765], [0.057138, -0.166814, -0.215028], [0.044627, 0.155231, -0.260876], [0.004784, 0.001736, 0.00607], [-0.00734, -0.003131, 0.000173], [-0.011381, -0.002897, -0.006291], [0.001625, 0.002975, -0.000366], [-0.000964, 0.00315, 0.001773], [0.004339, -0.016828, -0.003616], [-0.005838, 0.000908, -0.001443], [0.005678, 0.003006, -0.008922], [0.00997, 0.008041, -0.001691], [-0.009951, -0.006945, 0.005163], [-0.001277, -0.015155, -0.000706], [-6.5e-05, 0.001124, -0.003175], [0.002931, -0.017266, 0.005192], [-0.007048, -0.003737, -0.004737], [1.460221, 0.257024, 1.728739], [1.758694, -0.239619, 2.209826], [-0.988894, 2.018981, 1.619759], [-0.953661, -2.183555, 1.814908], [0.259433, 0.076379, 0.308106], [0.045906, -0.010761, 0.670633], [-0.033189, 0.040677, 0.26352], [0.064223, -0.196865, 0.244454], [0.238668, -0.078922, 0.465499], [0.195159, 0.113326, 0.464988], [0.131846, -0.020353, 0.150016], [-0.081763, 0.003627, -0.129847], [-0.094872, -0.067969, -0.082608], [0.024281, -0.050207, 0.031638], [-0.058779, 0.056772, 0.032921], [-0.053111, -0.049113, 0.02192], [0.021827, -0.020883, 0.093628], [0.058895, -0.043369, -0.102866], [-0.147328, -0.244063, 0.259103], [-0.060889, 0.194484, -0.066803], [0.005786, 0.002431, 0.003102], [-0.000729, -0.003845, 0.000841], [-0.000401, 0.001076, -0.009673], [0.002856, 0.0108, 0.002978], [-0.000983, -0.002992, 0.005866], [-0.001193, 5e-06, 0.002578], [0.007428, 6e-06, 0.003637], [0.005214, 0.004421, -0.000309], [0.014142, -0.000928, -0.004642], [-0.003652, -0.011937, 0.002649], [-0.00678, -0.008318, -0.001393], [-0.005704, 0.004604, -0.000993], [-0.00359, 0.008667, -0.00512], [-0.007154, -0.002148, 0.000398], [0.004543, -0.008715, -0.011707], [-1.23939, -2.276524, -4.716033], [-1.109995, 2.292739, -4.56646], [0.110747, 0.082342, -0.032821], [0.11949, -0.113949, 0.08222], [0.060199, 0.126167, -0.01679], [0.071634, -0.030933, 0.054741], [-0.006779, -0.00182, 0.004334], [-0.000397, -0.007114, 0.002166], [0.010434, 0.002504, -0.007656], [-0.001426, -0.009513, -0.002801], [-0.786952, -2.698218, -4.499791], [-1.279948, 2.919158, -5.381256], [0.103004, 0.219048, 0.043141], [0.056174, -0.150232, 0.100861], [-0.024863, 0.162659, 0.093994], [-0.034227, 0.056745, 0.049159], [0.001681, -0.000808, 0.006271], [-0.002645, 0.004279, 0.002641], [-0.015686, 0.009729, -0.005397], [0.001555, -0.002175, -0.00897], [0.00526, 0.004424, -0.015049]],
 "magmom": 1.3312117,
 "magmoms": [0.437, 0.504, 0.553, 0.518, -0.147, -0.09, -0.125, -0.125, -0.07, -0.057, 0.023, 0.03, 0.007, -0.004, -0.005, 0.03, -0.002, -0.002, -0.01, -0.001, -0.005, -0.002, -0.002, -0.001, 0.004, -0.002, 0.001, 0.001, 0.0, 0.001, -0.001, -0.007, -0.015, 0.0, -0.634, 0.076, -0.144, 0.168, 0.031, 0.022, 0.109, -0.037, 0.045, 0.005, 0.014, 0.003, 0.005, 0.021, -0.015, -0.025, -0.006, -0.009, -0.006, -0.002, 0.011, 0.002, 0.001, 0.003, -0.001, 0.001, -0.001, -0.002, -0.001, 0.002, -0.012, 0.037, -0.007, -0.017, -0.013, 0.073, 0.047, 0.032, -0.051, -0.039, 0.022, 0.013, -0.014, 0.003, -0.006, -0.09, -0.037, 0.027, 0.029, -0.016, -0.019, -0.005, 0.009, -0.014, 0.015, -0.0],
 "mtime": 18.976129487511137,
 "numbers": [8, 8, 8, 8, 8, 8, 8, 8, 8, 8, 8, 8, 8, 8, 8, 8, 8, 8, 8, 8, 8, 8, 8, 8, 8, 8, 8, 8, 8, 8, 8, 8, 8, 8, 8, 8, 8, 8, 8, 8, 8, 8, 8, 8, 8, 8, 8, 8, 8, 8, 8, 8, 8, 8, 8, 8, 8, 8, 8, 8, 8, 8, 8, 8, 8, 8, 8, 8, 8, 77, 77, 77, 77, 77, 77, 77, 77, 77, 77, 77, 77, 77, 77, 77, 77, 77, 77, 77, 77, 1],
 "pbc": [true, true, true],
 "positions": [[1.84444, 2.83282, 7.50008], [1.84444, 5.89053, 7.50008], [4.19253, 1.52885, 7.85311], [4.19253, 7.1945, 7.85311], [4.04205, 4.36167, 8.00348], [2.34808, 4.36167, 9.69738], [2.19761, 1.52885, 9.84802], [2.19761, 7.1945, 9.84802], [4.54579, 2.83282, 10.20132], [4.54579, 5.89053, 10.20132], [4.69635, 0.0, 10.35169], [1.69388, 0.0, 12.04532], [1.84444, 2.83282, 12.19623], [1.84444, 5.89053, 12.19623], [4.19253, 1.52885, 12.54926], [4.19253, 7.1945, 12.54926], [4.04205, 4.36167, 12.69963], [2.34808, 4.36167, 14.39407], [2.19761, 1.52885, 14.54444], [2.19761, 7.1945, 14.54444], [4.54724, 2.82173, 14.90631], [4.53526, 5.89364, 14.91695], [4.68775, -0.00267, 15.10459], [1.73069, 8.7127, 16.72188], [1.81203, 2.93757, 16.79937], [1.9271, 5.90747, 16.82697], [4.11912, 1.59375, 17.24955], [4.25995, 7.15062, 17.34324], [4.03318, 4.41289, 17.49445], [2.32829, 4.41482, 19.13845], [1.98526, 1.80609, 19.24656], [2.10893, 7.03097, 19.1144], [4.48429, 2.76709, 19.58726], [4.54197, 5.94758, 19.73564], [6.54079, 2.83282, 7.50008], [6.54079, 5.89053, 7.50008], [8.88888, 1.52885, 7.85311], [8.88888, 7.1945, 7.85311], [8.7384, 4.36167, 8.00348], [7.04443, 4.36167, 9.69738], [6.89396, 1.52885, 9.84802], [6.89396, 7.1945, 9.84802], [9.24214, 2.83282, 10.20132], [9.24214, 5.89053, 10.20132], [0.0, 0.0, 10.35169], [6.39023, 0.0, 12.04532], [6.54079, 2.83282, 12.19623], [6.54079, 5.89053, 12.19623], [8.88888, 1.52885, 12.54926], [8.88888, 7.1945, 12.54926], [8.7384, 4.36167, 12.69963], [7.04443, 4.36167, 14.39407], [6.89396, 1.52885, 14.54444], [6.89396, 7.1945, 14.54444], [9.23589, 2.82182, 14.90299], [9.23984, 5.89795, 14.91098], [9.38127, 8.68013, 15.10777], [6.38177, 0.00078, 16.76182], [6.56177, 2.74425, 16.96394], [6.59288, 5.89137, 16.83561], [8.97957, 1.54331, 17.30794], [8.96121, 7.1491, 17.32099], [8.5919, 4.3684, 17.29109], [7.03649, 4.33785, 19.11879], [7.1485, 1.54169, 19.30626], [6.85844, 7.06567, 19.11895], [9.34685, 3.09836, 19.50798], [9.25262, 5.70129, 19.54841], [4.77257, 1.46075, 19.90833], [3.19502, 2.83212, 8.8507], [3.19502, 5.89131, 8.8507], [0.84685, 1.52955, 11.19864], [0.84685, 7.1938, 11.19864], [3.19502, 2.83212, 13.54685], [3.19502, 5.89131, 13.54685], [0.85382, 1.50947, 15.87807], [0.88324, 7.14704, 15.91628], [3.05248, 2.8048, 18.24618], [3.3314, 5.91465, 18.45978], [7.89146, 2.83212, 8.8507], [7.89146, 5.89131, 8.8507], [5.5432, 1.52955, 11.19864], [5.5432, 7.1938, 11.19864], [7.89146, 2.83212, 13.54685], [7.89146, 5.89131, 13.54685], [5.54996, 1.54235, 15.9139], [5.55651, 7.17558, 15.91097], [8.02743, 2.82187, 18.35917], [7.95573, 5.89771, 18.36067], [5.82657, 1.47277, 19.84747]],
 "stress": [0.005794972838490193, 0.006835288855065036, 0.006939103876355853, -3.108895695602451e-05, 0.0018116105068058674, -0.000421457903725267],
 "unique_id": "7092a9b927cc46d6bbf8252b277c9f7b",
 "user": "raul_desktop"},
"ids": [1],
"nextid": 2}
