{"1": {
 "calculator": "unknown",
 "calculator_parameters": {"energy": -401.68728285},
 "cell": [[7.0938, 0.0, 0.0], [-0.371174258, 7.084082729, 0.0], [0.0, 0.0, 27.8371]],
 "constraints": [{"name": "FixAtoms", "kwargs": {"indices": [0, 1, 2, 3, 8, 9, 10, 11, 16, 17, 18, 19, 24, 25, 26, 27, 32, 33, 34, 35, 40, 41, 42, 43, 47, 48, 49, 50, 55, 56, 57, 58]}}],
 "ctime": 18.976120104000625,
 "energy": -401.68728285,
 "forces": [[-0.163758, -0.735545, 2.316919], [-0.153935, -0.732843, 2.314522], [-0.403215, -0.223253, -0.206263], [-0.41985, -0.181644, -0.218224], [0.000561, -0.001707, -0.001434], [1.1e-05, -0.003943, -0.00014], [0.00882, 0.003628, -0.009889], [-0.006156, -0.008009, 0.000883], [0.742154, 0.212867, 2.318158], [0.742694, 0.215493, 2.320909], [0.175567, 0.439317, -0.138301], [0.142131, 0.401962, -0.346233], [-0.001845, -0.001634, -0.00411], [-0.000745, -0.003262, 0.002483], [0.006204, 0.005524, 0.003603], [0.004792, 4.2e-05, -0.000556], [-0.314693, -0.272768, 0.15282], [-0.305248, -0.251545, 0.198544], [0.10886, 0.149471, 0.10433], [0.030181, 0.154503, 0.13638], [-0.010241, 7.1e-05, -0.005548], [-0.009946, 0.001328, 0.001103], [-0.000365, -0.000625, 0.00059], [-0.010773, 0.013027, 1.7e-05], [-0.42851, 0.097057, -1.101789], [-0.435904, 0.102159, -1.094547], [-0.130581, -0.096084, -0.04962], [-0.103657, -0.088347, -0.03414], [0.008876, 0.005183, 0.010719], [-0.002955, -0.001822, -0.000575], [0.002847, -0.005132, -0.004376], [0.012815, -0.001499, 0.00369], [-0.063706, -0.139167, -1.215755], [-0.063605, -0.133307, -1.207143], [0.294713, -0.028822, 0.076019], [0.290752, -0.029924, 0.027991], [0.002617, 0.00215, 0.003858], [-0.004239, -0.003494, -0.001498], [0.007284, 0.001408, -0.000883], [-0.001857, -0.003056, 0.001117], [0.269734, 0.285148, 0.20741], [0.269867, 0.276865, 0.212728], [-0.188963, -0.174413, 0.162775], [-0.035286, 0.010182, -0.368009], [0.0038, 0.005478, -0.002023], [0.001714, -0.001182, -0.002251], [0.0087, -0.00449, -0.006386], [-0.121559, 0.416149, -1.073671], [-0.122749, 0.439306, -1.069299], [0.036086, 0.166454, -0.033305], [0.03007, 0.196467, -0.041915], [0.004984, -0.0017, -0.001493], [0.002282, 0.000919, 0.005175], [0.003109, -0.010259, 0.00265], [0.013717, 0.009155, 0.000993], [0.107352, 0.057858, -1.179715], [0.108656, 0.079895, -1.199447], [0.046473, -0.326087, 0.014327], [0.020798, -0.282285, 0.016002], [0.001647, 0.00171, 0.000315], [-0.005978, -0.000206, 0.002561], [-0.00076, -0.001662, 0.001418], [0.000212, -0.001061, -0.002467]],
 "magmom": 0.0259863,
 "magmoms": [-0.0, -0.0, 0.0, 0.001, 0.001, 0.0, 0.001, 0.006, -0.001, 0.0, 0.0, -0.0, 0.0, -0.002, 0.002, -0.001, -0.0, -0.0, 0.0, -0.0, -0.0, 0.001, 0.0, 0.011, -0.0, -0.0, 0.0, -0.0, 0.0, 0.0, 0.001, -0.0, -0.0, -0.0, 0.0, 0.0, -0.0, 0.0, 0.0, -0.001, 0.0, -0.0, 0.0, 0.0, 0.001, -0.0, 0.001, 0.0, -0.0, 0.0, 0.0, 0.0, -0.0, 0.002, -0.001, 0.0, -0.0, 0.0, 0.0, 0.0, 0.0, 0.001, 0.0],
 "mtime": 18.976120104000625,
 "numbers": [77, 77, 77, 77, 77, 77, 77, 77, 77, 77, 77, 77, 77, 77, 77, 77, 8, 8, 8, 8, 8, 8, 8, 8, 8, 8, 8, 8, 8, 8, 8, 8, 8, 8, 8, 8, 8, 8, 8, 8, 8, 8, 8, 8, 8, 8, 8, 8, 8, 8, 8, 8, 8, 8, 8, 8, 8, 8, 8, 8, 8, 8, 8],
 "pbc": [true, true, true],
 "positions": [[3.35522, 2.67054, 8.04604], [6.71654, 6.21258, 8.04604], [-0.00602, 2.49443, 11.58361], [3.35529, 6.03647, 11.58361], [-0.01907, 5.86352, 15.13548], [3.71288, 2.34018, 15.09063], [0.35256, 2.09205, 18.78284], [3.72006, 5.68983, 18.77998], [3.16964, 6.21258, 8.04604], [6.90212, 2.67054, 8.04604], [-0.19161, 6.03647, 11.58361], [3.54088, 2.49443, 11.58361], [0.16813, 2.3209, 15.13422], [3.53614, 5.87509, 15.13224], [0.21735, 5.67563, 18.76821], [3.83245, 2.12976, 18.52639], [2.92937, 2.03588, 9.81482], [6.29068, 5.57792, 9.81482], [2.92936, 5.40181, 13.35239], [6.66185, 1.85977, 13.35239], [3.21648, 1.64929, 16.83995], [6.74251, 5.32029, 16.94641], [0.12044, 1.42214, 20.4061], [3.24872, 5.10931, 20.38556], [1.58182, 2.15121, 7.50024], [4.94313, 5.69325, 7.50024], [1.58181, 5.51714, 11.03781], [5.3143, 1.9751, 11.03781], [1.92597, 1.79575, 14.57341], [5.30496, 5.33164, 14.59353], [1.95799, 5.13178, 18.1034], [5.64478, 1.60164, 18.23935], [1.39621, 6.73199, 8.59184], [5.1287, 3.18995, 8.59184], [1.76738, 3.01384, 12.12941], [5.12869, 6.55588, 12.12941], [1.75823, 6.41504, 15.64524], [5.47349, 2.86165, 15.67158], [2.16329, 2.73392, 19.2069], [5.50442, 6.23812, 19.22362], [0.41977, 3.12895, 9.81482], [3.78108, 6.67099, 9.81482], [0.41976, 6.49488, 13.35239], [4.15225, 2.95284, 13.35239], [0.66262, 2.68262, 16.95992], [4.06952, 6.21461, 16.95211], [0.87483, 6.10694, 20.35225], [0.23422, 4.46877, 7.5], [3.96671, 0.92672, 7.5], [0.60539, 0.75061, 11.03756], [3.9667, 4.29265, 11.03756], [0.602, 4.11885, 14.60317], [4.33784, 0.58017, 14.57706], [0.99716, 0.39121, 18.10459], [4.36776, 3.91263, 18.21252], [2.74381, 4.41436, 8.59184], [6.4763, 0.87232, 8.59184], [3.11505, 0.69621, 12.12941], [6.47636, 4.23825, 12.12941], [3.07295, 4.06065, 15.65244], [6.79216, 0.52136, 15.65679], [3.46245, 0.40536, 19.24522], [6.80291, 3.8796, 19.23916]],
 "stress": [-0.0008487328939558573, -0.0008586568934660115, 0.003055761728413807, 0.0006137400753663526, -0.0006184399317381426, -0.0006212174032991607],
 "unique_id": "2f8b11114634f63f80fa6628d4423887",
 "user": "raul_desktop"},
"ids": [1],
"nextid": 2}
