{"1": {
 "calculator": "unknown",
 "calculator_parameters": {"energy": -406.71449052},
 "cell": [[7.0938, 0.0, 0.0], [-0.371174258, 7.084082729, 0.0], [0.0, 0.0, 27.8371]],
 "constraints": [{"name": "FixAtoms", "kwargs": {"indices": [0, 1, 2, 3, 8, 9, 10, 11, 16, 17, 18, 19, 24, 25, 26, 27, 32, 33, 34, 35, 40, 41, 42, 43, 48, 49, 50, 51, 56, 57, 58, 59]}}],
 "ctime": 18.97612010563055,
 "energy": -406.71449052,
 "forces": [[-0.15608, -0.744962, 2.316367], [-0.15627, -0.744815, 2.316322], [-0.465163, -0.218934, -0.218906], [-0.464999, -0.218914, -0.218598], [0.000482, 0.004883, 0.005395], [0.001056, 0.001796, 0.004237], [-0.003157, -0.008431, 0.001863], [-0.002702, -0.007628, 0.002182], [0.72819, 0.195037, 2.312582], [0.728292, 0.19508, 2.312493], [0.175722, 0.458632, -0.216496], [0.175843, 0.458663, -0.216389], [0.004215, 0.002318, 0.003625], [0.00296, -8.4e-05, 0.003142], [-0.001033, -0.000792, -0.007332], [-0.001142, -0.000995, -0.009679], [-0.301711, -0.260169, 0.204255], [-0.301714, -0.26015, 0.204298], [0.135507, 0.173469, 0.000176], [0.135529, 0.174006, 0.000179], [0.008767, 0.005666, -0.005735], [0.00773, 0.006169, -0.006108], [0.011179, 0.006621, -0.008689], [0.009737, 0.007349, -0.009611], [-0.42099, 0.094363, -1.091217], [-0.420884, 0.094331, -1.091194], [-0.120532, -0.096565, -0.043586], [-0.120496, -0.096552, -0.043555], [0.000331, 0.003117, 0.005497], [3.6e-05, 0.003229, 0.005826], [-0.001335, -0.002915, 0.006229], [-0.001637, -0.002932, 0.00757], [-0.066587, -0.121676, -1.194446], [-0.066748, -0.121662, -1.194427], [0.29784, -0.024966, 0.030323], [0.297787, -0.025063, 0.03021], [-0.003534, 0.007357, 0.004608], [0.001566, 0.006295, -0.000662], [0.006031, 0.004722, -0.00238], [0.005483, 0.004161, -0.00237], [0.288892, 0.298217, 0.19573], [0.288779, 0.29821, 0.195639], [-0.181938, -0.145761, 0.020314], [-0.181882, -0.145838, 0.020004], [-0.016156, 0.006101, 0.004369], [-0.016097, 0.005746, 0.003145], [0.007978, 0.006683, 0.010697], [0.008412, 0.006892, 0.012043], [-0.114009, 0.417244, -1.095086], [-0.114037, 0.41742, -1.095097], [0.057218, 0.154613, -0.039981], [0.05716, 0.154717, -0.040077], [-0.005698, 0.003665, -0.001077], [0.000178, 0.001316, 0.000367], [-0.001875, -0.001253, 0.005165], [-0.001891, -0.001949, 0.00532], [0.112557, 0.090894, -1.22142], [0.112574, 0.090797, -1.221481], [0.03098, -0.298926, 0.01322], [0.031088, -0.29886, 0.013279], [0.005093, 0.008332, -0.002931], [-0.003513, -0.007045, -0.00802], [-0.011126, -0.004735, 0.015046], [-0.010259, -0.00554, 0.014832]],
 "magmom": 0.475708,
 "magmoms": [0.003, 0.003, 0.0, 0.0, 0.008, 0.008, 0.029, 0.029, 0.004, 0.004, 0.0, 0.0, 0.009, 0.009, 0.03, 0.03, -0.0, -0.0, 0.001, 0.001, 0.003, 0.003, 0.015, 0.015, 0.001, 0.001, 0.001, 0.001, -0.001, -0.001, 0.028, 0.028, 0.001, 0.001, 0.001, 0.001, 0.008, 0.008, 0.004, 0.004, 0.0, 0.0, 0.001, 0.001, 0.003, 0.003, 0.016, 0.016, 0.001, 0.001, 0.001, 0.001, -0.001, -0.001, 0.029, 0.029, 0.002, 0.002, 0.001, 0.001, 0.008, 0.008, 0.004, 0.004],
 "mtime": 18.97612010563055,
 "numbers": [77, 77, 77, 77, 77, 77, 77, 77, 77, 77, 77, 77, 77, 77, 77, 77, 8, 8, 8, 8, 8, 8, 8, 8, 8, 8, 8, 8, 8, 8, 8, 8, 8, 8, 8, 8, 8, 8, 8, 8, 8, 8, 8, 8, 8, 8, 8, 8, 8, 8, 8, 8, 8, 8, 8, 8, 8, 8, 8, 8, 8, 8, 8, 8],
 "pbc": [true, true, true],
 "positions": [[3.35522, 2.67054, 8.04604], [6.71654, 6.21258, 8.04604], [-0.00602, 2.49443, 11.58361], [3.35529, 6.03647, 11.58361], [-0.02251, 5.86726, 15.12625], [3.70996, 2.32526, 15.12625], [0.34734, 2.12042, 18.74708], [3.70854, 5.66251, 18.74697], [3.16964, 6.21258, 8.04604], [6.90212, 2.67054, 8.04604], [-0.19161, 6.03647, 11.58361], [3.54088, 2.49443, 11.58361], [0.16761, 2.33145, 15.12724], [3.52894, 5.87354, 15.12724], [0.19821, 5.7036, 18.7457], [3.93073, 2.16157, 18.74585], [2.92937, 2.03588, 9.81482], [6.29068, 5.57792, 9.81482], [2.92936, 5.40181, 13.35239], [6.66185, 1.85977, 13.35239], [3.37941, 1.7767, 16.93158], [6.74057, 5.3187, 16.93156], [-0.00622, 1.44046, 20.33673], [3.35491, 4.98262, 20.33667], [1.58182, 2.15121, 7.50024], [4.94313, 5.69325, 7.50024], [1.58181, 5.51714, 11.03781], [5.3143, 1.9751, 11.03781], [1.94414, 1.78352, 14.58986], [5.30547, 5.32551, 14.58994], [1.94775, 5.13999, 18.09127], [5.68028, 1.59768, 18.09155], [1.39621, 6.73199, 8.59184], [5.1287, 3.18995, 8.59184], [1.76738, 3.01384, 12.12941], [5.12869, 6.55588, 12.12941], [1.7562, 6.4226, 15.64182], [5.48863, 2.88043, 15.64187], [2.12663, 2.73138, 19.1847], [5.48789, 6.27332, 19.18473], [0.41977, 3.12895, 9.81482], [3.78108, 6.67099, 9.81482], [0.41976, 6.49488, 13.35239], [4.15225, 2.95284, 13.35239], [0.69575, 2.69679, 16.93052], [4.05722, 6.239, 16.93045], [0.84078, 6.109, 20.33849], [4.57329, 2.56695, 20.33859], [0.23422, 4.46877, 7.5], [3.96671, 0.92672, 7.5], [0.60539, 0.75061, 11.03756], [3.9667, 4.29265, 11.03756], [0.61658, 4.12457, 14.58744], [4.34904, 0.58246, 14.58703], [1.00077, 0.40602, 18.08586], [4.36202, 3.94813, 18.08593], [2.74381, 4.41436, 8.59184], [6.4763, 0.87232, 8.59184], [3.11505, 0.69621, 12.12941], [6.47636, 4.23825, 12.12941], [3.0697, 4.06643, 15.64212], [6.80237, 0.52469, 15.64217], [3.42253, 0.3496, 19.19024], [6.78398, 3.89163, 19.1904]],
 "stress": [-0.0007714692524865484, -0.000659371748585685, 0.0033221181303608746, 0.0004331295257906687, -0.0005683643040211813, -0.0007477078272443107],
 "unique_id": "a17cf9bf7f85e1df2c8aa8843b58f65e",
 "user": "raul_desktop"},
"ids": [1],
"nextid": 2}
