{"1": {
 "calculator": "unknown",
 "calculator_parameters": {"energy": -426.51201307},
 "cell": [[6.64164, 0.0, 0.0], [0.0, 8.72335, 0.0], [0.0, 0.0, 28.2831]],
 "constraints": [{"name": "FixAtoms", "kwargs": {"indices": [0, 1, 2, 3, 4, 5, 6, 7, 8, 9, 10, 11, 12, 13, 14, 15, 16, 17, 18, 19, 20, 21, 22, 23, 24, 25, 26, 50, 51, 52, 53, 54, 55, 56, 57]}}],
 "ctime": 18.97612846639584,
 "energy": -426.51201307,
 "forces": [[0.000703, -1.884938, 1.65791], [0.000124, 1.885857, 1.657687], [0.000567, 0.000256, -0.085072], [-0.408842, 0.165127, -0.680574], [0.408389, 0.163321, -0.680494], [-0.431302, 0.000558, -1.219057], [0.43221, -0.000275, -1.218955], [-0.407531, -0.16269, -0.680077], [0.409909, -0.164416, -0.680341], [0.000454, 0.00052, 0.214173], [0.0018, -0.054456, -0.036906], [-0.000898, 0.055679, -0.037044], [-0.003564, 0.903736, -0.101674], [0.004436, -0.902968, -0.102175], [0.000201, 0.000252, 0.084947], [-0.019929, 0.023637, -0.077769], [0.029056, 0.014465, -0.089083], [-0.026823, -0.013728, -0.089004], [0.010632, 0.008123, -0.052036], [-0.00993, -0.007793, -0.052118], [0.019538, -0.023214, -0.077077], [0.000873, 0.000376, 0.391543], [0.03228, 0.266052, 0.062791], [-0.025827, -0.265446, 0.045404], [-0.017535, 0.019804, 0.062043], [0.015788, -0.027606, 0.050302], [-0.001749, 0.00443, -0.000343], [-0.00025, -0.000311, 0.002535], [-0.002029, -0.00555, 0.004189], [0.004414, -0.000278, 0.002651], [0.002325, -0.0019, -0.007483], [-0.00445, -0.000548, 0.001463], [0.01097, 0.000967, 0.001891], [-0.000877, -0.003935, -0.00108], [-0.004539, -0.001328, 0.000158], [0.003269, 0.00563, -0.003141], [-0.002375, 0.000661, -0.004376], [-0.005812, 0.009428, 0.00055], [-0.0061, -0.001498, 0.002373], [-0.007778, 0.002077, -0.000728], [-0.000586, -0.001905, -0.002053], [-0.004337, -0.000834, -0.000722], [0.000509, 0.000884, 0.002301], [0.001868, -0.007344, -0.002131], [0.000269, 0.002727, -0.00802], [-0.002672, 0.000252, -0.001435], [0.00324, -0.006618, -0.005055], [0.004244, 0.003491, -0.00895], [-0.001277, -0.004223, -0.008839], [0.001614, 0.003395, 0.003686], [-0.000682, 2.615333, -1.968896], [0.002044, -0.372997, 2.894282], [-0.001215, 0.375528, 2.894117], [0.00109, -2.613835, -1.969006], [-0.001809, -1.070908, -0.24641], [-0.00291, -0.027826, 0.195782], [0.004276, 0.030415, 0.195368], [0.002896, 1.072153, -0.248944], [0.001817, -0.002394, -0.000229], [0.001318, 0.000813, -0.004145], [-0.00478, -0.00458, 0.000893], [-0.001886, 0.000924, 0.001308], [0.00058, 0.00529, 0.002246], [-0.00056, -0.001265, 0.001759], [-0.000229, 0.001242, 0.005667], [-0.002134, -0.008132, 0.010197], [-0.008528, -0.010688, 3.2e-05], [0.008041, 0.013023, 0.001195]],
 "magmom": 2.5431651,
 "magmoms": [0.539, 0.539, -0.032, -0.035, -0.038, -0.0, -0.0, -0.038, -0.035, -0.028, -0.051, -0.051, -0.002, -0.002, -0.001, 0.011, 0.007, 0.007, 0.007, 0.007, 0.011, -0.006, -0.01, -0.01, 0.001, 0.001, -0.007, 0.005, 0.01, 0.004, 0.004, 0.005, 0.009, 0.006, 0.015, 0.015, -0.014, -0.015, -0.044, -0.004, -0.019, 0.008, 0.008, -0.019, -0.004, 0.004, 0.378, 0.382, 0.039, 0.039, 0.116, -0.051, -0.051, 0.116, 0.012, -0.029, -0.029, 0.012, 0.033, -0.035, -0.035, 0.032, 0.193, 0.015, 0.014, 0.196, -0.0, -0.0],
 "mtime": 18.97612846639584,
 "numbers": [8, 8, 8, 8, 8, 8, 8, 8, 8, 8, 8, 8, 8, 8, 8, 8, 8, 8, 8, 8, 8, 8, 8, 8, 8, 8, 8, 8, 8, 8, 8, 8, 8, 8, 8, 8, 8, 8, 8, 8, 8, 8, 8, 8, 8, 8, 8, 8, 8, 8, 77, 77, 77, 77, 77, 77, 77, 77, 77, 77, 77, 77, 77, 77, 77, 77, 1, 1],
 "pbc": [true, true, true],
 "positions": [[3.32082, 2.83282, 7.50011], [3.32082, 5.89053, 7.50011], [3.32082, 0.0, 7.71252], [1.41062, 1.52885, 8.91059], [5.23102, 1.52885, 8.91059], [1.19782, 4.36167, 8.91059], [5.44382, 4.36167, 8.91059], [1.41062, 7.1945, 8.91059], [5.23102, 7.1945, 8.91059], [3.32082, 0.0, 10.10838], [3.32082, 2.83282, 10.32135], [3.32082, 5.89053, 10.32135], [0.0, 2.83282, 10.82055], [0.0, 5.89053, 10.82055], [0.0, 0.0, 11.0338], [1.9102, 1.52885, 12.23131], [4.73144, 1.52885, 12.23131], [1.9102, 7.1945, 12.23131], [2.123, 4.36167, 12.23131], [4.51864, 4.36167, 12.23131], [4.73144, 7.1945, 12.23131], [0.0, 0.0, 13.4291], [0.0, 2.83282, 13.64207], [0.0, 5.89053, 13.64207], [3.32082, 2.83282, 14.14127], [3.32082, 5.89053, 14.14127], [3.32082, 0.0, 14.35452], [1.41047, 1.52556, 15.55739], [5.23549, 1.51158, 15.53125], [1.19177, 4.35994, 15.58207], [5.44983, 4.36203, 15.58213], [5.23212, 7.19802, 15.55388], [1.40636, 7.21112, 15.53213], [3.32228, 8.72305, 16.74468], [3.33448, 2.82032, 16.94934], [3.31119, 5.89864, 16.94596], [6.60704, 2.79421, 17.48623], [0.03205, 5.92551, 17.48411], [7e-05, 0.0006, 17.743], [1.93323, 1.51317, 18.80042], [4.71659, 1.5074, 18.95878], [2.14097, 4.37808, 18.91422], [4.50363, 4.34328, 18.91681], [1.92648, 7.21261, 18.94562], [4.71186, 7.20581, 18.79816], [0.0008, 8.72151, 20.12548], [0.06741, 2.63173, 20.3491], [6.5803, 6.09022, 20.34659], [3.21011, 2.77436, 20.8135], [3.42859, 5.95003, 20.81036], [3.32082, 1.52955, 8.91059], [0.0, 2.83204, 8.91059], [0.0, 5.89123, 8.91059], [3.32082, 7.1938, 8.91059], [0.0, 1.52955, 12.23131], [3.32082, 2.83204, 12.23131], [3.32082, 5.89123, 12.23131], [0.0, 7.1938, 12.23131], [3.32448, 1.53022, 15.5503], [6.63843, 2.82625, 15.55269], [0.00331, 5.89598, 15.55168], [3.3179, 7.19281, 15.54982], [0.00499, 1.55435, 18.93045], [3.322, 2.82987, 18.87523], [3.32196, 5.89065, 18.87212], [6.63888, 7.16737, 18.92724], [3.7634, 2.0335, 21.1374], [2.87565, 6.6922, 21.13166]],
 "stress": [0.002237949270667575, 0.0039935359915595145, 0.003329707805457949, -3.874104714435739e-05, 4.12314092855848e-05, 7.828724896595372e-05],
 "unique_id": "1d009b79c98beab8cc1b10e3ca436f66",
 "user": "raul_desktop"},
"ids": [1],
"nextid": 2}
