{"1": {
 "calculator": "unknown",
 "calculator_parameters": {"energy": -431.02115239},
 "cell": [[6.64164, 0.0, 0.0], [0.0, 8.72335, 0.0], [0.0, 0.0, 28.2831]],
 "constraints": [{"name": "FixAtoms", "kwargs": {"indices": [0, 1, 2, 3, 4, 5, 6, 7, 8, 9, 10, 11, 12, 13, 14, 15, 16, 17, 18, 19, 20, 21, 22, 23, 24, 25, 26, 51, 52, 53, 54, 55, 56, 57, 58]}}],
 "ctime": 18.976128465740015,
 "energy": -431.02115239,
 "forces": [[0.000656, -1.886733, 1.65658], [0.000519, 1.89151, 1.658978], [-0.000298, -0.000205, -0.08472], [-0.403546, 0.154939, -0.679515], [0.403442, 0.154427, -0.679475], [-0.417674, 0.0007, -1.220499], [0.419764, 0.000715, -1.219915], [-0.40383, -0.156476, -0.676056], [0.402325, -0.156246, -0.675669], [-7.9e-05, 0.000714, 0.218501], [0.001771, -0.058771, -0.026381], [-8.9e-05, 0.058802, -0.032839], [-0.000639, 0.891672, -0.086621], [0.000295, -0.90327, -0.081681], [0.00168, -0.00359, 0.069386], [-0.015813, 0.010058, -0.084092], [0.015519, 0.008521, -0.084595], [-0.014827, -0.015997, -0.075882], [7.6e-05, 0.00078, -0.054777], [-0.000367, 0.000288, -0.050329], [0.016999, -0.015309, -0.07505], [-0.002574, 0.007392, 0.428579], [-0.000742, 0.287327, 0.163019], [-0.015407, -0.285304, 0.048916], [0.002021, 0.038827, 0.050975], [-0.019418, -0.051087, 0.004859], [-0.021545, 0.063931, -0.055323], [0.003994, -0.003086, -0.005953], [-0.003299, 0.005102, 0.00282], [-0.00665, 0.00662, -0.000896], [0.003055, -0.003109, -0.002728], [0.002329, 0.001153, 0.003836], [0.002353, -0.003776, -0.001572], [0.009495, 0.000564, -0.000402], [0.01028, 0.002751, 0.001421], [0.002099, -0.001411, -0.004063], [-0.004208, -0.005606, 0.011077], [-0.003578, 0.002005, 0.000296], [0.000571, 0.004683, 0.000124], [0.006721, 0.007415, -0.006281], [-0.006141, -0.006064, 0.007238], [0.007344, -0.001875, 0.005226], [0.000755, 0.00314, -0.003727], [-0.00026, -0.008702, 0.008746], [0.001847, -0.00122, -0.001528], [-0.003461, 0.000139, 0.001641], [-0.007667, 0.000518, 0.000578], [0.00206, -0.0137, -0.003906], [-0.005687, -0.006958, -0.010614], [0.005722, -0.000285, -0.000403], [-0.00345, 0.006188, -0.004827], [0.000609, 2.623904, -1.981295], [0.00089, -0.363859, 2.881727], [0.000745, 0.361167, 2.869597], [0.0029, -2.642329, -1.989802], [0.005008, -1.051755, -0.251433], [-0.002282, -0.02131, 0.243187], [0.001809, 0.025623, 0.175908], [0.000947, 1.073646, -0.299323], [0.003921, 0.001106, -0.00029], [0.005937, -0.004669, 0.000903], [0.00192, -0.000641, -0.000587], [8.6e-05, -0.000775, -0.000715], [0.001924, -0.004262, 0.00383], [-0.001738, -0.001209, 0.002045], [0.004214, -0.003451, 0.004059], [0.001447, -0.002702, -0.00433], [-0.002618, -0.010633, -0.002998], [0.011837, 4.8e-05, -0.002962]],
 "magmom": 2.6617047,
 "magmoms": [0.544, 0.542, -0.036, -0.036, -0.037, -0.001, -0.0, -0.037, -0.037, -0.025, -0.052, -0.054, 0.001, 0.0, -0.004, 0.018, 0.018, 0.018, 0.008, 0.009, 0.019, -0.007, -0.013, -0.011, -0.006, -0.009, -0.016, 0.029, 0.032, 0.002, 0.003, 0.031, 0.032, -0.002, -0.007, 0.016, -0.003, -0.012, -0.044, -0.011, -0.009, -0.01, -0.011, 0.003, 0.005, -0.002, 0.28, 0.322, 0.127, 0.07, 0.063, 0.116, -0.051, -0.054, 0.115, 0.013, -0.016, -0.022, 0.016, 0.022, -0.009, 0.005, 0.004, 0.145, -0.009, 0.085, 0.15, -0.0, -0.0],
 "mtime": 18.976128465740015,
 "numbers": [8, 8, 8, 8, 8, 8, 8, 8, 8, 8, 8, 8, 8, 8, 8, 8, 8, 8, 8, 8, 8, 8, 8, 8, 8, 8, 8, 8, 8, 8, 8, 8, 8, 8, 8, 8, 8, 8, 8, 8, 8, 8, 8, 8, 8, 8, 8, 8, 8, 8, 8, 77, 77, 77, 77, 77, 77, 77, 77, 77, 77, 77, 77, 77, 77, 77, 77, 1, 1],
 "pbc": [true, true, true],
 "positions": [[3.32082, 2.83282, 7.50011], [3.32082, 5.89053, 7.50011], [3.32082, 0.0, 7.71252], [1.41062, 1.52885, 8.91059], [5.23102, 1.52885, 8.91059], [1.19782, 4.36167, 8.91059], [5.44382, 4.36167, 8.91059], [1.41062, 7.1945, 8.91059], [5.23102, 7.1945, 8.91059], [3.32082, 0.0, 10.10838], [3.32082, 2.83282, 10.32135], [3.32082, 5.89053, 10.32135], [0.0, 2.83282, 10.82055], [0.0, 5.89053, 10.82055], [0.0, 0.0, 11.0338], [1.9102, 1.52885, 12.23131], [4.73144, 1.52885, 12.23131], [1.9102, 7.1945, 12.23131], [2.123, 4.36167, 12.23131], [4.51864, 4.36167, 12.23131], [4.73144, 7.1945, 12.23131], [0.0, 0.0, 13.4291], [0.0, 2.83282, 13.64207], [0.0, 5.89053, 13.64207], [3.32082, 2.83282, 14.14127], [3.32082, 5.89053, 14.14127], [3.32082, 0.0, 14.35452], [1.4087, 1.52639, 15.55839], [5.23021, 1.52715, 15.56044], [1.19033, 4.36776, 15.58159], [5.44432, 4.36232, 15.57698], [5.22721, 7.20606, 15.54385], [1.39909, 7.20902, 15.53975], [3.31338, 4e-05, 16.74012], [3.30782, 2.86258, 16.94656], [3.30927, 5.88647, 16.93212], [6.64126, 2.80941, 17.49584], [6.62132, 5.93782, 17.47869], [6.62716, 0.02919, 17.75439], [1.92949, 1.52164, 18.90441], [4.70345, 1.53042, 18.90641], [2.1211, 4.38085, 18.89596], [4.49948, 4.38499, 18.90658], [1.90837, 7.22406, 18.86477], [4.68757, 7.23187, 18.83504], [6.62871, 0.00589, 20.13419], [0.00064, 2.64121, 20.37684], [6.60294, 6.10453, 20.33738], [3.32418, 2.90423, 20.81882], [3.31495, 5.9316, 20.7912], [3.39564, 1.60934, 21.3799], [3.32082, 1.52955, 8.91059], [0.0, 2.83204, 8.91059], [0.0, 5.89123, 8.91059], [3.32082, 7.1938, 8.91059], [0.0, 1.52955, 12.23131], [3.32082, 2.83204, 12.23131], [3.32082, 5.89123, 12.23131], [0.0, 7.1938, 12.23131], [3.31994, 1.53074, 15.55044], [6.64051, 2.83116, 15.55669], [6.63484, 5.89821, 15.5497], [3.31299, 7.19612, 15.5424], [6.63543, 1.57506, 18.94812], [3.313, 2.83679, 18.85457], [3.30364, 5.90352, 18.84278], [6.61873, 7.18703, 18.91935], [3.47549, 1.85112, 22.33002], [3.13152, 6.84833, 21.08158]],
 "stress": [0.0023821406144937302, 0.0035587587073596127, 0.003506086611846284, 0.00032131288980047015, -9.40220934723054e-05, 6.913095507828296e-05],
 "unique_id": "3a3b1baa7bfe489b121d950a3d63ea9e",
 "user": "raul_desktop"},
"ids": [1],
"nextid": 2}
