{"1": {
 "calculator": "unknown",
 "calculator_parameters": {"energy": -450.23051483},
 "cell": [[6.3788, 0.0, 0.0], [0.0, 9.08, 0.0], [0.0, 0.0, 26.3501]],
 "constraints": [{"name": "FixAtoms", "kwargs": {"indices": [0, 1, 2, 3, 4, 5, 6, 11, 12, 13, 14, 15, 16, 17, 22, 23, 24, 25, 26, 27, 28, 33, 34, 35, 36, 37, 38, 39, 44, 45, 46, 49, 50, 51, 54, 55, 56, 59, 60, 61]}}],
 "ctime": 18.97612814632105,
 "energy": -450.23051483,
 "forces": [[-0.0, 1.800893, 0.832098], [0.0, -0.493331, -1.405475], [-0.0, -0.75771, 0.909404], [0.0, 1.016699, -0.959706], [0.0, 1.193957, 1.166064], [-0.0, -0.632382, -0.795434], [-0.0, -0.549656, 0.880015], [-0.0, -0.008606, -0.009493], [-0.0, 0.009327, -0.0057], [-0.0, 0.008905, -0.014891], [-0.0, 0.013757, -0.013587], [0.0, 1.800893, 0.832098], [-0.0, -0.493331, -1.405475], [-0.0, -0.75771, 0.909404], [-0.0, 1.016699, -0.959706], [0.0, 1.193957, 1.166064], [-0.0, -0.632382, -0.795434], [-0.0, -0.549656, 0.880015], [-0.0, -0.008606, -0.009493], [-0.0, 0.009327, -0.0057], [-0.0, 0.008905, -0.014891], [0.0, 0.013757, -0.013587], [-0.0, 1.800893, 0.832098], [-0.0, -0.493331, -1.405475], [-0.0, -0.75771, 0.909404], [0.0, 1.016699, -0.959706], [-0.0, 1.193957, 1.166064], [0.0, -0.632382, -0.795434], [0.0, -0.549656, 0.880015], [-0.0, -0.008606, -0.009493], [-0.0, 0.009327, -0.0057], [-0.0, 0.008905, -0.014891], [-0.0, 0.013757, -0.013587], [-0.0, 1.800893, 0.832098], [0.0, -0.493331, -1.405475], [-0.0, -0.75771, 0.909404], [-0.0, 1.016699, -0.959706], [-0.0, 1.193957, 1.166064], [0.0, -0.632382, -0.795434], [-0.0, -0.549656, 0.880015], [-0.0, -0.008606, -0.009493], [-0.0, 0.009327, -0.0057], [-0.0, 0.008905, -0.014891], [-0.0, 0.013757, -0.013587], [-0.0, -1.489554, -0.274459], [-0.0, -0.171635, -0.417581], [-0.0, 0.036189, 0.123215], [-0.0, 0.006108, -0.003354], [-0.0, 0.011322, -0.005192], [-0.0, -1.489554, -0.274459], [-0.0, -0.171635, -0.417581], [-0.0, 0.036189, 0.123215], [-0.0, 0.006108, -0.003354], [-0.0, 0.011322, -0.005192], [-0.0, -1.489554, -0.274459], [-0.0, -0.171635, -0.417581], [-0.0, 0.036189, 0.123215], [-0.0, 0.006108, -0.003354], [-0.0, 0.011322, -0.005192], [-0.0, -1.489554, -0.274459], [-0.0, -0.171635, -0.417581], [-0.0, 0.036189, 0.123215], [-0.0, 0.006108, -0.003354], [-0.0, 0.011322, -0.005192], [-0.0, 0.005716, -0.005923], [-0.0, 0.005716, -0.005923], [-0.0, 0.005716, -0.005923], [-0.0, 0.005716, -0.005923]],
 "magmom": 3.0460597,
 "magmoms": [-0.004, 0.0, 0.002, 0.008, 0.007, -0.016, 0.005, 0.01, -0.001, 0.119, 0.199, -0.004, 0.0, 0.002, 0.008, 0.007, -0.016, 0.005, 0.01, -0.001, 0.119, 0.199, -0.004, 0.0, 0.002, 0.008, 0.007, -0.016, 0.005, 0.01, -0.001, 0.119, 0.199, -0.004, 0.0, 0.002, 0.008, 0.007, -0.016, 0.005, 0.01, -0.001, 0.119, 0.199, -0.001, 0.004, 0.031, -0.052, 0.368, -0.001, 0.004, 0.031, -0.052, 0.368, -0.001, 0.004, 0.031, -0.052, 0.368, -0.001, 0.004, 0.031, -0.052, 0.368, 0.001, 0.001, 0.001, 0.001],
 "mtime": 18.97612814632105,
 "numbers": [8, 8, 8, 8, 8, 8, 8, 8, 8, 8, 8, 8, 8, 8, 8, 8, 8, 8, 8, 8, 8, 8, 8, 8, 8, 8, 8, 8, 8, 8, 8, 8, 8, 8, 8, 8, 8, 8, 8, 8, 8, 8, 8, 8, 77, 77, 77, 77, 77, 77, 77, 77, 77, 77, 77, 77, 77, 77, 77, 77, 77, 77, 77, 77, 1, 1, 1, 1],
 "pbc": [true, true, true],
 "positions": [[1.5947, 0.454, 7.50003], [1.5947, 2.27, 9.31608], [0.0, 0.0, 9.76983], [0.0, 2.724, 11.58588], [1.5947, 0.454, 12.03962], [1.5947, 2.27, 13.85567], [0.0, 0.0, 14.30995], [-0.0, 2.80242, 16.05001], [1.5947, 0.51701, 16.64116], [1.5947, 2.34678, 18.2176], [-0.0, 0.23051, 19.05158], [1.5947, 4.994, 7.50003], [1.5947, 6.81, 9.31608], [0.0, 4.54, 9.76983], [0.0, 7.264, 11.58588], [1.5947, 4.994, 12.03962], [1.5947, 6.81, 13.85567], [0.0, 4.54, 14.30995], [-0.0, 7.34242, 16.05001], [1.5947, 5.05701, 16.64116], [1.5947, 6.88678, 18.2176], [-0.0, 4.77051, 19.05158], [4.7841, 0.454, 7.50003], [4.7841, 2.27, 9.31608], [3.1894, 0.0, 9.76983], [3.1894, 2.724, 11.58588], [4.7841, 0.454, 12.03962], [4.7841, 2.27, 13.85567], [3.1894, 0.0, 14.30995], [3.1894, 2.80242, 16.05001], [4.7841, 0.51701, 16.64116], [4.7841, 2.34678, 18.2176], [3.1894, 0.23051, 19.05158], [4.7841, 4.994, 7.50003], [4.7841, 6.81, 9.31608], [3.1894, 4.54, 9.76983], [3.1894, 7.264, 11.58588], [4.7841, 4.994, 12.03962], [4.7841, 6.81, 13.85567], [3.1894, 4.54, 14.30995], [3.1894, 7.34242, 16.05001], [4.7841, 5.05701, 16.64116], [4.7841, 6.88678, 18.2176], [3.1894, 4.77051, 19.05158], [0.0, 1.362, 8.40805], [1.5947, 3.632, 10.67785], [0.0, 1.362, 12.94765], [1.5947, 3.69134, 15.21733], [-0.0, 1.38911, 17.53184], [0.0, 5.902, 8.40805], [1.5947, 8.172, 10.67785], [0.0, 5.902, 12.94765], [1.5947, 8.23134, 15.21733], [-0.0, 5.92911, 17.53184], [3.1894, 1.362, 8.40805], [4.7841, 3.632, 10.67785], [3.1894, 1.362, 12.94765], [4.7841, 3.69134, 15.21733], [3.1894, 1.38911, 17.53184], [3.1894, 5.902, 8.40805], [4.7841, 8.172, 10.67785], [3.1894, 5.902, 12.94765], [4.7841, 8.23134, 15.21733], [3.1894, 5.92911, 17.53184], [3.1894, 8.35528, 18.82332], [3.1894, 3.81528, 18.82332], [-0.0, 8.35528, 18.82332], [-0.0, 3.81528, 18.82332]],
 "stress": [0.028139725305371274, -0.0006297869953289985, -0.0007369162579656587, 0.005084570511291286, -0.0, -0.0],
 "unique_id": "79e8b9561b59c287e6cf0f7cba60dde5",
 "user": "raul_desktop"},
"ids": [1],
"nextid": 2}
