{"1": {
 "calculator": "unknown",
 "calculator_parameters": {"energy": -455.45817044},
 "cell": [[6.3788, 0.0, 0.0], [0.0, 9.08, 0.0], [0.0, 0.0, 26.3501]],
 "constraints": [{"name": "FixAtoms", "kwargs": {"indices": [0, 1, 2, 3, 4, 5, 6, 11, 12, 13, 14, 15, 16, 17, 22, 23, 24, 25, 26, 27, 28, 33, 34, 35, 36, 37, 38, 39, 45, 46, 47, 50, 51, 52, 55, 56, 57, 60, 61, 62]}}],
 "ctime": 18.976128145163994,
 "energy": -455.45817044,
 "forces": [[-0.00452, 1.811709, 0.824279], [0.001697, -0.473385, -1.404881], [0.003876, -0.761181, 0.909719], [0.009579, 1.002054, -0.988261], [0.010706, 1.201272, 1.175444], [0.020231, -0.703679, -0.740677], [0.039213, -0.526843, 0.782926], [-0.013247, -0.002753, -0.005736], [-0.00406, 0.006465, -0.00289], [0.01192, -0.001144, 0.015594], [0.017046, -0.013278, -0.019345], [0.004825, 1.810746, 0.824423], [0.000545, -0.504239, -1.416767], [0.00244, -0.766331, 0.903461], [-0.010052, 0.991039, -0.983108], [-0.007965, 1.208194, 1.182103], [-0.039547, -0.641014, -0.70151], [-0.06567, -0.481032, 0.734239], [-0.001255, 0.001385, -0.009073], [0.001643, 0.000451, 0.000244], [-0.003988, 0.003282, 0.008285], [-0.022321, -0.013482, 0.001026], [-0.001611, 1.815929, 0.819129], [0.0047, -0.493429, -1.40121], [-0.00737, -0.76549, 0.916436], [-0.008156, 0.993196, -0.98243], [0.000427, 1.216294, 1.178889], [0.043302, -0.642175, -0.661304], [0.030717, -0.510321, 0.776087], [0.009183, 0.013495, 0.005887], [-0.003426, 0.016663, 0.000583], [0.009541, 0.002707, -0.009435], [0.017389, -0.035026, -0.037859], [0.002006, 1.812804, 0.827678], [-0.002521, -0.495188, -1.414831], [0.002434, -0.762057, 0.897065], [0.000682, 1.002593, -0.995243], [-0.000834, 1.20296, 1.184052], [-0.036995, -0.644632, -0.693372], [-0.11264, -0.547671, 0.793872], [0.007045, -0.006724, 0.000228], [-0.006535, 0.001559, 0.003997], [0.002342, 0.001582, 0.002428], [-0.019736, 0.006583, 0.003085], [0.002735, 0.030404, 0.017651], [-0.001546, -1.509726, -0.274557], [0.005042, -0.177954, -0.404294], [-0.01767, 0.106344, 0.11368], [0.003517, 0.000414, -0.000783], [0.011667, 0.012585, -0.017559], [-0.007751, -1.502616, -0.280466], [0.004242, -0.165257, -0.387396], [0.060647, 0.09182, 0.092098], [0.002149, 0.001394, -0.004611], [0.005789, 0.003027, -0.003422], [0.007234, -1.506999, -0.275684], [-0.00521, -0.169675, -0.421451], [-0.009388, 0.095387, 0.1237], [0.007011, 0.001257, -0.001548], [0.012399, 0.005237, -0.005359], [0.004807, -1.509081, -0.265802], [0.006365, -0.181316, -0.384385], [-0.007268, 0.100929, 0.126792], [0.00083, 0.000464, -0.003998], [0.00027, 0.001864, -0.001038], [0.005432, -0.00271, -0.004818], [0.008814, 0.008347, -0.009865], [0.012082, 0.00212, -0.003065], [0.006761, -0.068144, -0.02705]],
 "magmom": 0.0006274,
 "magmoms": [0.0, -0.0, 0.0, 0.0, 0.0, -0.0, 0.0, 0.0, -0.0, 0.0, 0.0, 0.0, 0.0, -0.0, 0.0, -0.0, -0.0, 0.0, -0.0, -0.0, 0.0, 0.0, 0.0, 0.0, 0.0, 0.0, -0.0, 0.0, 0.0, -0.0, -0.0, 0.0, 0.0, 0.0, 0.0, 0.0, 0.0, -0.0, 0.0, -0.0, -0.0, -0.0, -0.0, 0.0, 0.0, 0.0, -0.0, 0.0, -0.0, 0.0, 0.0, 0.0, 0.0, -0.0, 0.0, 0.0, -0.0, 0.0, -0.0, 0.0, 0.0, 0.0, 0.0, -0.0, -0.0, -0.0, 0.0, -0.0, 0.0],
 "mtime": 18.976128145163994,
 "numbers": [8, 8, 8, 8, 8, 8, 8, 8, 8, 8, 8, 8, 8, 8, 8, 8, 8, 8, 8, 8, 8, 8, 8, 8, 8, 8, 8, 8, 8, 8, 8, 8, 8, 8, 8, 8, 8, 8, 8, 8, 8, 8, 8, 8, 8, 77, 77, 77, 77, 77, 77, 77, 77, 77, 77, 77, 77, 77, 77, 77, 77, 77, 77, 77, 77, 1, 1, 1, 1],
 "pbc": [true, true, true],
 "positions": [[1.5947, 0.454, 7.50003], [1.5947, 2.27, 9.31608], [0.0, 0.0, 9.76983], [0.0, 2.724, 11.58588], [1.5947, 0.454, 12.03962], [1.5947, 2.27, 13.85567], [0.0, 0.0, 14.30995], [6.37033, 2.83579, 16.08337], [1.62567, 0.56438, 16.61121], [1.6026, 2.38297, 18.21324], [0.091, 0.08817, 18.86288], [1.5947, 4.994, 7.50003], [1.5947, 6.81, 9.31608], [0.0, 4.54, 9.76983], [0.0, 7.264, 11.58588], [1.5947, 4.994, 12.03962], [1.5947, 6.81, 13.85567], [0.0, 4.54, 14.30995], [6.37452, 7.37626, 16.08292], [1.55358, 5.12217, 16.59749], [1.55543, 6.84018, 18.30785], [0.00307, 4.62171, 18.85606], [4.7841, 0.454, 7.50003], [4.7841, 2.27, 9.31608], [3.1894, 0.0, 9.76983], [3.1894, 2.724, 11.58588], [4.7841, 0.454, 12.03962], [4.7841, 2.27, 13.85567], [3.1894, 0.0, 14.30995], [3.19991, 2.81278, 16.06686], [4.81724, 0.55969, 16.63803], [4.84181, 2.27413, 18.34496], [2.97686, 0.26395, 18.99002], [4.7841, 4.994, 7.50003], [4.7841, 6.81, 9.31608], [3.1894, 4.54, 9.76983], [3.1894, 7.264, 11.58588], [4.7841, 4.994, 12.03962], [4.7841, 6.81, 13.85567], [3.1894, 4.54, 14.30995], [3.18538, 7.38069, 16.0838], [4.74082, 5.11436, 16.6027], [4.75651, 6.82285, 18.29793], [3.18228, 4.61243, 18.83598], [4.01308, 0.13318, 19.94624], [0.0, 1.362, 8.40805], [1.5947, 3.632, 10.67785], [0.0, 1.362, 12.94765], [1.58785, 3.69771, 15.2197], [0.04606, 1.42487, 17.5087], [0.0, 5.902, 8.40805], [1.5947, 8.172, 10.67785], [0.0, 5.902, 12.94765], [1.5972, 8.24192, 15.21852], [6.32561, 5.97342, 17.49845], [3.1894, 1.362, 8.40805], [4.7841, 3.632, 10.67785], [3.1894, 1.362, 12.94765], [4.78148, 3.7057, 15.21964], [3.23103, 1.45488, 17.50176], [3.1894, 5.902, 8.40805], [4.7841, 8.172, 10.67785], [3.1894, 5.902, 12.94765], [4.78645, 8.24413, 15.22056], [3.14668, 5.98476, 17.49507], [2.30594, 4.15463, 18.89683], [0.84842, 8.53129, 18.75366], [5.53037, 4.11831, 18.91284], [3.48889, 8.8654, 20.7033]],
 "stress": [0.0253852287394456, 0.0003207698785065183, -0.0009316763087297198, 0.005722995755250506, -0.000383821603696191, 0.000266843239658887],
 "unique_id": "b5b28d2daf0009b025bfd7c0c65a9f44",
 "user": "raul_desktop"},
"ids": [1],
"nextid": 2}
