{"1": {
 "calculator": "unknown",
 "calculator_parameters": {"energy": -543.88070976},
 "cell": [[9.3927, 0.0, 0.0], [0.0, 8.72335, 0.0], [0.0, 0.0, 27.0937]],
 "constraints": [{"name": "FixAtoms", "kwargs": {"indices": [0, 1, 2, 3, 4, 5, 6, 7, 8, 9, 10, 11, 12, 13, 14, 15, 16, 17, 18, 19, 34, 35, 36, 37, 38, 39, 40, 41, 42, 43, 44, 45, 46, 47, 48, 49, 50, 51, 52, 53, 67, 68, 69, 70, 71, 72, 77, 78, 79, 80, 81, 82]}}],
 "ctime": 18.976120280235765,
 "energy": -543.88070976,
 "forces": [[1.410976, 0.117595, 1.605446], [1.408745, -0.112487, 1.610518], [-0.887045, 1.721184, 1.315108], [-0.88861, -1.727113, 1.316853], [0.230844, -0.002616, 0.273181], [0.006984, -0.002667, 0.646316], [-0.079066, -0.003481, 0.192214], [-0.08939, 0.005396, 0.208976], [0.28363, -0.122247, 0.497021], [0.279993, 0.133408, 0.494538], [0.103066, -0.000644, 0.172332], [-0.081766, 0.010508, -0.156214], [-0.130291, -0.099285, -0.068878], [-0.096983, 0.052798, -0.051541], [-0.065537, 0.036549, 0.038008], [-0.059216, -0.088554, 0.027662], [-0.022862, -0.076541, 0.089112], [0.025038, -0.027494, -0.127544], [0.108451, -0.054426, -0.120251], [0.042096, 0.315322, -0.223835], [0.007056, -0.006329, 0.014237], [0.008856, -0.004849, 0.005105], [-0.009433, -0.000354, -0.000951], [-0.004369, -0.004818, -0.005921], [0.000521, 0.000181, -0.003768], [0.005447, -0.001598, 0.001476], [0.003236, 0.000685, 0.016019], [0.004127, 0.000321, -0.001566], [0.016201, 0.005101, -0.003161], [-0.001184, 0.011147, 0.004724], [-0.000487, -0.001135, 0.005112], [0.000157, 0.001327, -0.001833], [-0.007698, -0.008551, 0.0045], [0.00235, -0.00501, 0.001798], [1.408072, 0.11561, 1.608449], [1.415354, -0.1138, 1.615354], [-0.886656, 1.734638, 1.311576], [-0.88557, -1.709891, 1.30684], [0.222856, -0.005163, 0.270586], [0.00391, -0.002303, 0.63664], [-0.068924, 0.007822, 0.193246], [-0.085569, 0.020091, 0.207385], [0.28949, -0.127895, 0.507885], [0.25861, 0.116626, 0.477598], [0.093003, -0.000339, 0.146969], [-0.102191, -0.004678, -0.158447], [-0.169183, -0.107211, -0.068316], [-0.03334, -0.024095, 0.023263], [-0.087187, 0.060544, 0.03649], [-0.041255, -0.05513, 0.061836], [-0.020741, -0.01913, 0.096552], [0.029075, -0.036741, 0.008308], [-0.131258, -0.167736, 0.259471], [-0.067703, 0.059259, 0.023734], [-0.000504, -0.001658, -0.012102], [-0.00431, 0.010375, -0.002268], [-0.001777, -0.001302, -0.003745], [-0.004569, 0.00135, 0.000237], [0.001694, 0.0047, -0.003937], [-0.000979, 0.002257, 0.005421], [0.001879, 0.003293, 0.001546], [0.003906, 0.005068, -0.006243], [-0.009424, 0.001359, 0.004818], [-0.000177, -0.004214, 0.000288], [0.00753, -0.00013, -0.001194], [-0.002737, 0.002151, 0.000139], [0.001092, 0.009658, 0.000627], [-0.918007, -2.087689, -4.16515], [-0.895752, 2.084592, -4.175761], [0.157197, 0.186291, 0.136774], [0.155242, -0.127844, 0.152928], [0.088089, 0.106085, 0.111846], [0.148503, -0.302653, -0.091658], [0.000558, -0.000296, -0.005257], [0.002298, 0.002059, -0.003879], [-0.002347, -0.002732, 0.004302], [-0.001819, -0.004084, 0.001393], [-0.917182, -2.103711, -4.17882], [-0.897023, 2.050156, -4.155251], [0.171122, 0.257589, 0.079943], [0.142405, -0.104215, 0.136899], [0.064107, 0.14562, -0.110444], [0.050248, 0.065847, -0.074814], [-0.002784, 0.00117, -0.007072], [0.008779, 0.004708, 0.00953], [-0.008025, -0.005071, 0.008127], [0.003645, -0.004681, -0.00457], [-0.005505, 0.004153, 0.007135]],
 "magmom": -0.6654726,
 "magmoms": [-0.684, -0.683, 0.736, 0.734, 0.034, 0.036, -0.037, -0.038, -0.006, 0.001, -0.011, 0.03, -0.003, -0.004, -0.041, -0.043, 0.001, 0.014, -0.007, -0.01, 0.011, 0.016, -0.008, -0.014, 0.018, -0.013, 0.01, 0.018, 0.007, 0.006, -0.288, -0.338, 0.186, -0.062, -0.684, -0.681, 0.735, 0.739, 0.031, 0.039, -0.035, -0.029, -0.0, 0.002, 0.0, 0.026, -0.002, 0.003, -0.042, -0.051, -0.008, 0.011, 0.009, 0.016, 0.009, 0.008, -0.009, 0.004, -0.004, -0.029, 0.001, 0.002, -0.002, -0.002, -0.001, -0.013, 0.134, 0.054, 0.053, -0.047, -0.05, -0.005, -0.013, 0.006, -0.006, -0.139, -0.238, 0.051, 0.059, -0.063, -0.037, 0.013, -0.012, 0.024, 0.063, 0.007, -0.04, -0.001],
 "mtime": 18.976120280235765,
 "numbers": [8, 8, 8, 8, 8, 8, 8, 8, 8, 8, 8, 8, 8, 8, 8, 8, 8, 8, 8, 8, 8, 8, 8, 8, 8, 8, 8, 8, 8, 8, 8, 8, 8, 8, 8, 8, 8, 8, 8, 8, 8, 8, 8, 8, 8, 8, 8, 8, 8, 8, 8, 8, 8, 8, 8, 8, 8, 8, 8, 8, 8, 8, 8, 8, 8, 8, 8, 77, 77, 77, 77, 77, 77, 77, 77, 77, 77, 77, 77, 77, 77, 77, 77, 77, 77, 77, 77, 1],
 "pbc": [true, true, true],
 "positions": [[1.84444, 2.83282, 7.50008], [1.84444, 5.89053, 7.50008], [4.19253, 1.52885, 7.85311], [4.19253, 7.1945, 7.85311], [4.04205, 4.36167, 8.00348], [2.34808, 4.36167, 9.69738], [2.19761, 1.52885, 9.84802], [2.19761, 7.1945, 9.84802], [4.54579, 2.83282, 10.20132], [4.54579, 5.89053, 10.20132], [4.69635, 0.0, 10.35169], [1.69388, 0.0, 12.04532], [1.84444, 2.83282, 12.19623], [1.84444, 5.89053, 12.19623], [4.19253, 1.52885, 12.54926], [4.19253, 7.1945, 12.54926], [4.04205, 4.36167, 12.69963], [2.34808, 4.36167, 14.39407], [2.19761, 1.52885, 14.54444], [2.19761, 7.1945, 14.54444], [4.54527, 2.84599, 14.90883], [4.53143, 5.88374, 14.90928], [4.67603, 8.71997, 15.03357], [1.66796, 8.71139, 16.76478], [1.77152, 2.85628, 16.87005], [1.93745, 5.8894, 16.84309], [4.18768, 1.55634, 17.26723], [4.23573, 7.1914, 17.30442], [3.94223, 4.3512, 17.39866], [2.40144, 4.33681, 19.23663], [2.09405, 1.74998, 19.29769], [2.13525, 6.9847, 19.15427], [4.55939, 2.69519, 19.60188], [4.61272, 5.86824, 19.5762], [6.54079, 2.83282, 7.50008], [6.54079, 5.89053, 7.50008], [8.88888, 1.52885, 7.85311], [8.88888, 7.1945, 7.85311], [8.7384, 4.36167, 8.00348], [7.04443, 4.36167, 9.69738], [6.89396, 1.52885, 9.84802], [6.89396, 7.1945, 9.84802], [9.24214, 2.83282, 10.20132], [9.24214, 5.89053, 10.20132], [0.0, 0.0, 10.35169], [6.39023, 0.0, 12.04532], [6.54079, 2.83282, 12.19623], [6.54079, 5.89053, 12.19623], [8.88888, 1.52885, 12.54926], [8.88888, 7.1945, 12.54926], [8.7384, 4.36167, 12.69963], [7.04443, 4.36167, 14.39407], [6.89396, 1.52885, 14.54444], [6.89396, 7.1945, 14.54444], [9.23976, 2.83148, 14.89937], [9.22822, 5.87445, 14.93212], [0.00388, 8.66217, 15.06801], [6.37662, 8.70996, 16.75826], [6.53087, 2.83329, 16.96522], [6.54544, 5.83702, 16.86905], [8.82818, 1.54449, 17.18903], [8.96752, 7.15673, 17.35246], [8.86003, 4.47502, 17.4924], [7.07896, 4.4657, 19.06211], [8.57483, 2.38837, 19.65216], [7.35824, 6.98446, 19.71516], [4.21265, 3.23395, 20.826], [3.19502, 2.83212, 8.8507], [3.19502, 5.89131, 8.8507], [0.84685, 1.52955, 11.19864], [0.84685, 7.1938, 11.19864], [3.19502, 2.83212, 13.54685], [3.19502, 5.89131, 13.54685], [0.82716, 1.48868, 15.87187], [0.89456, 7.13242, 15.90842], [3.10122, 2.7558, 18.23738], [3.30768, 5.88548, 18.38636], [7.89146, 2.83212, 8.8507], [7.89146, 5.89131, 8.8507], [5.5432, 1.52955, 11.19864], [5.5432, 7.1938, 11.19864], [7.89146, 2.83212, 13.54685], [7.89146, 5.89131, 13.54685], [5.5337, 1.51178, 15.88944], [5.53535, 7.19224, 15.88909], [7.96071, 2.99016, 18.13531], [7.78539, 6.11329, 18.28005], [3.38455, 3.77916, 20.61444]],
 "stress": [0.00428248665654228, 0.0046294022167771235, 0.005528248187504697, -0.00028303995584055396, 0.00157002665457943, -0.0006265414105835391],
 "unique_id": "d55a8def6cfc8ec6345f310ac9533435",
 "user": "raul_desktop"},
"ids": [1],
"nextid": 2}
