{"1": {
 "calculator": "unknown",
 "calculator_parameters": {"energy": -543.51080937},
 "cell": [[9.3927, 0.0, 0.0], [0.0, 8.72335, 0.0], [0.0, 0.0, 27.0937]],
 "constraints": [{"name": "FixAtoms", "kwargs": {"indices": [0, 1, 2, 3, 4, 5, 6, 7, 8, 9, 10, 11, 12, 13, 14, 15, 16, 17, 18, 19, 34, 35, 36, 37, 38, 39, 40, 41, 42, 43, 44, 45, 46, 47, 48, 49, 50, 51, 52, 53, 67, 68, 69, 70, 71, 72, 77, 78, 79, 80, 81, 82]}}],
 "ctime": 18.97612028207447,
 "energy": -543.51080937,
 "forces": [[1.482516, 0.13952, 1.818026], [1.451763, -0.133617, 1.787193], [-0.975554, 2.00201, 1.508832], [-0.993296, -2.031146, 1.51711], [0.280667, 0.019098, 0.314758], [0.089897, 0.005281, 0.573309], [-0.072569, 0.001436, 0.237034], [-0.056383, -0.0438, 0.23368], [0.272348, -0.12657, 0.44028], [0.275398, 0.122951, 0.474699], [0.110078, 0.001759, 0.19141], [-0.062436, 0.019103, -0.183253], [-0.146283, -0.119446, -0.064569], [-0.093359, 0.050521, -0.044191], [-0.075798, 0.034423, 0.049292], [-0.063793, -0.083672, 0.024735], [-0.027589, -0.09217, 0.018751], [0.028085, -0.029202, -0.108644], [0.259215, 0.036835, -0.088173], [0.041888, 0.30309, -0.126978], [-6.7e-05, -0.003327, -0.00458], [0.004335, 0.006207, 0.001147], [3.4e-05, 0.000842, 0.000525], [6e-05, 0.001405, -0.00232], [-0.001956, -0.008834, 0.007247], [0.001545, 0.000588, -0.001572], [0.007237, 0.0055, 0.012108], [-0.000592, -0.004186, -0.000638], [0.002916, -0.000715, 0.006999], [-0.011676, 0.003405, 0.001471], [0.006213, -0.004628, 0.005198], [-0.010001, -0.002044, 0.008201], [-0.00225, 0.001968, 0.006937], [-0.008486, -0.00206, -0.000529], [1.447912, 0.141175, 1.783177], [1.501169, -0.139795, 1.840887], [-0.999424, 2.047211, 1.520868], [-0.966242, -1.98532, 1.504658], [0.275351, -0.023758, 0.309133], [0.08742, 0.00579, 0.568879], [-0.028486, 0.05333, 0.218081], [-0.073146, 0.006264, 0.247868], [0.273427, -0.107613, 0.488982], [0.241733, 0.104915, 0.427756], [0.090279, -0.004856, 0.182501], [-0.07144, -0.007551, -0.197056], [-0.117713, -0.074693, -0.033958], [-0.020822, 0.005798, 0.027521], [-0.093357, 0.040827, 0.050775], [-0.064961, -0.032479, 0.07702], [-0.013252, -0.022321, 0.06669], [0.024035, -0.039612, 0.019117], [-0.098091, -0.216602, 0.227629], [-0.0181, 0.023063, 0.06334], [0.001461, -0.001414, 0.004258], [-0.0011, -0.002081, 0.002202], [-0.000611, 0.002966, -5e-05], [0.004599, 6.1e-05, -0.002996], [0.0009, -0.002859, 0.002376], [0.001089, 0.000106, -0.000942], [-0.006922, -0.000749, 0.00028], [-0.00122, -0.006428, -0.002177], [-0.006636, 0.001667, 0.008077], [-0.007726, 0.000543, 0.007098], [0.002625, -0.003249, 0.001978], [0.001361, 0.006905, -0.000992], [0.006654, 0.004529, 0.005372], [-0.939443, -2.525392, -4.539244], [-0.878649, 2.552018, -4.562295], [0.125903, 0.196981, 0.083446], [0.09604, -0.124763, 0.159098], [0.053873, 0.186749, -0.050098], [0.082604, -0.312122, -0.133638], [0.000196, 0.00123, 0.001369], [-0.001141, 0.001121, -0.000634], [-0.000251, 0.000153, 0.009338], [-0.01011, 0.001297, -0.003186], [-0.875016, -2.593929, -4.562948], [-0.957815, 2.472543, -4.545202], [0.078818, 0.239441, 0.091564], [0.077859, -0.116847, 0.125433], [0.06777, 0.139579, -0.041082], [0.018593, 0.036214, -0.077822], [-0.001092, 0.001237, 0.00323], [-0.000415, 0.001442, 0.001937], [-0.00582, -0.001908, 0.002456], [-0.001677, -0.005896, -0.002228], [-0.013104, 0.006562, 0.008659]],
 "magmom": 4.2276766,
 "magmoms": [0.611, 0.635, 0.313, 0.24, -0.14, -0.092, -0.105, -0.106, -0.039, -0.027, 0.033, 0.016, 0.015, 0.019, 0.013, 0.011, -0.01, -0.012, -0.008, -0.003, 0.012, -0.004, 0.008, -0.0, -0.003, 0.001, -0.01, -0.007, -0.018, -0.005, 0.114, 0.339, -0.022, -0.023, 0.638, 0.605, 0.212, 0.312, -0.137, -0.093, -0.101, -0.1, -0.027, -0.042, 0.029, 0.012, 0.016, 0.015, 0.002, 0.012, -0.01, -0.011, -0.021, -0.026, 0.001, 0.003, 0.003, -0.002, 0.004, 0.023, 0.011, 0.011, 0.004, 0.009, -0.027, 0.004, -0.022, 0.063, 0.058, -0.01, -0.02, -0.003, 0.013, 0.005, -0.007, 0.053, 0.183, 0.058, 0.062, -0.011, -0.002, -0.022, -0.001, -0.006, -0.067, -0.019, 0.052, -0.0],
 "mtime": 18.97612028207447,
 "numbers": [8, 8, 8, 8, 8, 8, 8, 8, 8, 8, 8, 8, 8, 8, 8, 8, 8, 8, 8, 8, 8, 8, 8, 8, 8, 8, 8, 8, 8, 8, 8, 8, 8, 8, 8, 8, 8, 8, 8, 8, 8, 8, 8, 8, 8, 8, 8, 8, 8, 8, 8, 8, 8, 8, 8, 8, 8, 8, 8, 8, 8, 8, 8, 8, 8, 8, 8, 77, 77, 77, 77, 77, 77, 77, 77, 77, 77, 77, 77, 77, 77, 77, 77, 77, 77, 77, 77, 1],
 "pbc": [true, true, true],
 "positions": [[1.84444, 2.83282, 7.50008], [1.84444, 5.89053, 7.50008], [4.19253, 1.52885, 7.85311], [4.19253, 7.1945, 7.85311], [4.04205, 4.36167, 8.00348], [2.34808, 4.36167, 9.69738], [2.19761, 1.52885, 9.84802], [2.19761, 7.1945, 9.84802], [4.54579, 2.83282, 10.20132], [4.54579, 5.89053, 10.20132], [4.69635, 0.0, 10.35169], [1.69388, 0.0, 12.04532], [1.84444, 2.83282, 12.19623], [1.84444, 5.89053, 12.19623], [4.19253, 1.52885, 12.54926], [4.19253, 7.1945, 12.54926], [4.04205, 4.36167, 12.69963], [2.34808, 4.36167, 14.39407], [2.19761, 1.52885, 14.54444], [2.19761, 7.1945, 14.54444], [4.55121, 2.85631, 14.89354], [4.54724, 5.8671, 14.89029], [4.68137, 8.70147, 15.00341], [1.66433, 8.7203, 16.76235], [1.74772, 2.85892, 16.93562], [1.90839, 5.8814, 16.81911], [4.11153, 1.52896, 17.19968], [4.1814, 7.17419, 17.24585], [3.94392, 4.35239, 17.40346], [2.41461, 4.34133, 19.21159], [2.15213, 1.78353, 19.41308], [2.04809, 6.91286, 19.13876], [4.78149, 2.63665, 19.33324], [4.61577, 6.00383, 19.52256], [6.54079, 2.83282, 7.50008], [6.54079, 5.89053, 7.50008], [8.88888, 1.52885, 7.85311], [8.88888, 7.1945, 7.85311], [8.7384, 4.36167, 8.00348], [7.04443, 4.36167, 9.69738], [6.89396, 1.52885, 9.84802], [6.89396, 7.1945, 9.84802], [9.24214, 2.83282, 10.20132], [9.24214, 5.89053, 10.20132], [0.0, 0.0, 10.35169], [6.39023, 0.0, 12.04532], [6.54079, 2.83282, 12.19623], [6.54079, 5.89053, 12.19623], [8.88888, 1.52885, 12.54926], [8.88888, 7.1945, 12.54926], [8.7384, 4.36167, 12.69963], [7.04443, 4.36167, 14.39407], [6.89396, 1.52885, 14.54444], [6.89396, 7.1945, 14.54444], [9.25062, 2.83447, 14.89638], [9.23297, 5.86544, 14.91973], [0.00215, 8.67352, 15.05914], [6.35063, 8.70822, 16.76243], [6.52473, 2.83468, 16.92494], [6.54703, 5.85523, 16.88338], [8.81139, 1.51935, 17.17492], [8.93258, 7.16504, 17.29881], [8.8568, 4.44559, 17.54789], [7.03831, 4.4179, 19.09674], [8.46304, 2.3028, 19.65682], [7.55103, 6.87913, 19.77778], [4.93203, 3.60228, 20.32676], [3.19502, 2.83212, 8.8507], [3.19502, 5.89131, 8.8507], [0.84685, 1.52955, 11.19864], [0.84685, 7.1938, 11.19864], [3.19502, 2.83212, 13.54685], [3.19502, 5.89131, 13.54685], [0.84281, 1.50113, 15.87225], [0.87901, 7.14793, 15.90006], [3.11618, 2.71688, 18.28287], [3.27908, 5.86015, 18.38583], [7.89146, 2.83212, 8.8507], [7.89146, 5.89131, 8.8507], [5.5432, 1.52955, 11.19864], [5.5432, 7.1938, 11.19864], [7.89146, 2.83212, 13.54685], [7.89146, 5.89131, 13.54685], [5.51759, 1.50261, 15.86768], [5.52672, 7.18268, 15.88433], [7.93154, 2.9332, 18.12155], [7.81838, 6.06016, 18.27867], [5.83373, 4.01071, 20.04266]],
 "stress": [0.0053835138323845904, 0.005012524771451215, 0.006171367046326582, -0.00013457941977229482, 0.0014510447661127174, -0.0003240404292884811],
 "unique_id": "15fe1a7804fc65e9b48fba9a87bf93c6",
 "user": "raul_desktop"},
"ids": [1],
"nextid": 2}
