{"1": {
 "calculator": "unknown",
 "calculator_parameters": {"energy": -553.34034648},
 "cell": [[9.3927, 0.0, 0.0], [0.0, 8.72335, 0.0], [0.0, 0.0, 27.0937]],
 "constraints": [{"name": "FixAtoms", "kwargs": {"indices": [0, 1, 2, 3, 4, 5, 6, 7, 8, 9, 10, 11, 12, 13, 14, 15, 16, 17, 18, 19, 34, 35, 36, 37, 38, 39, 40, 41, 42, 43, 44, 45, 46, 47, 48, 49, 50, 51, 52, 53, 68, 69, 70, 71, 72, 73, 78, 79, 80, 81, 82, 83]}}],
 "ctime": 18.976129435482026,
 "energy": -553.34034648,
 "forces": [[1.468644, 0.139679, 1.802434], [1.465408, -0.140661, 1.796024], [-0.984139, 2.014455, 1.510567], [-0.986092, -2.017899, 1.512506], [0.280711, 0.002273, 0.321645], [0.093714, 0.000923, 0.570065], [-0.047904, 0.020548, 0.231333], [-0.040869, -0.028056, 0.229092], [0.272075, -0.110127, 0.462096], [0.281428, 0.114265, 0.470867], [0.137309, 0.00451, 0.197692], [-0.082187, 0.002942, -0.205029], [-0.053155, -0.021424, 0.010738], [-0.045741, 0.02329, 0.010103], [-0.078225, 0.074908, 0.062092], [-0.072866, -0.055882, 0.066915], [-0.003403, -0.006405, 0.105004], [0.054214, -0.00339, -0.064056], [0.010946, -0.10427, -0.130361], [-0.027187, 0.123145, -0.153817], [0.000329, 0.000179, -0.000326], [0.001221, 0.003926, -0.000837], [0.001675, -0.004649, -0.002081], [0.000797, -0.000416, -0.005421], [0.003428, -0.004972, -0.010471], [-0.001447, -0.001994, 0.001247], [0.002149, -0.003986, -0.002294], [-0.000868, -0.005118, 0.00219], [0.005258, 0.001644, 0.000109], [-0.003633, 0.005258, 0.002908], [0.003518, 0.00714, 0.009015], [0.004587, -0.010205, 0.016553], [-0.003173, -0.012061, 0.007744], [-0.00151, -0.012499, 0.003806], [1.466447, 0.142025, 1.795685], [1.46657, -0.140813, 1.797623], [-0.982972, 2.016057, 1.513945], [-0.981813, -2.01523, 1.515476], [0.280472, 0.000517, 0.314659], [0.087616, 0.000163, 0.579443], [-0.043858, 0.039785, 0.224465], [-0.045899, -0.035869, 0.224984], [0.279927, -0.096838, 0.463134], [0.279094, 0.103302, 0.465672], [0.120731, 0.001094, 0.187584], [-0.096402, -0.000925, -0.22869], [-0.058804, -0.037633, 0.02266], [-0.067313, 0.059491, 0.003014], [-0.061828, 0.026147, 0.033492], [-0.072977, -0.024747, 0.040437], [0.025638, -0.009152, 0.088064], [0.068863, 0.005312, -0.160834], [-0.129361, -0.321764, -0.050695], [-0.127249, 0.327836, -0.074191], [-0.000218, -0.000439, 0.003961], [0.002697, -0.001359, 0.003764], [0.00376, 0.002262, 0.000179], [-0.000422, -0.001829, -0.003139], [-0.007329, 0.000305, -0.002266], [-0.002395, -0.002079, 0.001624], [-0.002624, 0.000957, -0.004307], [0.002135, 0.001892, 0.005121], [-0.001928, 0.00536, -0.003735], [-0.006955, -0.003268, 0.004535], [0.002911, -0.004184, -0.000318], [0.000668, 0.004623, 0.001347], [-0.000709, -0.003619, 0.002313], [-0.011273, -0.000968, -0.010942], [-0.92081, -2.539306, -4.53973], [-0.924596, 2.555415, -4.545747], [0.081791, 0.141921, 0.135314], [0.082908, -0.147266, 0.129671], [0.149684, 0.012637, 0.018511], [0.113276, -0.015596, 0.058518], [-0.003222, 0.000811, 0.00149], [-0.003889, 0.002684, 0.001984], [-0.00401, -0.002891, -0.007347], [-0.00762, 1.3e-05, -0.004269], [-0.912459, -2.557507, -4.534267], [-0.914181, 2.559017, -4.538226], [0.085891, 0.119344, 0.130273], [0.089309, -0.142953, 0.130199], [0.02651, 0.173773, 0.01652], [0.013514, -0.203256, -0.000105], [0.001074, 0.000899, -0.002505], [0.000517, -0.00096, 0.004064], [-0.003374, 0.000211, -0.007695], [-0.003976, 0.005061, -0.008234], [0.009056, -0.003405, -0.00928], [0.004395, 0.009875, -0.011259]],
 "magmom": 3.310107,
 "magmoms": [0.623, 0.626, 0.285, 0.272, -0.139, -0.095, -0.106, -0.106, -0.033, -0.03, 0.037, 0.019, 0.021, 0.021, 0.006, 0.002, -0.012, -0.013, 0.003, 0.007, 0.007, 0.007, 0.003, 0.005, 0.0, 0.001, 0.001, -0.001, -0.009, -0.009, 0.014, 0.018, -0.007, -0.002, 0.631, 0.63, 0.264, 0.266, -0.139, -0.093, -0.109, -0.109, -0.031, -0.032, 0.033, 0.016, 0.016, 0.019, 0.004, 0.004, -0.013, -0.013, -0.01, -0.011, 0.007, 0.006, 0.001, -0.008, 0.004, 0.007, 0.009, 0.001, 0.006, -0.0, -0.115, -0.165, 0.032, 0.018, 0.063, 0.063, -0.007, -0.007, 0.008, 0.003, 0.012, 0.029, 0.001, 0.0, 0.062, 0.062, -0.011, -0.008, -0.012, -0.013, 0.001, 0.004, -0.036, -0.109, -0.0, -0.0],
 "mtime": 18.976129435482026,
 "numbers": [8, 8, 8, 8, 8, 8, 8, 8, 8, 8, 8, 8, 8, 8, 8, 8, 8, 8, 8, 8, 8, 8, 8, 8, 8, 8, 8, 8, 8, 8, 8, 8, 8, 8, 8, 8, 8, 8, 8, 8, 8, 8, 8, 8, 8, 8, 8, 8, 8, 8, 8, 8, 8, 8, 8, 8, 8, 8, 8, 8, 8, 8, 8, 8, 8, 8, 8, 8, 77, 77, 77, 77, 77, 77, 77, 77, 77, 77, 77, 77, 77, 77, 77, 77, 77, 77, 77, 77, 1, 1],
 "pbc": [true, true, true],
 "positions": [[1.84444, 2.83282, 7.50008], [1.84444, 5.89053, 7.50008], [4.19253, 1.52885, 7.85311], [4.19253, 7.1945, 7.85311], [4.04205, 4.36167, 8.00348], [2.34808, 4.36167, 9.69738], [2.19761, 1.52885, 9.84802], [2.19761, 7.1945, 9.84802], [4.54579, 2.83282, 10.20132], [4.54579, 5.89053, 10.20132], [4.69635, 0.0, 10.35169], [1.69388, 0.0, 12.04532], [1.84444, 2.83282, 12.19623], [1.84444, 5.89053, 12.19623], [4.19253, 1.52885, 12.54926], [4.19253, 7.1945, 12.54926], [4.04205, 4.36167, 12.69963], [2.34808, 4.36167, 14.39407], [2.19761, 1.52885, 14.54444], [2.19761, 7.1945, 14.54444], [4.54315, 2.82542, 14.91303], [4.54139, 5.8951, 14.91559], [4.69227, 8.71736, 15.12216], [1.72129, 8.71949, 16.72491], [1.85273, 2.83125, 16.89538], [1.8388, 5.87271, 16.86942], [4.24325, 1.60525, 17.31307], [4.25113, 7.12339, 17.32363], [3.99349, 4.37494, 17.43638], [2.32071, 4.36519, 19.14], [2.19249, 1.75154, 19.31824], [2.14733, 7.00332, 19.26068], [4.58177, 2.92311, 19.64264], [4.50357, 5.7502, 19.69396], [6.54079, 2.83282, 7.50008], [6.54079, 5.89053, 7.50008], [8.88888, 1.52885, 7.85311], [8.88888, 7.1945, 7.85311], [8.7384, 4.36167, 8.00348], [7.04443, 4.36167, 9.69738], [6.89396, 1.52885, 9.84802], [6.89396, 7.1945, 9.84802], [9.24214, 2.83282, 10.20132], [9.24214, 5.89053, 10.20132], [0.0, 0.0, 10.35169], [6.39023, 0.0, 12.04532], [6.54079, 2.83282, 12.19623], [6.54079, 5.89053, 12.19623], [8.88888, 1.52885, 12.54926], [8.88888, 7.1945, 12.54926], [8.7384, 4.36167, 12.69963], [7.04443, 4.36167, 14.39407], [6.89396, 1.52885, 14.54444], [6.89396, 7.1945, 14.54444], [9.23454, 2.81799, 14.90911], [9.23079, 5.90101, 14.9074], [9.38145, 8.72247, 15.08527], [6.40378, 8.72275, 16.75885], [6.61404, 2.83052, 16.83179], [6.60965, 5.88565, 16.8244], [8.93703, 1.5269, 17.30236], [8.93453, 7.17317, 17.30743], [8.62899, 4.35406, 17.3211], [7.06249, 4.33793, 19.13855], [6.8727, 1.62174, 19.11053], [6.84997, 7.02014, 19.12841], [9.28624, 2.94683, 19.53744], [9.29044, 5.76105, 19.55145], [3.19502, 2.83212, 8.8507], [3.19502, 5.89131, 8.8507], [0.84685, 1.52955, 11.19864], [0.84685, 7.1938, 11.19864], [3.19502, 2.83212, 13.54685], [3.19502, 5.89131, 13.54685], [0.85902, 1.53557, 15.89715], [0.85232, 7.18911, 15.89455], [3.1793, 2.8187, 18.31013], [3.14984, 5.91721, 18.29112], [7.89146, 2.83212, 8.8507], [7.89146, 5.89131, 8.8507], [5.5432, 1.52955, 11.19864], [5.5432, 7.1938, 11.19864], [7.89146, 2.83212, 13.54685], [7.89146, 5.89131, 13.54685], [5.56682, 1.54715, 15.91779], [5.57072, 7.16844, 15.91955], [7.97315, 2.78245, 18.36255], [7.99787, 5.87903, 18.35529], [5.24881, 6.39783, 19.57425], [4.70777, 3.88144, 19.88144]],
 "stress": [0.005549319522313679, 0.0064097427628623145, 0.0066554522526209615, -1.1234716426589865e-05, 0.0016914989051873702, 0.0001251110504283299],
 "unique_id": "b189d6e702dd28f30d036973982f76e7",
 "user": "raul_desktop"},
"ids": [1],
"nextid": 2}
