{"1": {
 "calculator": "unknown",
 "calculator_parameters": {"energy": -557.64716154},
 "cell": [[9.3927, 0.0, 0.0], [0.0, 8.72335, 0.0], [0.0, 0.0, 27.0937]],
 "constraints": [{"name": "FixAtoms", "kwargs": {"indices": [0, 1, 2, 3, 4, 5, 6, 7, 8, 9, 10, 11, 12, 13, 14, 15, 16, 17, 18, 19, 34, 35, 36, 37, 38, 39, 40, 41, 42, 43, 44, 45, 46, 47, 48, 49, 50, 51, 52, 53, 69, 70, 71, 72, 73, 74, 79, 80, 81, 82, 83, 84]}}],
 "ctime": 18.976129434840605,
 "energy": -557.64716154,
 "forces": [[1.457259, 0.140935, 1.793724], [1.471972, -0.137746, 1.812693], [-0.989466, 2.021914, 1.515738], [-0.977666, -2.00862, 1.513489], [0.277081, -0.008371, 0.316071], [0.089627, 0.001668, 0.570564], [-0.056376, 0.030501, 0.228709], [-0.072965, -0.008168, 0.242749], [0.270721, -0.102806, 0.463117], [0.272503, 0.114109, 0.454601], [0.1274, -4.4e-05, 0.189861], [-0.081732, -0.002567, -0.20259], [-0.065762, -0.042685, -0.001707], [-0.061849, 0.032598, 0.001026], [-0.080595, 0.057711, 0.047899], [-0.073843, -0.053574, 0.069032], [-0.011123, -0.007613, 0.120191], [0.062359, -0.013993, -0.07389], [-0.016886, -0.144745, -0.10378], [0.004704, 0.074544, -0.199889], [-0.001595, 0.006663, -0.000521], [0.005496, 0.000329, 0.011885], [-0.002246, 0.00084, -0.001313], [0.00359, -0.009157, 0.006354], [-0.008937, -0.006681, -0.000227], [-0.003464, -0.002275, -0.003425], [-0.001338, -0.001796, 0.001571], [-0.002632, -6.2e-05, 0.00131], [-0.002245, -0.001569, 0.001476], [-0.002511, 0.001915, 0.005532], [0.004003, 0.00168, 0.000766], [-0.00456, -0.000369, -0.002056], [-0.008719, -0.003511, 0.000432], [0.0019, -0.008189, -0.000761], [1.466595, 0.144205, 1.800951], [1.453819, -0.140404, 1.783296], [-0.977048, 2.017158, 1.51671], [-0.987736, -2.032143, 1.519471], [0.276544, 0.006441, 0.317572], [0.087798, 0.003968, 0.577677], [-0.051179, 0.043927, 0.227783], [-0.041639, -0.056484, 0.21313], [0.285174, -0.103228, 0.469015], [0.29123, 0.102977, 0.478226], [0.120357, 0.002768, 0.190457], [-0.096114, 0.00567, -0.216491], [-0.07444, -0.059585, -0.016086], [-0.053591, 0.017529, 0.00765], [-0.07597, 0.02234, 0.023102], [-0.058961, -0.035021, 0.024009], [0.02074, -0.014809, 0.094686], [0.06129, -0.01427, -0.15589], [-0.097544, -0.275989, -0.042071], [-0.106157, 0.269933, -0.05947], [-0.010558, -0.013937, -0.003266], [-5.3e-05, 0.004383, 0.001942], [0.00347, 0.000995, -0.000912], [0.012447, -0.003548, 0.009527], [0.000272, -0.001984, 0.001623], [0.00364, 0.007627, -0.004203], [-0.001366, 0.003348, -0.000878], [0.005623, 0.007163, -0.008592], [0.001806, 0.010219, 0.010801], [0.007708, -0.007408, -0.012233], [-0.003041, 0.008473, 0.006814], [0.001157, 0.003223, -0.010473], [-0.004755, 0.003269, -0.011497], [0.00224, 0.002123, -0.001454], [0.004911, -0.000534, 0.00274], [-0.8986, -2.560799, -4.538074], [-0.926448, 2.530271, -4.544975], [0.09442, 0.164934, 0.128733], [0.096344, -0.156852, 0.121819], [0.131913, 0.069584, -0.008166], [0.13646, 1.9e-05, 0.046584], [0.002639, -0.002685, 0.000233], [-0.000695, -0.000396, 0.002338], [-0.004161, -0.001317, 0.007757], [-0.007268, -0.004967, 0.010414], [-0.926086, -2.572096, -4.546207], [-0.903214, 2.594938, -4.540104], [0.096621, 0.122101, 0.120504], [0.093157, -0.120645, 0.138798], [0.066075, 0.195912, 0.088308], [-0.032811, -0.097108, -0.016623], [-0.002198, -0.00055, -0.004572], [-0.000911, -0.003486, -0.002333], [0.005082, -0.001366, 0.016366], [0.00187, -0.002827, 0.011559], [0.001647, -0.002321, -0.006678], [-0.012607, 0.000395, 0.00202]],
 "magmom": 4.525726,
 "magmoms": [0.628, 0.617, 0.258, 0.289, -0.139, -0.094, -0.102, -0.101, -0.029, -0.031, 0.031, 0.014, 0.024, 0.021, 0.005, -0.003, -0.012, -0.014, 0.004, 0.004, 0.014, 0.008, 0.019, 0.003, 0.001, -0.009, -0.015, -0.021, -0.039, -0.021, 0.142, 0.194, 0.179, 0.007, 0.627, 0.636, 0.26, 0.235, -0.138, -0.092, -0.108, -0.108, -0.031, -0.027, 0.034, 0.016, 0.017, 0.019, 0.014, 0.014, -0.013, -0.012, -0.019, -0.017, 0.005, 0.007, 0.006, 0.011, 0.02, 0.022, 0.002, 0.006, -0.001, -0.001, 0.118, -0.102, -0.015, -0.027, 0.112, 0.06, 0.062, -0.003, 0.001, 0.018, -0.009, -0.014, 0.033, 0.107, 0.08, 0.063, 0.062, -0.019, -0.013, -0.004, -0.011, -0.008, 0.005, 0.072, -0.101, -0.0, -0.0],
 "mtime": 18.976129434840605,
 "numbers": [8, 8, 8, 8, 8, 8, 8, 8, 8, 8, 8, 8, 8, 8, 8, 8, 8, 8, 8, 8, 8, 8, 8, 8, 8, 8, 8, 8, 8, 8, 8, 8, 8, 8, 8, 8, 8, 8, 8, 8, 8, 8, 8, 8, 8, 8, 8, 8, 8, 8, 8, 8, 8, 8, 8, 8, 8, 8, 8, 8, 8, 8, 8, 8, 8, 8, 8, 8, 8, 77, 77, 77, 77, 77, 77, 77, 77, 77, 77, 77, 77, 77, 77, 77, 77, 77, 77, 77, 77, 1, 1],
 "pbc": [true, true, true],
 "positions": [[1.84444, 2.83282, 7.50008], [1.84444, 5.89053, 7.50008], [4.19253, 1.52885, 7.85311], [4.19253, 7.1945, 7.85311], [4.04205, 4.36167, 8.00348], [2.34808, 4.36167, 9.69738], [2.19761, 1.52885, 9.84802], [2.19761, 7.1945, 9.84802], [4.54579, 2.83282, 10.20132], [4.54579, 5.89053, 10.20132], [4.69635, 0.0, 10.35169], [1.69388, 0.0, 12.04532], [1.84444, 2.83282, 12.19623], [1.84444, 5.89053, 12.19623], [4.19253, 1.52885, 12.54926], [4.19253, 7.1945, 12.54926], [4.04205, 4.36167, 12.69963], [2.34808, 4.36167, 14.39407], [2.19761, 1.52885, 14.54444], [2.19761, 7.1945, 14.54444], [4.54542, 2.82634, 14.90732], [4.54196, 5.89981, 14.91652], [4.6945, 0.00034, 15.10956], [1.72512, 8.71274, 16.72473], [1.83017, 2.86795, 16.86856], [1.86733, 5.87772, 16.86095], [4.22765, 1.61215, 17.30486], [4.25741, 7.16009, 17.32584], [4.0128, 4.39241, 17.44992], [2.3426, 4.38339, 19.15145], [2.16235, 1.77563, 19.31995], [2.11233, 7.03564, 19.20549], [4.55829, 2.8377, 19.65741], [4.51108, 5.89366, 19.69981], [6.54079, 2.83282, 7.50008], [6.54079, 5.89053, 7.50008], [8.88888, 1.52885, 7.85311], [8.88888, 7.1945, 7.85311], [8.7384, 4.36167, 8.00348], [7.04443, 4.36167, 9.69738], [6.89396, 1.52885, 9.84802], [6.89396, 7.1945, 9.84802], [9.24214, 2.83282, 10.20132], [9.24214, 5.89053, 10.20132], [0.0, 0.0, 10.35169], [6.39023, 0.0, 12.04532], [6.54079, 2.83282, 12.19623], [6.54079, 5.89053, 12.19623], [8.88888, 1.52885, 12.54926], [8.88888, 7.1945, 12.54926], [8.7384, 4.36167, 12.69963], [7.04443, 4.36167, 14.39407], [6.89396, 1.52885, 14.54444], [6.89396, 7.1945, 14.54444], [9.23249, 2.82257, 14.90783], [9.2325, 5.89968, 14.90981], [9.38933, 8.70846, 15.08024], [6.3958, 0.0073, 16.75841], [6.60012, 2.8297, 16.84956], [6.59791, 5.89605, 16.83574], [8.93892, 1.51016, 17.29666], [8.9419, 7.16849, 17.30922], [8.60691, 4.36045, 17.30076], [7.0569, 4.33925, 19.13321], [6.91347, 1.61652, 19.13975], [6.8702, 7.05196, 19.13449], [9.31323, 2.98841, 19.49642], [9.28311, 5.73196, 19.54216], [4.00165, 2.99856, 20.93233], [3.19502, 2.83212, 8.8507], [3.19502, 5.89131, 8.8507], [0.84685, 1.52955, 11.19864], [0.84685, 7.1938, 11.19864], [3.19502, 2.83212, 13.54685], [3.19502, 5.89131, 13.54685], [0.8536, 1.51866, 15.89063], [0.86115, 7.17409, 15.90121], [3.1336, 2.83354, 18.26725], [3.17859, 5.93581, 18.311], [7.89146, 2.83212, 8.8507], [7.89146, 5.89131, 8.8507], [5.5432, 1.52955, 11.19864], [5.5432, 7.1938, 11.19864], [7.89146, 2.83212, 13.54685], [7.89146, 5.89131, 13.54685], [5.56422, 1.55171, 15.91427], [5.56655, 7.17851, 15.91722], [7.98242, 2.78771, 18.34566], [7.98781, 5.8802, 18.35117], [5.27671, 6.50621, 19.50411], [4.82419, 3.00412, 21.47612]],
 "stress": [0.005248903205066666, 0.00637773006255566, 0.00660968326620086, 0.00012501118628231578, 0.0016221744633261846, -5.556815574773864e-05],
 "unique_id": "7a60cbcf0460275d5733825f0624c7a0",
 "user": "raul_desktop"},
"ids": [1],
"nextid": 2}
