{"1": {
 "calculator": "unknown",
 "calculator_parameters": {"energy": -411.93184295},
 "cell": [[7.0938, 0.0, 0.0], [-0.371174258, 7.084082729, 0.0], [0.0, 0.0, 27.8371]],
 "constraints": [{"name": "FixAtoms", "kwargs": {"indices": [0, 1, 2, 3, 8, 9, 10, 11, 16, 17, 18, 19, 24, 25, 26, 27, 32, 33, 34, 35, 40, 41, 42, 43, 48, 49, 50, 51, 56, 57, 58, 59]}}],
 "ctime": 18.97612935758661,
 "energy": -411.93184295,
 "forces": [[-0.173787, -0.751524, 2.35439], [-0.158628, -0.736878, 2.317519], [-0.485647, -0.240861, -0.205662], [-0.428837, -0.251232, -0.173474], [-0.001071, -0.000185, 0.00369], [-0.006773, -0.003372, -0.002184], [0.01255, 0.006148, -0.001958], [-0.00968, 0.003229, -0.001541], [0.759457, 0.193196, 2.310752], [0.736516, 0.211381, 2.343778], [0.197975, 0.430875, -0.16731], [0.144097, 0.424074, -0.196502], [-0.002413, -0.005535, 0.002164], [-0.002546, -0.002846, 0.010031], [0.004656, -0.010609, 0.008234], [-0.011378, 0.002238, -2.7e-05], [-0.278563, -0.241854, 0.172885], [-0.311292, -0.243774, 0.186813], [0.114985, 0.179826, 0.005426], [0.12835, 0.197961, 0.080158], [0.002737, -0.001042, -0.006763], [-0.006898, -0.001247, -0.008385], [0.000779, -0.005325, 0.013309], [-0.002289, -0.006745, 0.001502], [-0.43844, 0.091721, -1.117751], [-0.426592, 0.095959, -1.084291], [-0.125558, -0.085663, -0.043334], [-0.121851, -0.085996, -0.023019], [-0.003214, -0.002877, -0.002961], [-0.001165, -0.00027, -0.004428], [-0.005471, -0.000875, 0.005701], [0.000824, -0.007837, 0.002043], [-0.071548, -0.130154, -1.209147], [-0.05596, -0.119082, -1.215412], [0.344579, -0.020817, 0.040085], [0.288273, -0.022576, 0.030001], [-0.00305, -0.003739, -0.00338], [-0.003556, -0.004757, -0.002642], [-0.003037, -0.004093, 0.005485], [0.002174, -0.005156, 0.00552], [0.310447, 0.297306, 0.19574], [0.271176, 0.300052, 0.20982], [-0.175716, -0.138581, 0.067123], [-0.133671, -0.068943, -0.192285], [0.000612, -0.008054, 0.002842], [-0.008861, -0.001932, -0.014417], [-0.013502, -0.002185, -0.00159], [0.000326, -0.009134, 0.002321], [-0.109723, 0.416927, -1.089086], [-0.126043, 0.444384, -1.082846], [0.043646, 0.132862, -0.03683], [0.054762, 0.193854, -0.060139], [-0.004292, -0.006735, -0.003047], [-0.000799, -0.004825, 0.005852], [-9.1e-05, 0.006494, 0.005936], [0.001991, -0.004191, 0.000741], [0.107281, 0.074744, -1.204397], [0.117505, 0.089035, -1.215162], [0.035255, -0.29454, -0.002458], [0.021787, -0.265401, 0.00441], [-0.009278, -0.002822, -0.003856], [0.002639, 0.006745, 0.000428], [0.001598, -0.001373, -0.001414], [0.01067, 0.006001, -0.00631], [0.003572, 0.000624, -0.010692]],
 "magmom": -0.0332316,
 "magmoms": [-0.0, -0.0, -0.0, -0.0, -0.001, 0.0, -0.003, -0.001, -0.0, -0.0, -0.0, -0.0, -0.0, 0.0, -0.001, -0.003, -0.0, 0.0, -0.0, 0.0, -0.0, -0.0, -0.003, -0.003, -0.0, -0.0, -0.0, 0.0, 0.0, -0.0, 0.0, -0.003, -0.0, 0.0, -0.0, 0.0, -0.0, -0.001, 0.0, 0.0, -0.0, 0.0, -0.0, -0.0, -0.001, 0.0, -0.002, -0.0, -0.0, -0.0, -0.0, -0.0, -0.0, 0.0, -0.002, -0.0, -0.0, -0.0, -0.0, -0.001, 0.0, -0.0, -0.0, -0.0, -0.0],
 "mtime": 18.97612935758661,
 "numbers": [77, 77, 77, 77, 77, 77, 77, 77, 77, 77, 77, 77, 77, 77, 77, 77, 8, 8, 8, 8, 8, 8, 8, 8, 8, 8, 8, 8, 8, 8, 8, 8, 8, 8, 8, 8, 8, 8, 8, 8, 8, 8, 8, 8, 8, 8, 8, 8, 8, 8, 8, 8, 8, 8, 8, 8, 8, 8, 8, 8, 8, 8, 8, 8, 1],
 "pbc": [true, true, true],
 "positions": [[3.35522, 2.67054, 8.04604], [6.71654, 6.21258, 8.04604], [-0.00602, 2.49443, 11.58361], [3.35529, 6.03647, 11.58361], [-0.02222, 5.86692, 15.13013], [3.7026, 2.3321, 15.12217], [0.37669, 2.12248, 18.771], [3.72579, 5.68737, 18.75326], [3.16964, 6.21258, 8.04604], [6.90212, 2.67054, 8.04604], [-0.19161, 6.03647, 11.58361], [3.54088, 2.49443, 11.58361], [0.16482, 2.32727, 15.13143], [3.53029, 5.88147, 15.12975], [0.22444, 5.70403, 18.75066], [3.92756, 2.16432, 18.63761], [2.92937, 2.03588, 9.81482], [6.29068, 5.57792, 9.81482], [2.92936, 5.40181, 13.35239], [6.66185, 1.85977, 13.35239], [3.28367, 1.70947, 16.89642], [6.74203, 5.32575, 16.93762], [0.01661, 1.43232, 20.35437], [3.28583, 5.0525, 20.34699], [1.58182, 2.15121, 7.50024], [4.94313, 5.69325, 7.50024], [1.58181, 5.51714, 11.03781], [5.3143, 1.9751, 11.03781], [1.93856, 1.79222, 14.57823], [5.30453, 5.33044, 14.59331], [1.96027, 5.13936, 18.0901], [5.6731, 1.60832, 18.10617], [1.39621, 6.73199, 8.59184], [5.1287, 3.18995, 8.59184], [1.76738, 3.01384, 12.12941], [5.12869, 6.55588, 12.12941], [1.75527, 6.42229, 15.64121], [5.4727, 2.86931, 15.65284], [2.15454, 2.7317, 19.20872], [5.5055, 6.26283, 19.20246], [0.41977, 3.12895, 9.81482], [3.78108, 6.67099, 9.81482], [0.41976, 6.49488, 13.35239], [4.15225, 2.95284, 13.35239], [0.68283, 2.6835, 16.9392], [4.06977, 6.25007, 16.93747], [0.8765, 6.10473, 20.34754], [4.55437, 2.61098, 20.43025], [0.23422, 4.46877, 7.5], [3.96671, 0.92672, 7.5], [0.60539, 0.75061, 11.03756], [3.9667, 4.29265, 11.03756], [0.60882, 4.12496, 14.59466], [4.33907, 0.58456, 14.57395], [1.00642, 0.407, 18.09996], [4.36149, 3.9443, 18.11823], [2.74381, 4.41436, 8.59184], [6.4763, 0.87232, 8.59184], [3.11505, 0.69621, 12.12941], [6.47636, 4.23825, 12.12941], [3.07419, 4.07115, 15.65505], [6.79471, 0.52231, 15.64595], [3.46, 0.38507, 19.21982], [6.81312, 3.89583, 19.19081], [4.04328, 2.11952, 21.10722]],
 "stress": [-0.0003925971655271828, -0.0005374438678115556, 0.003609346138824896, 0.0005298479512053556, -0.0004885291607920085, -0.0007614703548668835],
 "unique_id": "b1d4db726d1c9dbc0c172d5bc8cd105b",
 "user": "raul_desktop"},
"ids": [1],
"nextid": 2}
