{"1": {
 "calculator": "unknown",
 "calculator_parameters": {"energy": -416.99678543},
 "cell": [[7.0938, 0.0, 0.0], [-0.371174258, 7.084082729, 0.0], [0.0, 0.0, 27.8371]],
 "constraints": [{"name": "FixAtoms", "kwargs": {"indices": [0, 1, 2, 3, 8, 9, 10, 11, 16, 17, 18, 19, 24, 25, 26, 27, 32, 33, 34, 35, 40, 41, 42, 43, 48, 49, 50, 51, 56, 57, 58, 59]}}],
 "ctime": 18.976129357049334,
 "energy": -416.99678543,
 "forces": [[-0.182459, -0.769322, 2.366416], [-0.150698, -0.740349, 2.302159], [-0.44014, -0.257614, -0.171034], [-0.380751, -0.181356, -0.261019], [-0.001745, -0.005629, 0.001141], [0.000267, 0.000742, 0.00188], [-0.001616, 0.001058, -0.001104], [0.000748, -0.000264, -0.000373], [0.739134, 0.230975, 2.355227], [0.726096, 0.20645, 2.316815], [0.200981, 0.401478, -0.14808], [0.199161, 0.479037, -0.239411], [-0.003442, -0.001214, 0.003961], [-0.001818, -0.000459, -6.4e-05], [-0.004746, -0.003875, -0.003246], [-0.001229, -0.001531, -0.005118], [-0.295371, -0.287061, 0.127902], [-0.318132, -0.232723, 0.211717], [0.049792, 0.115193, -0.047517], [0.12512, 0.191902, 0.18671], [0.000431, 0.004256, 0.007011], [-0.000257, -0.004205, 0.00097], [-0.003621, -0.001695, -0.000116], [-0.000897, 0.006005, -0.001254], [-0.417387, 0.102609, -1.100777], [-0.448684, 0.101256, -1.083291], [-0.128008, -0.096043, -0.057037], [-0.099836, -0.083208, -0.03694], [-0.008698, -0.002498, -0.000201], [-0.001947, -0.005244, -0.000105], [-0.000548, 0.006344, -0.000431], [-0.004676, -0.001309, 0.001748], [-0.056678, -0.135602, -1.216254], [-0.072317, -0.125303, -1.210525], [0.299846, -0.019292, 0.039514], [0.263591, -0.034673, 0.018243], [0.000845, -0.002889, -0.003722], [0.006541, 0.002223, 0.003004], [0.001765, -0.006353, -0.000692], [0.004717, -0.001143, 0.004562], [0.28737, 0.312504, 0.182078], [0.271706, 0.271546, 0.158899], [-0.150798, -0.102463, 0.056209], [-0.124542, -0.053809, -0.165321], [0.000871, -0.006685, -0.001769], [-0.000588, -0.000252, 0.001932], [0.000395, 0.004872, 0.000441], [0.003068, 0.001167, -0.012644], [-0.109948, 0.411216, -1.080255], [-0.113541, 0.433143, -1.092882], [0.036279, 0.163892, -0.036776], [0.025216, 0.180348, -0.026617], [0.007131, 0.00051, 0.013363], [-0.004311, 0.002025, -0.001516], [-0.005785, 0.003706, -0.006903], [-0.000937, -0.001227, 0.005445], [0.111498, 0.082057, -1.199378], [0.116538, 0.087339, -1.211086], [0.032642, -0.339544, 0.037881], [0.025082, -0.276437, 0.010833], [-0.000434, -0.00118, 0.003403], [0.007954, 0.005604, 0.002119], [-0.002811, -0.005485, 0.000535], [0.001709, -0.003576, 0.006749], [-0.003898, -0.013426, -0.006757], [-0.003202, -0.004525, 0.001345]],
 "magmom": 0.9491233,
 "magmoms": [-0.035, -0.022, -0.01, 0.002, -0.009, 0.032, -0.051, 0.027, -0.004, -0.013, -0.004, -0.015, 0.022, -0.001, 0.007, -0.177, -0.038, -0.001, 0.002, 0.004, -0.02, -0.0, -0.099, -0.001, -0.002, -0.004, -0.002, -0.002, -0.003, -0.0, 0.001, -0.031, -0.009, -0.0, -0.003, 0.009, -0.004, -0.007, -0.01, 0.008, -0.011, -0.003, -0.001, 0.03, -0.027, -0.001, 0.001, 0.532, -0.003, -0.003, -0.002, -0.003, 0.005, 0.007, -0.0, -0.025, -0.006, -0.009, 0.002, -0.01, -0.009, 0.003, -0.0, 0.002, 0.739, 0.0],
 "mtime": 18.976129357049334,
 "numbers": [77, 77, 77, 77, 77, 77, 77, 77, 77, 77, 77, 77, 77, 77, 77, 77, 8, 8, 8, 8, 8, 8, 8, 8, 8, 8, 8, 8, 8, 8, 8, 8, 8, 8, 8, 8, 8, 8, 8, 8, 8, 8, 8, 8, 8, 8, 8, 8, 8, 8, 8, 8, 8, 8, 8, 8, 8, 8, 8, 8, 8, 8, 8, 8, 8, 1],
 "pbc": [true, true, true],
 "positions": [[3.35522, 2.67054, 8.04604], [6.71654, 6.21258, 8.04604], [-0.00602, 2.49443, 11.58361], [3.35529, 6.03647, 11.58361], [-0.01711, 5.86539, 15.1317], [3.72238, 2.34775, 15.11798], [0.39513, 2.10849, 18.7784], [3.72107, 5.72039, 18.65492], [3.16964, 6.21258, 8.04604], [6.90212, 2.67054, 8.04604], [-0.19161, 6.03647, 11.58361], [3.54088, 2.49443, 11.58361], [0.17727, 2.32476, 15.13233], [3.53876, 5.89567, 15.11681], [0.20322, 5.69557, 18.76301], [3.91872, 2.13836, 18.5997], [2.92937, 2.03588, 9.81482], [6.29068, 5.57792, 9.81482], [2.92936, 5.40181, 13.35239], [6.66185, 1.85977, 13.35239], [3.26667, 1.6782, 16.87456], [6.73776, 5.32026, 16.94294], [0.07721, 1.42899, 20.38174], [3.25465, 5.14248, 20.45228], [1.58182, 2.15121, 7.50024], [4.94313, 5.69325, 7.50024], [1.58181, 5.51714, 11.03781], [5.3143, 1.9751, 11.03781], [1.94262, 1.81267, 14.57698], [5.3112, 5.34581, 14.57361], [1.96854, 5.14659, 18.10052], [5.68128, 1.59598, 18.16455], [1.39621, 6.73199, 8.59184], [5.1287, 3.18995, 8.59184], [1.76738, 3.01384, 12.12941], [5.12869, 6.55588, 12.12941], [1.76165, 6.42168, 15.64658], [5.48804, 2.87344, 15.67174], [2.18153, 2.73764, 19.25612], [5.48428, 6.22231, 19.22019], [0.41977, 3.12895, 9.81482], [3.78108, 6.67099, 9.81482], [0.41976, 6.49488, 13.35239], [4.15225, 2.95284, 13.35239], [0.68468, 2.67368, 16.95533], [4.12638, 6.35074, 16.89659], [0.8293, 6.11491, 20.36668], [4.5744, 2.52781, 20.65681], [0.23422, 4.46877, 7.5], [3.96671, 0.92672, 7.5], [0.60539, 0.75061, 11.03756], [3.9667, 4.29265, 11.03756], [0.61216, 4.12616, 14.60343], [4.33961, 0.59623, 14.55691], [1.03176, 0.39429, 18.11766], [4.33462, 3.95148, 18.17549], [2.74381, 4.41436, 8.59184], [6.4763, 0.87232, 8.59184], [3.11505, 0.69621, 12.12941], [6.47636, 4.23825, 12.12941], [3.10361, 4.09134, 15.66725], [6.80381, 0.52307, 15.64968], [3.45235, 0.37623, 19.2267], [6.81319, 3.88118, 19.21214], [3.89704, 2.11874, 21.62736], [2.67803, 4.34412, 20.37043]],
 "stress": [-0.000366332895125466, -0.0006631228955703409, 0.0034103231373278572, 0.0008891778730915807, -0.0002599338890565342, -0.0003403058020705329],
 "unique_id": "c7a2e0e02a7c4663f569d3dfaf969ab1",
 "user": "raul_desktop"},
"ids": [1],
"nextid": 2}
