{"1": {
 "calculator": "unknown",
 "calculator_parameters": {"energy": -416.40981602},
 "cell": [[7.0938, 0.0, 0.0], [-0.371174258, 7.084082729, 0.0], [0.0, 0.0, 27.8371]],
 "constraints": [{"name": "FixAtoms", "kwargs": {"indices": [0, 1, 2, 3, 8, 9, 10, 11, 16, 17, 18, 19, 24, 25, 26, 27, 32, 33, 34, 35, 40, 41, 42, 43, 48, 49, 50, 51, 56, 57, 58, 59]}}],
 "ctime": 20.270478857076426,
 "energy": -416.40981602,
 "forces": [[-0.163437, -0.750385, 2.330691], [-0.157503, -0.739608, 2.317919], [-0.471498, -0.225049, -0.214081], [-0.422388, -0.239083, -0.195322], [0.006858, 0.004186, -0.007139], [-0.002291, -0.001843, -0.001733], [0.012002, 0.003942, -0.008177], [0.001073, 0.00209, -0.010179], [0.746759, 0.19789, 2.308951], [0.734953, 0.206827, 2.325166], [0.190382, 0.444567, -0.180876], [0.180302, 0.433103, -0.205132], [0.006631, 0.003863, 0.000267], [-0.001729, 0.005281, 0.006298], [-0.009906, 0.006347, 0.010431], [-0.012879, 0.008712, -0.009587], [-0.294764, -0.247531, 0.179713], [-0.307951, -0.249805, 0.194282], [0.086815, 0.152842, 0.000416], [0.106269, 0.160111, 0.059651], [0.001741, -0.001229, -0.00632], [-0.004983, 0.00444, -0.004389], [0.001294, -0.001675, 0.010098], [-0.006006, 0.000119, 0.006854], [-0.43512, 0.094276, -1.105008], [-0.429358, 0.095481, -1.083983], [-0.126383, -0.087341, -0.046422], [-0.126755, -0.092362, -0.027567], [-0.005416, 0.000593, 0.000687], [0.009568, -0.006951, -0.00308], [-0.010694, 0.001255, 0.010114], [0.001696, 0.00661, 0.00106], [-0.068608, -0.129277, -1.201532], [-0.06219, -0.118795, -1.205571], [0.326444, -0.02742, 0.052708], [0.288765, -0.022988, 0.030211], [0.000449, 0.008401, -0.00516], [-2.5e-05, 0.001309, -0.005794], [-0.001775, -0.001807, -0.005577], [-0.01043, 0.000649, 0.012366], [0.296951, 0.293278, 0.201756], [0.27606, 0.296021, 0.204938], [-0.188546, -0.176881, 0.083191], [-0.144234, -0.097211, -0.177287], [-0.006623, -0.012437, 0.009793], [0.00601, 0.001652, -0.003498], [-5.5e-05, 0.001054, 0.001652], [0.009443, 0.005319, 0.00131], [-0.11078, 0.4183, -1.088026], [-0.124826, 0.428217, -1.079735], [0.045926, 0.146285, -0.033955], [0.050058, 0.18584, -0.050996], [-0.000421, -0.0047, 0.002341], [0.006675, -0.007118, -0.004961], [0.003454, -0.008184, 0.000365], [0.006461, -0.00103, 0.000431], [0.106943, 0.08561, -1.203992], [0.115172, 0.088329, -1.208471], [0.031036, -0.296973, 0.011159], [0.024304, -0.282402, 0.00677], [0.013739, 0.007234, -0.003568], [0.005146, 0.000401, -0.002144], [-0.001173, 0.008135, 0.008511], [-0.003717, 0.004481, -0.004457], [0.014709, 0.005854, 0.000809], [-0.001622, 0.011178, 0.002813]],
 "magmoms": [0.0, 0.0, 0.0, 0.0, 0.0, 0.0, 0.0, 0.0, 0.0, 0.0, 0.0, 0.0, 0.0, 0.0, 0.0, 0.0, 0.0, -0.0, 0.0, -0.0, 0.0, 0.0, 0.0, 0.0, 0.0, 0.0, 0.0, -0.0, 0.0, 0.0, -0.0, 0.0, 0.0, 0.0, 0.0, -0.0, 0.0, 0.0, -0.0, -0.0, 0.0, -0.0, 0.0, -0.0, 0.0, -0.0, 0.0, -0.0, 0.0, 0.0, 0.0, 0.0, 0.0, 0.0, 0.0, 0.0, 0.0, 0.0, 0.0, 0.0, 0.0, 0.0, 0.0, -0.0, -0.0, -0.0],
 "mtime": 20.270478857076426,
 "numbers": [77, 77, 77, 77, 77, 77, 77, 77, 77, 77, 77, 77, 77, 77, 77, 77, 8, 8, 8, 8, 8, 8, 8, 8, 8, 8, 8, 8, 8, 8, 8, 8, 8, 8, 8, 8, 8, 8, 8, 8, 8, 8, 8, 8, 8, 8, 8, 8, 8, 8, 8, 8, 8, 8, 8, 8, 8, 8, 8, 8, 8, 8, 8, 8, 8, 1],
 "pbc": [true, true, true],
 "positions": [[3.35522, 2.67054, 8.04604], [6.71654, 6.21258, 8.04604], [-0.00602, 2.49443, 11.58361], [3.35529, 6.03647, 11.58361], [-0.0239, 5.85974, 15.12812], [3.70703, 2.32766, 15.11989], [0.35369, 2.08988, 18.75737], [3.71064, 5.65732, 18.75089], [3.16964, 6.21258, 8.04604], [6.90212, 2.67054, 8.04604], [-0.19161, 6.03647, 11.58361], [3.54088, 2.49443, 11.58361], [0.16572, 2.32104, 15.13131], [3.53021, 5.87252, 15.12968], [0.20705, 5.67002, 18.75042], [3.89294, 2.13157, 18.64016], [2.92937, 2.03588, 9.81482], [6.29068, 5.57792, 9.81482], [2.92936, 5.40181, 13.35239], [6.66185, 1.85977, 13.35239], [3.27456, 1.68512, 16.89455], [6.73834, 5.31005, 16.93278], [0.01114, 1.42119, 20.36141], [3.28866, 5.03699, 20.35817], [1.58182, 2.15121, 7.50024], [4.94313, 5.69325, 7.50024], [1.58181, 5.51714, 11.03781], [5.3143, 1.9751, 11.03781], [1.94139, 1.78435, 14.5854], [5.30237, 5.32132, 14.58787], [1.95106, 5.10406, 18.09524], [5.6603, 1.5832, 18.10701], [1.39621, 6.73199, 8.59184], [5.1287, 3.18995, 8.59184], [1.76738, 3.01384, 12.12941], [5.12869, 6.55588, 12.12941], [1.75397, 6.41048, 15.64234], [5.47295, 2.86373, 15.65758], [2.13682, 2.71648, 19.20921], [5.49096, 6.24207, 19.19889], [0.41977, 3.12895, 9.81482], [3.78108, 6.67099, 9.81482], [0.41976, 6.49488, 13.35239], [4.15225, 2.95284, 13.35239], [0.68185, 2.67367, 16.94068], [4.0633, 6.22943, 16.93747], [0.85555, 6.06991, 20.34852], [4.52105, 2.52487, 20.45933], [0.23422, 4.46877, 7.5], [3.96671, 0.92672, 7.5], [0.60539, 0.75061, 11.03756], [3.9667, 4.29265, 11.03756], [0.6099, 4.1174, 14.59616], [4.34302, 0.57697, 14.58263], [0.9987, 0.38272, 18.104], [4.36307, 3.92029, 18.13825], [2.74381, 4.41436, 8.59184], [6.4763, 0.87232, 8.59184], [3.11505, 0.69621, 12.12941], [6.47636, 4.23825, 12.12941], [3.07194, 4.06135, 15.65304], [6.79403, 0.51486, 15.64158], [3.43713, 0.34818, 19.20593], [6.78635, 3.86532, 19.19818], [3.77565, 1.85696, 21.45205], [4.32205, 2.06713, 22.24308]],
 "unique_id": "e0974746e9c88a741ab671c74c543dfc",
 "user": "raul_desktop"},
"ids": [1],
"nextid": 2}
