{"1": {
 "calculator": "unknown",
 "calculator_parameters": {"energy": -439.51533938},
 "cell": [[6.3788, 0.0, 0.0], [0.0, 9.08, 0.0], [0.0, 0.0, 26.3501]],
 "constraints": [{"name": "FixAtoms", "kwargs": {"indices": [0, 1, 2, 3, 4, 5, 6, 11, 12, 13, 14, 15, 16, 17, 22, 23, 24, 25, 26, 27, 28, 32, 33, 34, 35, 36, 37, 38, 43, 44, 45, 48, 49, 50, 53, 54, 55, 58, 59, 60]}}],
 "ctime": 18.976129151130657,
 "energy": -439.51533938,
 "forces": [[0.003145, 1.795639, 0.830293], [-0.000239, -0.497694, -1.417879], [-0.0, -0.761415, 0.909096], [-0.0, 1.000104, -0.94468], [0.014292, 1.19552, 1.163847], [-0.075934, -0.623984, -0.706767], [-0.0, -0.551481, 0.799831], [-0.0, 0.010409, 0.003051], [-0.001358, -0.005456, -0.000684], [0.008109, -0.000104, -0.011081], [-0.0, -0.015467, -0.00739], [0.002614, 1.792352, 0.828342], [-0.001835, -0.49718, -1.405235], [-0.0, -0.768055, 0.904643], [-0.0, 0.982583, -0.946222], [0.009816, 1.177977, 1.174037], [0.015352, -0.646662, -0.775676], [-0.0, -0.424697, 0.708047], [-0.0, -0.001906, 9.1e-05], [-0.003281, 0.006404, -0.003648], [0.000996, 0.004885, -0.001385], [-0.0, 0.001002, -0.006541], [-0.003145, 1.795639, 0.830293], [0.000239, -0.497694, -1.417879], [-0.0, -0.760247, 0.903464], [-0.0, 0.998424, -0.95327], [-0.014292, 1.19552, 1.163847], [0.075934, -0.623984, -0.706767], [-0.0, -0.46372, 0.83904], [-0.0, 0.013188, 0.010061], [0.001358, -0.005456, -0.000684], [-0.008109, -0.000104, -0.011081], [-0.002614, 1.792352, 0.828342], [0.001835, -0.49718, -1.405235], [-0.0, -0.763614, 0.909483], [-0.0, 1.015839, -0.969157], [-0.009816, 1.177977, 1.174037], [-0.015352, -0.646662, -0.775676], [-0.0, -0.455875, 0.842142], [-0.0, 0.000994, -0.006947], [0.003281, 0.006404, -0.003648], [-0.000996, 0.004885, -0.001385], [-0.0, -0.004071, -0.004336], [-0.0, -1.498538, -0.269372], [-0.005651, -0.171364, -0.412076], [-0.0, 0.049441, 0.095383], [-0.000116, 0.001483, 0.002106], [-0.0, 0.000514, -0.007852], [-0.0, -1.491577, -0.263403], [0.016889, -0.19322, -0.412103], [-0.0, 0.130398, 0.091535], [0.000676, 0.001363, 0.000102], [-0.0, 0.007076, -0.007447], [-0.0, -1.508539, -0.270874], [0.005651, -0.171364, -0.412076], [-0.0, 0.031246, 0.114815], [0.000116, 0.001483, 0.002106], [-0.0, -0.000641, 0.000508], [-0.0, -1.500561, -0.268443], [-0.016889, -0.19322, -0.412103], [-0.0, 0.06091, 0.097153], [-0.000676, 0.001363, 0.000102], [-0.0, 0.001787, -0.003594], [-0.0, -0.009405, 0.002086], [-0.0, -0.010643, -0.006513], [-0.0, 0.006622, 0.001228]],
 "magmom": 1.6104716,
 "magmoms": [-0.009, -0.002, -0.004, -0.0, -0.001, -0.018, -0.001, -0.007, -0.005, 0.009, 0.02, 0.004, 0.002, 0.007, 0.007, 0.009, 0.004, 0.002, 0.021, 0.004, 0.115, 0.188, -0.009, -0.002, -0.003, -0.001, -0.001, -0.018, -0.003, -0.002, -0.005, 0.009, 0.004, 0.002, 0.005, 0.008, 0.009, 0.003, 0.007, 0.021, 0.004, 0.115, 0.197, -0.018, 0.012, -0.02, -0.049, 0.042, 0.018, -0.004, 0.041, 0.012, 0.35, -0.016, 0.011, -0.021, -0.049, -0.002, 0.01, -0.005, 0.048, 0.012, 0.378, 0.001, -0.0, 0.001],
 "mtime": 18.976129151130657,
 "numbers": [8, 8, 8, 8, 8, 8, 8, 8, 8, 8, 8, 8, 8, 8, 8, 8, 8, 8, 8, 8, 8, 8, 8, 8, 8, 8, 8, 8, 8, 8, 8, 8, 8, 8, 8, 8, 8, 8, 8, 8, 8, 8, 8, 77, 77, 77, 77, 77, 77, 77, 77, 77, 77, 77, 77, 77, 77, 77, 77, 77, 77, 77, 77, 1, 1, 1],
 "pbc": [true, true, true],
 "positions": [[1.5947, 0.454, 7.50003], [1.5947, 2.27, 9.31608], [0.0, 0.0, 9.76983], [0.0, 2.724, 11.58588], [1.5947, 0.454, 12.03962], [1.5947, 2.27, 13.85567], [0.0, 0.0, 14.30995], [0.0, 2.80847, 16.0774], [1.58712, 0.52718, 16.64038], [1.60463, 2.27001, 18.29147], [0.0, 0.17484, 19.06392], [1.5947, 4.994, 7.50003], [1.5947, 6.81, 9.31608], [0.0, 4.54, 9.76983], [0.0, 7.264, 11.58588], [1.5947, 4.994, 12.03962], [1.5947, 6.81, 13.85567], [0.0, 4.54, 14.30995], [0.0, 7.3606, 16.06085], [1.59498, 5.07044, 16.6503], [1.59318, 6.91633, 18.20875], [0.0, 4.77603, 19.04763], [4.7841, 0.454, 7.50003], [4.7841, 2.27, 9.31608], [3.1894, 0.0, 9.76983], [3.1894, 2.724, 11.58588], [4.7841, 0.454, 12.03962], [4.7841, 2.27, 13.85567], [3.1894, 0.0, 14.30995], [3.1894, 2.81241, 16.02398], [4.79168, 0.52718, 16.64038], [4.77417, 2.27001, 18.29147], [4.7841, 4.994, 7.50003], [4.7841, 6.81, 9.31608], [3.1894, 4.54, 9.76983], [3.1894, 7.264, 11.58588], [4.7841, 4.994, 12.03962], [4.7841, 6.81, 13.85567], [3.1894, 4.54, 14.30995], [3.1894, 7.36348, 16.05871], [4.78382, 5.07044, 16.6503], [4.78562, 6.91633, 18.20875], [3.1894, 4.79144, 19.05247], [0.0, 1.362, 8.40805], [1.5947, 3.632, 10.67785], [0.0, 1.362, 12.94765], [1.5803, 3.70059, 15.22115], [0.0, 1.35742, 17.56448], [0.0, 5.902, 8.40805], [1.5947, 8.172, 10.67785], [0.0, 5.902, 12.94765], [1.59256, 8.23685, 15.21771], [0.0, 5.9448, 17.53823], [3.1894, 1.362, 8.40805], [4.7841, 3.632, 10.67785], [3.1894, 1.362, 12.94765], [4.7985, 3.70059, 15.22115], [3.1894, 1.47417, 17.41941], [3.1894, 5.902, 8.40805], [4.7841, 8.172, 10.67785], [3.1894, 5.902, 12.94765], [4.78624, 8.23685, 15.21771], [3.1894, 5.96377, 17.54014], [3.1894, 3.83677, 18.82294], [0.0, 8.30792, 18.81236], [0.0, 3.82222, 18.81103]],
 "stress": [0.02784402756902343, -0.0002223100720457099, -0.0008555798294669512, 0.00560558048557439, -0.0, -0.0],
 "unique_id": "cf4bdf75c72062014da9beb6460299fd",
 "user": "raul_desktop"},
"ids": [1],
"nextid": 2}
