{"1": {
 "calculator": "unknown",
 "calculator_parameters": {"energy": -445.3406664},
 "cell": [[6.3788, 0.0, 0.0], [0.0, 9.08, 0.0], [0.0, 0.0, 26.3501]],
 "constraints": [{"name": "FixAtoms", "kwargs": {"indices": [0, 1, 2, 3, 4, 5, 6, 11, 12, 13, 14, 15, 16, 17, 22, 23, 24, 25, 26, 27, 28, 33, 34, 35, 36, 37, 38, 39, 44, 45, 46, 49, 50, 51, 54, 55, 56, 59, 60, 61]}}],
 "ctime": 18.976129152462306,
 "energy": -445.3406664,
 "forces": [[0.002326, 1.796489, 0.827606], [-0.004772, -0.486679, -1.395738], [0.0, -0.766631, 0.916082], [0.0, 1.008387, -0.972208], [0.004252, 1.201053, 1.169182], [0.018305, -0.560364, -0.6806], [0.0, -0.455196, 0.730336], [0.0, -0.009171, 0.008547], [-0.002961, 0.005672, -0.010487], [0.005109, -0.009379, 0.006242], [0.0, -0.00691, -0.00506], [0.004067, 1.789524, 0.827429], [0.00589, -0.499326, -1.405163], [0.0, -0.772025, 0.910602], [0.0, 1.040947, -0.993999], [-0.009674, 1.185769, 1.166547], [-0.014576, -0.696273, -0.808248], [0.0, -0.447457, 0.828352], [0.0, -0.007258, -0.004129], [0.003016, -0.008651, -0.003477], [-0.000495, -0.005489, -0.002092], [0.0, 0.006446, -0.015908], [-0.002326, 1.796489, 0.827606], [0.004772, -0.486679, -1.395738], [0.0, -0.75377, 0.909512], [0.0, 0.997619, -0.952536], [-0.004252, 1.201053, 1.169182], [-0.018305, -0.560364, -0.6806], [0.0, -0.438327, 0.684895], [0.0, -0.005385, -0.003499], [0.002961, 0.005672, -0.010487], [-0.005109, -0.009379, 0.006242], [0.0, -0.013304, 0.003212], [-0.004067, 1.789524, 0.827429], [-0.00589, -0.499326, -1.405163], [0.0, -0.750462, 0.884312], [0.0, 1.017748, -0.961772], [0.009674, 1.185769, 1.166547], [0.014576, -0.696273, -0.808248], [0.0, -0.567819, 0.884421], [0.0, 0.010452, -3.1e-05], [-0.003016, -0.008651, -0.003477], [0.000495, -0.005489, -0.002092], [0.0, 0.005218, -0.018119], [0.0, -1.484473, -0.281052], [0.017976, -0.171588, -0.412711], [0.0, 0.007202, 0.188757], [0.00076, -0.00084, -0.001778], [0.0, -0.001849, -0.000235], [0.0, -1.476681, -0.282384], [-0.012668, -0.17893, -0.416689], [0.0, 0.041363, 0.128275], [-0.00079, 0.003185, -0.004197], [0.0, -0.00343, 0.00842], [0.0, -1.52044, -0.266754], [-0.017976, -0.171588, -0.412711], [0.0, 0.033661, 0.099481], [-0.00076, -0.00084, -0.001778], [0.0, 0.008517, -0.016567], [0.0, -1.496747, -0.257509], [0.012668, -0.17893, -0.416689], [0.0, 0.054611, 0.124396], [0.00079, 0.003185, -0.004197], [0.0, 0.000932, 0.008692], [0.0, 0.011647, 0.004579], [0.0, 0.001424, -0.00821], [0.0, 0.002819, 0.005447]],
 "magmom": -0.7176377,
 "magmoms": [-0.007, -0.002, -0.01, -0.002, -0.01, -0.0, 0.001, -0.029, -0.02, -0.037, -0.24, 0.026, 0.002, 0.008, 0.006, 0.007, 0.012, -0.0, 0.001, 0.006, -0.012, 0.0, -0.007, -0.002, -0.004, 0.004, -0.01, -0.001, 0.003, -0.002, -0.019, -0.039, -0.028, 0.025, 0.002, 0.014, 0.001, 0.007, 0.012, 0.004, 0.012, 0.005, -0.012, -0.006, -0.027, 0.024, -0.02, -0.016, -0.468, 0.035, -0.025, 0.041, 0.02, -0.007, -0.01, 0.023, -0.011, -0.017, 0.039, 0.064, -0.027, 0.035, 0.023, -0.002, 0.0, -0.002, -0.0],
 "mtime": 18.976129152462306,
 "numbers": [8, 8, 8, 8, 8, 8, 8, 8, 8, 8, 8, 8, 8, 8, 8, 8, 8, 8, 8, 8, 8, 8, 8, 8, 8, 8, 8, 8, 8, 8, 8, 8, 8, 8, 8, 8, 8, 8, 8, 8, 8, 8, 8, 8, 77, 77, 77, 77, 77, 77, 77, 77, 77, 77, 77, 77, 77, 77, 77, 77, 77, 77, 77, 77, 1, 1, 1],
 "pbc": [true, true, true],
 "positions": [[1.5947, 0.454, 7.50003], [1.5947, 2.27, 9.31608], [0.0, 0.0, 9.76983], [0.0, 2.724, 11.58588], [1.5947, 0.454, 12.03962], [1.5947, 2.27, 13.85567], [0.0, 0.0, 14.30995], [0.0, 2.83676, 16.05494], [1.59191, 0.56782, 16.60386], [1.62989, 2.35221, 18.22982], [0.0, 0.26904, 19.0236], [1.5947, 4.994, 7.50003], [1.5947, 6.81, 9.31608], [0.0, 4.54, 9.76983], [0.0, 7.264, 11.58588], [1.5947, 4.994, 12.03962], [1.5947, 6.81, 13.85567], [0.0, 4.54, 14.30995], [0.0, 7.35986, 16.04469], [1.60239, 5.08397, 16.64121], [1.58618, 6.91892, 18.19008], [0.0, 4.78779, 19.05785], [4.7841, 0.454, 7.50003], [4.7841, 2.27, 9.31608], [3.1894, 0.0, 9.76983], [3.1894, 2.724, 11.58588], [4.7841, 0.454, 12.03962], [4.7841, 2.27, 13.85567], [3.1894, 0.0, 14.30995], [3.1894, 2.81116, 16.07951], [4.78689, 0.56782, 16.60386], [4.74891, 2.35221, 18.22982], [3.1894, 0.10974, 18.83105], [4.7841, 4.994, 7.50003], [4.7841, 6.81, 9.31608], [3.1894, 4.54, 9.76983], [3.1894, 7.264, 11.58588], [4.7841, 4.994, 12.03962], [4.7841, 6.81, 13.85567], [3.1894, 4.54, 14.30995], [3.1894, 7.36699, 16.05172], [4.77641, 5.08397, 16.64121], [4.79262, 6.91892, 18.19008], [3.1894, 4.79316, 19.05247], [0.0, 1.362, 8.40805], [1.5947, 3.632, 10.67785], [0.0, 1.362, 12.94765], [1.60018, 3.70167, 15.21998], [0.0, 1.4391, 17.50224], [0.0, 5.902, 8.40805], [1.5947, 8.172, 10.67785], [0.0, 5.902, 12.94765], [1.59516, 8.23898, 15.20899], [0.0, 5.94844, 17.54285], [3.1894, 1.362, 8.40805], [4.7841, 3.632, 10.67785], [3.1894, 1.362, 12.94765], [4.77862, 3.70167, 15.21998], [3.1894, 1.34114, 17.58237], [3.1894, 5.902, 8.40805], [4.7841, 8.172, 10.67785], [3.1894, 5.902, 12.94765], [4.78364, 8.23898, 15.20899], [3.1894, 5.96585, 17.55054], [3.1894, 3.84387, 18.80375], [0.0, 8.39367, 18.79886], [0.0, 3.83558, 18.82254]],
 "stress": [0.028600823033555028, -0.00022412010969221605, -0.000963214654342808, 0.00570570677497181, -0.0, -0.0],
 "unique_id": "a7cb09b65bc8d1cab9a6961832df2bc5",
 "user": "raul_desktop"},
"ids": [1],
"nextid": 2}
