{"1": {
 "calculator": "unknown",
 "calculator_parameters": {"energy": -455.84653155},
 "cell": [[6.3788, 0.0, 0.0], [0.0, 9.08, 0.0], [0.0, 0.0, 26.3501]],
 "constraints": [{"name": "FixAtoms", "kwargs": {"indices": [0, 1, 2, 3, 4, 5, 6, 11, 12, 13, 14, 15, 16, 17, 22, 23, 24, 25, 26, 27, 28, 33, 34, 35, 36, 37, 38, 39, 45, 46, 47, 50, 51, 52, 55, 56, 57, 60, 61, 62]}}],
 "ctime": 18.976129151978935,
 "energy": -455.84653155,
 "forces": [[0.001996, 1.805281, 0.832916], [0.004117, -0.502239, -1.418007], [0.003919, -0.765967, 0.903319], [0.001802, 1.038533, -1.000368], [0.014375, 1.191334, 1.168152], [0.035666, -0.698724, -0.73811], [0.099496, -0.520377, 0.833206], [0.000429, 0.000799, 0.000483], [-0.003948, -0.009064, -0.00723], [-0.004326, 0.002319, -0.012305], [-0.010107, -0.00778, -0.014706], [0.003836, 1.803102, 0.819089], [0.0025, -0.496618, -1.40423], [-0.002093, -0.768441, 0.919469], [0.003881, 0.966743, -0.956657], [-0.007033, 1.207672, 1.184563], [-0.053528, -0.621, -0.680012], [-0.068867, -0.412911, 0.669072], [0.000766, 0.003036, -0.001326], [-0.001497, 0.000435, -0.002682], [0.003598, 0.004518, -0.005641], [0.009933, 0.002001, -0.0059], [-0.001143, 1.799576, 0.827856], [0.003915, -0.500519, -1.414586], [-0.003958, -0.766653, 0.898654], [0.008449, 1.018113, -0.980705], [0.010214, 1.195106, 1.178166], [0.031459, -0.662571, -0.715916], [0.093402, -0.536654, 0.79349], [-0.001854, 0.002005, 0.000596], [-0.005623, -0.005429, 0.007902], [-0.004716, -0.010195, 0.005503], [-0.009332, -0.014916, -0.006486], [-0.000311, 1.809362, 0.828204], [0.002789, -0.48454, -1.397579], [0.012491, -0.76193, 0.909596], [-0.006938, 0.973555, -0.96436], [-0.00329, 1.194295, 1.178218], [-0.045239, -0.614034, -0.685396], [-0.113014, -0.525178, 0.725368], [-0.000148, 0.002115, -0.000869], [0.000329, -0.001723, -6e-06], [-0.000572, -0.002936, -0.001759], [-0.004354, 0.003334, -0.005816], [-0.001924, 0.003381, -0.008676], [-0.003657, -1.48256, -0.274079], [0.0026, -0.194218, -0.411241], [-0.005746, 0.082228, 0.116964], [-0.000506, 0.000123, 0.000173], [-0.006206, -0.002145, 0.000409], [0.004414, -1.504889, -0.272272], [0.001964, -0.162253, -0.395774], [0.022168, 0.073689, 0.103172], [-0.003077, 0.001116, 0.001014], [-0.002201, -0.005323, 0.000281], [0.004902, -1.495128, -0.268197], [-0.006733, -0.179332, -0.406461], [-0.044651, 0.098274, 0.095417], [0.000591, -0.000785, 0.000314], [-0.000528, -0.001233, -0.001296], [-0.004784, -1.519944, -0.257978], [0.005623, -0.173564, -0.40742], [0.043108, 0.128653, 0.11082], [0.000332, -0.000426, 0.00162], [0.000884, -0.002709, 0.000799], [-0.001616, 0.008655, 0.006711], [0.012862, -0.001249, -0.003107], [-0.000344, -0.005008, 0.000612], [-0.014943, 0.001811, 0.005023]],
 "magmom": -0.6604198,
 "magmoms": [0.009, 0.003, -0.002, 0.002, 0.007, 0.006, 0.005, -0.011, 0.012, -0.031, -0.008, -0.0, -0.002, -0.005, -0.016, -0.006, -0.009, -0.02, -0.006, -0.0, 0.001, -0.018, 0.016, 0.002, 0.008, 0.001, 0.004, 0.002, 0.005, 0.045, 0.01, 0.001, -0.251, -0.007, -0.001, -0.01, 0.004, -0.004, -0.002, 0.007, -0.001, -0.007, 0.003, 0.014, -0.331, 0.006, -0.019, 0.037, 0.017, -0.059, -0.013, 0.004, -0.063, -0.018, -0.049, 0.043, -0.017, 0.026, 0.002, 0.104, -0.014, -0.001, 0.008, -0.0, 0.041, 0.0, -0.0, -0.0, -0.0],
 "mtime": 18.976129151978935,
 "numbers": [8, 8, 8, 8, 8, 8, 8, 8, 8, 8, 8, 8, 8, 8, 8, 8, 8, 8, 8, 8, 8, 8, 8, 8, 8, 8, 8, 8, 8, 8, 8, 8, 8, 8, 8, 8, 8, 8, 8, 8, 8, 8, 8, 8, 8, 77, 77, 77, 77, 77, 77, 77, 77, 77, 77, 77, 77, 77, 77, 77, 77, 77, 77, 77, 77, 1, 1, 1, 1],
 "pbc": [true, true, true],
 "positions": [[1.5947, 0.454, 7.50003], [1.5947, 2.27, 9.31608], [0.0, 0.0, 9.76983], [0.0, 2.724, 11.58588], [1.5947, 0.454, 12.03962], [1.5947, 2.27, 13.85567], [0.0, 0.0, 14.30995], [0.0032, 2.83251, 16.0639], [1.65302, 0.55157, 16.63226], [1.65038, 2.2771, 18.33488], [0.19907, 0.0825, 19.00832], [1.5947, 4.994, 7.50003], [1.5947, 6.81, 9.31608], [0.0, 4.54, 9.76983], [0.0, 7.264, 11.58588], [1.5947, 4.994, 12.03962], [1.5947, 6.81, 13.85567], [0.0, 4.54, 14.30995], [6.37358, 7.37671, 16.08126], [1.55214, 5.12958, 16.58533], [1.52445, 6.85601, 18.29656], [0.0254, 4.59213, 18.82999], [4.7841, 0.454, 7.50003], [4.7841, 2.27, 9.31608], [3.1894, 0.0, 9.76983], [3.1894, 2.724, 11.58588], [4.7841, 0.454, 12.03962], [4.7841, 2.27, 13.85567], [3.1894, 0.0, 14.30995], [3.18814, 2.80831, 16.0596], [4.82851, 0.53578, 16.64756], [4.87608, 2.34164, 18.27149], [3.39116, 0.29933, 19.11373], [4.7841, 4.994, 7.50003], [4.7841, 6.81, 9.31608], [3.1894, 4.54, 9.76983], [3.1894, 7.264, 11.58588], [4.7841, 4.994, 12.03962], [4.7841, 6.81, 13.85567], [3.1894, 4.54, 14.30995], [3.19077, 7.38019, 16.0842], [4.72493, 5.09754, 16.60953], [4.75884, 6.8189, 18.28968], [3.15082, 4.63031, 18.84952], [2.52214, 0.28677, 20.08049], [0.0, 1.362, 8.40805], [1.5947, 3.632, 10.67785], [0.0, 1.362, 12.94765], [1.59203, 3.70425, 15.21507], [0.06555, 1.45828, 17.46645], [0.0, 5.902, 8.40805], [1.5947, 8.172, 10.67785], [0.0, 5.902, 12.94765], [1.60252, 8.24256, 15.22141], [6.31551, 5.95547, 17.48896], [3.1894, 1.362, 8.40805], [4.7841, 3.632, 10.67785], [3.1894, 1.362, 12.94765], [4.7747, 3.69948, 15.21571], [3.25067, 1.43773, 17.52612], [3.1894, 5.902, 8.40805], [4.7841, 8.172, 10.67785], [3.1894, 5.902, 12.94765], [4.78939, 8.24488, 15.22114], [3.13994, 5.98479, 17.49573], [2.24853, 4.24745, 18.98145], [0.54879, 8.27404, 18.69717], [5.58945, 4.0223, 18.84378], [0.99617, 0.3955, 19.56425]],
 "stress": [0.025272519567650403, 3.102030035563979e-05, -0.0010833387389795571, 0.005777696341229748, 1.986048203856053e-05, -0.00033442005896482503],
 "unique_id": "e96167a3f6852e2ee4d76d13c3992b4c",
 "user": "raul_desktop"},
"ids": [1],
"nextid": 2}
