{"1": {
 "calculator": "unknown",
 "calculator_parameters": {"energy": -424.98523051},
 "cell": [[6.3788, 0.0, 0.0], [0.0, 9.08, 0.0], [0.0, 0.0, 26.3501]],
 "constraints": [{"name": "FixAtoms", "kwargs": {"indices": [0, 1, 2, 3, 4, 5, 6, 11, 12, 13, 14, 15, 16, 17, 22, 23, 24, 25, 26, 27, 28, 32, 33, 34, 35, 36, 37, 38, 43, 44, 45, 48, 49, 50, 53, 54, 55, 58, 59, 60]}}],
 "ctime": 18.976119942501555,
 "energy": -424.98523051,
 "forces": [[-0.001603, 1.807107, 0.822166], [0.004382, -0.501679, -1.410876], [0.0, -0.754992, 0.891204], [0.0, 1.006379, -0.965276], [0.009321, 1.219618, 1.163809], [-0.066667, -0.693739, -0.704023], [0.0, -0.526317, 0.716577], [0.0, 0.001289, -0.002152], [-0.012251, 0.002282, -0.001455], [-0.003515, 0.010634, 0.012136], [0.0, 0.005129, -0.01], [-0.003745, 1.807486, 0.81749], [-0.00607, -0.488592, -1.397823], [0.0, -0.747191, 0.887481], [0.0, 0.989142, -0.965726], [0.0229, 1.218082, 1.192441], [0.01474, -0.650584, -0.710681], [0.0, -0.455687, 0.630893], [0.0, -0.001273, 0.003575], [0.006053, 0.001725, -0.001375], [-0.011244, 0.002266, -0.002315], [0.0, 0.003529, -0.00208], [0.001603, 1.807107, 0.822166], [-0.004382, -0.501679, -1.410876], [0.0, -0.769776, 0.901204], [0.0, 1.025855, -0.99242], [-0.009321, 1.219618, 1.163809], [0.066667, -0.693739, -0.704023], [0.0, -0.487452, 0.733851], [0.0, 0.007814, -0.008549], [0.012251, 0.002282, -0.001455], [0.003515, 0.010634, 0.012136], [0.003745, 1.807486, 0.81749], [0.00607, -0.488592, -1.397823], [0.0, -0.768195, 0.922177], [0.0, 1.042209, -1.00767], [-0.0229, 1.218082, 1.192441], [-0.01474, -0.650584, -0.710681], [0.0, -0.419545, 0.722807], [0.0, 0.001115, -0.000488], [-0.006053, 0.001725, -0.001375], [0.011244, 0.002266, -0.002315], [0.0, -0.01117, 0.008233], [0.0, -1.528891, -0.252593], [-0.02001, -0.176268, -0.402265], [0.0, 0.014401, 0.143021], [0.005291, 0.006494, 0.002762], [0.0, -0.01672, -0.002073], [0.0, -1.526469, -0.241362], [0.030764, -0.167393, -0.413644], [0.0, 0.090519, 0.13723], [0.005322, 0.000992, -0.002235], [0.0, 0.009317, -0.011465], [0.0, -1.498484, -0.25657], [0.02001, -0.176268, -0.402265], [0.0, -0.015352, 0.245742], [-0.005291, 0.006494, 0.002762], [0.0, -0.00419, -0.005301], [0.0, -1.501853, -0.276445], [-0.030764, -0.167393, -0.413644], [0.0, 0.03503, 0.146762], [-0.005322, 0.000992, -0.002235], [0.0, 0.004966, -0.018815]],
 "magmom": 2.0940536,
 "magmoms": [0.023, -0.003, 0.017, 0.026, 0.0, -0.015, 0.009, -0.017, -0.026, -0.054, 0.201, 0.018, 0.001, 0.01, 0.018, 0.001, 0.003, 0.007, -0.021, -0.018, -0.067, 0.51, 0.022, -0.004, 0.016, 0.013, -0.001, -0.015, 0.0, -0.018, -0.026, -0.053, 0.019, 0.001, 0.003, 0.022, 0.001, 0.002, 0.009, -0.016, -0.018, -0.067, 0.526, 0.047, 0.004, 0.054, -0.071, 0.14, 0.05, 0.024, 0.058, -0.073, 0.32, 0.041, 0.003, 0.025, -0.074, -0.172, 0.017, 0.025, 0.067, -0.074, 0.345],
 "mtime": 18.976119942501555,
 "numbers": [8, 8, 8, 8, 8, 8, 8, 8, 8, 8, 8, 8, 8, 8, 8, 8, 8, 8, 8, 8, 8, 8, 8, 8, 8, 8, 8, 8, 8, 8, 8, 8, 8, 8, 8, 8, 8, 8, 8, 8, 8, 8, 8, 77, 77, 77, 77, 77, 77, 77, 77, 77, 77, 77, 77, 77, 77, 77, 77, 77, 77, 77, 77],
 "pbc": [true, true, true],
 "positions": [[1.5947, 0.454, 7.50003], [1.5947, 2.27, 9.31608], [0.0, 0.0, 9.76983], [0.0, 2.724, 11.58588], [1.5947, 0.454, 12.03962], [1.5947, 2.27, 13.85567], [0.0, 0.0, 14.30995], [0.0, 2.81422, 16.10807], [1.60602, 0.56472, 16.60998], [1.57907, 2.25452, 18.31181], [0.0, 0.01072, 18.78943], [1.5947, 4.994, 7.50003], [1.5947, 6.81, 9.31608], [0.0, 4.54, 9.76983], [0.0, 7.264, 11.58588], [1.5947, 4.994, 12.03962], [1.5947, 6.81, 13.85567], [0.0, 4.54, 14.30995], [0.0, 7.37512, 16.09414], [1.58533, 5.1398, 16.58871], [1.6068, 6.88771, 18.25109], [0.0, 4.66947, 18.81355], [4.7841, 0.454, 7.50003], [4.7841, 2.27, 9.31608], [3.1894, 0.0, 9.76983], [3.1894, 2.724, 11.58588], [4.7841, 0.454, 12.03962], [4.7841, 2.27, 13.85567], [3.1894, 0.0, 14.30995], [3.1894, 2.86389, 16.0524], [4.77278, 0.56472, 16.60998], [4.79973, 2.25452, 18.31181], [4.7841, 4.994, 7.50003], [4.7841, 6.81, 9.31608], [3.1894, 4.54, 9.76983], [3.1894, 7.264, 11.58588], [4.7841, 4.994, 12.03962], [4.7841, 6.81, 13.85567], [3.1894, 4.54, 14.30995], [3.1894, 7.37144, 16.08589], [4.79347, 5.1398, 16.58871], [4.772, 6.88771, 18.25109], [3.1894, 4.66137, 18.80666], [0.0, 1.362, 8.40805], [1.5947, 3.632, 10.67785], [0.0, 1.362, 12.94765], [1.57591, 3.7024, 15.2159], [0.0, 1.31688, 17.61559], [0.0, 5.902, 8.40805], [1.5947, 8.172, 10.67785], [0.0, 5.902, 12.94765], [1.59364, 8.23886, 15.21721], [0.0, 5.93052, 17.57425], [3.1894, 1.362, 8.40805], [4.7841, 3.632, 10.67785], [3.1894, 1.362, 12.94765], [4.80289, 3.7024, 15.2159], [3.1894, 1.51814, 17.42013], [3.1894, 5.902, 8.40805], [4.7841, 8.172, 10.67785], [3.1894, 5.902, 12.94765], [4.78516, 8.23886, 15.21721], [3.1894, 5.92546, 17.56778]],
 "stress": [0.02851684352826627, 0.0009325438784982176, -0.0010604823325605726, 0.005091623416603533, -0.0, -0.0],
 "unique_id": "2aa27df9eae5596f2b25034a23c30a9c",
 "user": "raul_desktop"},
"ids": [1],
"nextid": 2}
