{"1": {
 "calculator": "unknown",
 "calculator_parameters": {"energy": -440.26124949},
 "cell": [[6.3788, 0.0, 0.0], [0.0, 9.08, 0.0], [0.0, 0.0, 26.3501]],
 "constraints": [{"name": "FixAtoms", "kwargs": {"indices": [0, 1, 2, 3, 4, 5, 6, 11, 12, 13, 14, 15, 16, 17, 22, 23, 24, 25, 26, 27, 28, 33, 34, 35, 36, 37, 38, 39, 45, 46, 47, 50, 51, 52, 55, 56, 57, 60, 61, 62]}}],
 "ctime": 18.976119942939107,
 "energy": -440.26124949,
 "forces": [[-0.00497, 1.803468, 0.822321], [0.002288, -0.493988, -1.402876], [-0.0, -0.756566, 0.888504], [-0.0, 1.017211, -0.97258], [-0.003894, 1.206526, 1.160211], [-0.03433, -0.651268, -0.761206], [-0.0, -0.468266, 0.689984], [-0.0, 0.002355, 0.0032], [0.008166, -0.004246, 0.008578], [0.001899, -0.009335, -0.002578], [-0.0, -0.009338, -0.011638], [-0.004614, 1.805951, 0.820474], [-0.001618, -0.490894, -1.400103], [-0.0, -0.751232, 0.890424], [-0.0, 1.016242, -0.981786], [0.004183, 1.216693, 1.176128], [0.033636, -0.624191, -0.691273], [-0.0, -0.487544, 0.749037], [-0.0, -0.003136, -0.001684], [0.003017, -0.005117, 0.005366], [-0.003565, -0.00207, 0.001587], [-0.0, 0.008012, 0.0048], [0.00497, 1.803468, 0.822321], [-0.002288, -0.493988, -1.402876], [-0.0, -0.765671, 0.898317], [-0.0, 1.026838, -0.99475], [0.003894, 1.206526, 1.160211], [0.03433, -0.651268, -0.761206], [-0.0, -0.460736, 0.737172], [-0.0, -0.007411, -3.8e-05], [-0.008166, -0.004246, 0.008578], [-0.001899, -0.009335, -0.002578], [-0.0, -0.003763, -0.005802], [0.004614, 1.805951, 0.820474], [0.001618, -0.490894, -1.400103], [-0.0, -0.768704, 0.917008], [-0.0, 1.026726, -0.999366], [-0.004183, 1.216693, 1.176128], [-0.033636, -0.624191, -0.691273], [-0.0, -0.367715, 0.655491], [-0.0, -0.000813, 0.005058], [-0.003017, -0.005117, 0.005366], [0.003565, -0.00207, 0.001587], [-0.0, -0.006165, 0.001001], [-0.0, -0.011463, -5.8e-05], [-0.0, -1.534518, -0.263856], [-0.01267, -0.179246, -0.408665], [-0.0, 0.018642, 0.153162], [-0.00284, 0.000829, 0.001508], [-0.0, 0.008499, -0.003923], [-0.0, -1.525857, -0.263244], [0.010076, -0.164891, -0.413452], [-0.0, 0.025475, 0.169755], [0.003149, 2.4e-05, -0.000356], [-0.0, 0.00421, -0.008936], [-0.0, -1.505737, -0.263458], [0.01267, -0.179246, -0.408665], [-0.0, -0.010062, 0.260153], [0.00284, 0.000829, 0.001508], [-0.0, 0.000941, -0.00274], [-0.0, -1.51091, -0.272548], [-0.010076, -0.164891, -0.413452], [-0.0, -0.006982, 0.190633], [-0.003149, 2.4e-05, -0.000356], [-0.0, 0.000241, 0.003082], [-0.0, -0.009291, -0.001697]],
 "magmom": 3.2126723,
 "magmoms": [0.033, -0.003, 0.021, 0.036, 0.004, -0.012, 0.019, -0.008, -0.017, -0.055, 0.409, 0.016, -0.002, 0.01, 0.02, -0.003, -0.006, 0.011, -0.022, -0.024, -0.052, 0.511, 0.033, -0.003, 0.023, 0.015, 0.003, -0.012, 0.009, -0.014, -0.016, -0.057, 0.205, 0.016, -0.001, 0.001, 0.028, -0.003, -0.005, 0.012, -0.021, -0.025, -0.054, 0.528, 0.079, 0.063, -0.003, 0.099, -0.078, 0.267, 0.042, 0.035, 0.044, -0.088, 0.325, 0.066, -0.004, 0.047, -0.08, 0.053, 0.01, 0.036, 0.068, -0.087, 0.347, -0.0],
 "mtime": 18.976119942939107,
 "numbers": [8, 8, 8, 8, 8, 8, 8, 8, 8, 8, 8, 8, 8, 8, 8, 8, 8, 8, 8, 8, 8, 8, 8, 8, 8, 8, 8, 8, 8, 8, 8, 8, 8, 8, 8, 8, 8, 8, 8, 8, 8, 8, 8, 8, 8, 77, 77, 77, 77, 77, 77, 77, 77, 77, 77, 77, 77, 77, 77, 77, 77, 77, 77, 77, 77, 1],
 "pbc": [true, true, true],
 "positions": [[1.5947, 0.454, 7.50003], [1.5947, 2.27, 9.31608], [0.0, 0.0, 9.76983], [0.0, 2.724, 11.58588], [1.5947, 0.454, 12.03962], [1.5947, 2.27, 13.85567], [0.0, 0.0, 14.30995], [-0.0, 2.82273, 16.07616], [1.59073, 0.5873, 16.59728], [1.58218, 2.36463, 18.23152], [-0.0, 0.14834, 18.85347], [1.5947, 4.994, 7.50003], [1.5947, 6.81, 9.31608], [0.0, 4.54, 9.76983], [0.0, 7.264, 11.58588], [1.5947, 4.994, 12.03962], [1.5947, 6.81, 13.85567], [0.0, 4.54, 14.30995], [-0.0, 7.3689, 16.07975], [1.59197, 5.12887, 16.59432], [1.59392, 6.91074, 18.23267], [-0.0, 4.71984, 18.85145], [4.7841, 0.454, 7.50003], [4.7841, 2.27, 9.31608], [3.1894, 0.0, 9.76983], [3.1894, 2.724, 11.58588], [4.7841, 0.454, 12.03962], [4.7841, 2.27, 13.85567], [3.1894, 0.0, 14.30995], [3.1894, 2.83775, 16.04181], [4.78807, 0.5873, 16.59728], [4.79662, 2.36463, 18.23152], [3.1894, 0.15767, 18.91364], [4.7841, 4.994, 7.50003], [4.7841, 6.81, 9.31608], [3.1894, 4.54, 9.76983], [3.1894, 7.264, 11.58588], [4.7841, 4.994, 12.03962], [4.7841, 6.81, 13.85567], [3.1894, 4.54, 14.30995], [3.1894, 7.37396, 16.08127], [4.78683, 5.12887, 16.59432], [4.78488, 6.91074, 18.23267], [3.1894, 4.71883, 18.84282], [3.1894, 0.78662, 20.18928], [0.0, 1.362, 8.40805], [1.5947, 3.632, 10.67785], [0.0, 1.362, 12.94765], [1.58952, 3.70418, 15.2106], [-0.0, 1.37341, 17.58303], [0.0, 5.902, 8.40805], [1.5947, 8.172, 10.67785], [0.0, 5.902, 12.94765], [1.59345, 8.24365, 15.21698], [-0.0, 5.93601, 17.56754], [3.1894, 1.362, 8.40805], [4.7841, 3.632, 10.67785], [3.1894, 1.362, 12.94765], [4.78928, 3.70418, 15.2106], [3.1894, 1.46548, 17.51381], [3.1894, 5.902, 8.40805], [4.7841, 8.172, 10.67785], [3.1894, 5.902, 12.94765], [4.78535, 8.24365, 15.21698], [3.1894, 5.9412, 17.56141], [3.1894, 9.06752, 20.76478]],
 "stress": [0.02830367102558085, 0.001077515410965108, -0.0006882512113111469, 0.005751706697229569, -0.0, -0.0],
 "unique_id": "eb2f3af72cbac9ce9827c3cbeac82d3e",
 "user": "raul_desktop"},
"ids": [1],
"nextid": 2}
