{"1": {
 "calculator": "unknown",
 "calculator_parameters": {"energy": -440.69808445},
 "cell": [[6.3788, 0.0, 0.0], [0.0, 9.08, 0.0], [0.0, 0.0, 26.3501]],
 "constraints": [{"name": "FixAtoms", "kwargs": {"indices": [0, 1, 2, 3, 4, 5, 6, 11, 12, 13, 14, 15, 16, 17, 22, 23, 24, 25, 26, 27, 28, 33, 34, 35, 36, 37, 38, 39, 45, 46, 47, 50, 51, 52, 55, 56, 57, 60, 61, 62]}}],
 "ctime": 18.976119944459956,
 "energy": -440.69808445,
 "forces": [[-0.002599, 1.812153, 0.820879], [-0.000719, -0.501557, -1.396752], [-0.003828, -0.766397, 0.901578], [-0.010511, 1.00631, -0.976825], [-0.002607, 1.222291, 1.166822], [0.005193, -0.689184, -0.745708], [0.018739, -0.486336, 0.748296], [-0.006722, -0.002315, -0.00157], [-0.004219, 0.003244, 0.001931], [-0.008383, -0.003817, 0.006345], [-0.013613, -0.003843, -0.002259], [-0.004614, 1.807176, 0.821352], [-0.001678, -0.500776, -1.408654], [-0.005878, -0.762782, 0.880608], [0.00151, 1.018472, -0.986898], [0.002164, 1.204481, 1.168922], [0.002823, -0.607041, -0.682752], [0.019321, -0.375056, 0.585681], [0.001132, -0.006648, -0.002637], [0.000933, 0.001024, 0.002646], [0.000862, -0.000498, -0.001747], [-0.00544, 0.001842, 0.003006], [0.002108, 1.800046, 0.817651], [-0.001081, -0.493415, -1.399716], [0.001661, -0.775542, 0.912998], [0.006366, 0.987149, -0.968892], [0.004152, 1.221591, 1.16996], [-0.013802, -0.693055, -0.737019], [0.026363, -0.493461, 0.735635], [0.00542, 0.003182, 0.000283], [0.003094, -0.006223, -0.008194], [-0.005637, 0.001426, 0.009253], [-0.009965, 0.000516, 0.009227], [0.001742, 1.804472, 0.819322], [0.002272, -0.492126, -1.405655], [0.002061, -0.775421, 0.897618], [-0.00356, 1.030742, -1.002512], [0.001333, 1.198183, 1.1559], [-0.004977, -0.60407, -0.68798], [0.022135, -0.441616, 0.700624], [-0.003015, -0.004654, -0.00686], [0.001473, 0.004495, -0.004416], [0.003019, -0.002967, -0.007171], [-0.00032, 0.007892, -0.004562], [-0.001573, 0.005453, -0.000795], [-8e-06, -1.520214, -0.264894], [-0.000768, -0.16086, -0.401444], [0.009984, -0.008211, 0.173973], [0.000634, 0.004589, -0.002431], [0.002959, -0.008886, 0.005149], [-0.006339, -1.506987, -0.255848], [0.005839, -0.175158, -0.403823], [-0.025184, 0.028833, 0.166381], [-0.003016, 0.003052, 0.001397], [-0.006061, -0.003124, 0.005006], [-0.00585, -1.506396, -0.264856], [-1.7e-05, -0.15421, -0.384942], [-0.010374, -0.012777, 0.226089], [-0.000375, -2.5e-05, 0.001309], [-0.001784, 0.000705, -0.001898], [0.000435, -1.50095, -0.256371], [-0.006803, -0.181943, -0.405757], [0.014856, 0.064799, 0.153939], [0.000894, -0.001153, -0.001755], [-0.001911, -0.008212, 0.004114], [0.011756, -0.006213, 0.0097]],
 "magmom": 2.8920623,
 "magmoms": [0.026, -0.002, 0.019, 0.044, 0.002, -0.012, 0.015, -0.01, -0.022, -0.002, 0.077, 0.023, -0.003, 0.015, 0.026, -0.004, -0.003, 0.032, -0.024, -0.019, -0.054, 0.524, 0.029, -0.003, 0.009, 0.025, 0.003, -0.014, 0.012, -0.046, -0.014, -0.016, 0.197, 0.021, 0.0, 0.016, 0.027, -0.003, 0.001, 0.013, -0.025, -0.022, -0.069, 0.509, 0.284, 0.072, 0.022, 0.089, -0.077, 0.134, 0.053, 0.017, 0.084, -0.088, 0.331, 0.037, 0.022, 0.064, -0.073, -0.148, 0.034, 0.022, 0.067, -0.078, 0.325, 0.001],
 "mtime": 18.976119944459956,
 "numbers": [8, 8, 8, 8, 8, 8, 8, 8, 8, 8, 8, 8, 8, 8, 8, 8, 8, 8, 8, 8, 8, 8, 8, 8, 8, 8, 8, 8, 8, 8, 8, 8, 8, 8, 8, 8, 8, 8, 8, 8, 8, 8, 8, 8, 8, 77, 77, 77, 77, 77, 77, 77, 77, 77, 77, 77, 77, 77, 77, 77, 77, 77, 77, 77, 77, 1],
 "pbc": [true, true, true],
 "positions": [[1.5947, 0.454, 7.50003], [1.5947, 2.27, 9.31608], [0.0, 0.0, 9.76983], [0.0, 2.724, 11.58588], [1.5947, 0.454, 12.03962], [1.5947, 2.27, 13.85567], [0.0, 0.0, 14.30995], [0.00996, 2.83469, 16.07153], [1.60384, 0.57672, 16.60611], [1.60289, 2.25474, 18.34371], [-0.0455, 0.10486, 18.83404], [1.5947, 4.994, 7.50003], [1.5947, 6.81, 9.31608], [0.0, 4.54, 9.76983], [0.0, 7.264, 11.58588], [1.5947, 4.994, 12.03962], [1.5947, 6.81, 13.85567], [0.0, 4.54, 14.30995], [0.00165, 7.3679, 16.08085], [1.59235, 5.13899, 16.58084], [1.60395, 6.90163, 18.22966], [0.0321, 4.70985, 18.84229], [4.7841, 0.454, 7.50003], [4.7841, 2.27, 9.31608], [3.1894, 0.0, 9.76983], [3.1894, 2.724, 11.58588], [4.7841, 0.454, 12.03962], [4.7841, 2.27, 13.85567], [3.1894, 0.0, 14.30995], [3.18416, 2.83171, 16.06181], [4.78926, 0.56469, 16.60314], [4.83764, 2.37237, 18.22417], [3.33921, 0.27419, 19.04604], [4.7841, 4.994, 7.50003], [4.7841, 6.81, 9.31608], [3.1894, 4.54, 9.76983], [3.1894, 7.264, 11.58588], [4.7841, 4.994, 12.03962], [4.7841, 6.81, 13.85567], [3.1894, 4.54, 14.30995], [3.19543, 7.37078, 16.08454], [4.79008, 5.12587, 16.59396], [4.77671, 6.88468, 18.2359], [3.17548, 4.66636, 18.80989], [2.38061, 0.01613, 19.86896], [0.0, 1.362, 8.40805], [1.5947, 3.632, 10.67785], [0.0, 1.362, 12.94765], [1.59382, 3.70708, 15.20883], [0.01028, 1.43472, 17.50634], [0.0, 5.902, 8.40805], [1.5947, 8.172, 10.67785], [0.0, 5.902, 12.94765], [1.59805, 8.23986, 15.22017], [0.00039, 5.93233, 17.56484], [3.1894, 1.362, 8.40805], [4.7841, 3.632, 10.67785], [3.1894, 1.362, 12.94765], [4.78847, 3.70358, 15.21035], [3.20892, 1.44769, 17.51118], [3.1894, 5.902, 8.40805], [4.7841, 8.172, 10.67785], [3.1894, 5.902, 12.94765], [4.78644, 8.24038, 15.21932], [3.19156, 5.92173, 17.56516], [0.85501, 0.03828, 19.28802]],
 "stress": [0.02648906459439456, 0.000475671651992689, -0.0009077962948140906, 0.005345166000315164, 0.00026433415299028187, -0.00026157540595664146],
 "unique_id": "1c6d2c742b23817885f9e1d4b64f5b23",
 "user": "raul_desktop"},
"ids": [1],
"nextid": 2}
