{"1": {
 "calculator": "unknown",
 "calculator_parameters": {"energy": -440.49676138},
 "cell": [[6.3788, 0.0, 0.0], [0.0, 9.08, 0.0], [0.0, 0.0, 26.3501]],
 "constraints": [{"name": "FixAtoms", "kwargs": {"indices": [0, 1, 2, 3, 4, 5, 6, 11, 12, 13, 14, 15, 16, 17, 22, 23, 24, 25, 26, 27, 28, 33, 34, 35, 36, 37, 38, 39, 45, 46, 47, 50, 51, 52, 55, 56, 57, 60, 61, 62]}}],
 "ctime": 18.97611994375409,
 "energy": -440.49676138,
 "forces": [[0.002421, 1.809824, 0.816973], [0.004739, -0.487909, -1.394939], [0.000417, -0.766607, 0.908148], [-0.003804, 1.013615, -0.986104], [0.000802, 1.228437, 1.170248], [0.003373, -0.699939, -0.763318], [0.024254, -0.472901, 0.742011], [-0.005339, 0.004723, 0.009747], [0.002071, 0.000459, 0.003847], [0.008975, -0.007367, 0.007377], [0.012201, 0.004238, 0.014497], [-0.003176, 1.802008, 0.820602], [-0.003649, -0.503466, -1.412138], [-0.001658, -0.7678, 0.875214], [-0.001691, 1.013792, -0.984003], [0.010982, 1.209491, 1.167101], [0.008684, -0.625932, -0.68938], [0.0426, -0.412865, 0.608664], [0.001765, 0.001018, 0.000614], [0.003635, 0.000176, -0.001393], [-0.003273, 0.000682, 0.002537], [0.002873, -0.005123, -0.000209], [0.000263, 1.807803, 0.815994], [-0.002948, -0.489983, -1.396911], [0.00092, -0.772644, 0.910258], [0.005203, 1.000118, -0.97709], [0.000336, 1.22895, 1.170078], [0.00814, -0.699338, -0.750053], [0.039043, -0.45755, 0.747874], [0.00141, 0.000255, 0.00173], [0.00516, -0.00355, 0.001961], [-3e-06, -0.002853, -9.9e-05], [-0.031633, -0.010402, 0.00577], [0.004174, 1.807055, 0.821376], [0.005249, -0.501592, -1.407863], [0.000518, -0.779884, 0.894496], [-0.001312, 1.043106, -1.009371], [-0.008568, 1.208103, 1.164562], [-0.012133, -0.601186, -0.685031], [0.000851, -0.427043, 0.718817], [-0.000962, -0.003564, -0.005023], [0.004144, 0.000843, -0.007513], [-0.000102, 0.004028, 0.006989], [-0.001424, 0.005066, -0.004179], [-0.029129, -0.012587, -0.011465], [0.000305, -1.521982, -0.270809], [-0.005849, -0.161631, -0.404235], [0.006547, -0.023466, 0.185274], [0.001187, -0.000164, -0.000739], [0.006127, 0.008317, -0.007457], [0.001575, -1.512089, -0.251388], [0.009409, -0.177139, -0.395565], [-0.002739, 0.049027, 0.165552], [0.000266, -3.7e-05, 0.000904], [0.003217, 0.003041, -0.002076], [-0.005795, -1.521129, -0.256035], [0.004543, -0.158572, -0.392788], [-0.013138, -0.049473, 0.226688], [0.001088, 0.00152, -0.000848], [0.003111, -0.005095, 0.006024], [-0.004885, -1.500942, -0.266928], [-0.011095, -0.17656, -0.394424], [0.011159, 0.057214, 0.172216], [-0.000125, -0.001843, 0.001414], [0.002876, 0.001126, -0.000814], [-0.102187, 0.008171, -0.035369]],
 "magmom": 2.8014791,
 "magmoms": [0.03, -0.003, 0.022, 0.038, 0.001, -0.016, 0.014, -0.012, -0.02, -0.022, 0.109, 0.028, -0.002, 0.016, 0.035, -0.005, -0.001, 0.025, -0.027, -0.026, -0.057, 0.525, 0.035, -0.003, 0.016, 0.031, 0.001, -0.016, 0.014, -0.023, -0.012, -0.007, 0.123, 0.028, -0.002, 0.017, 0.033, -0.002, -0.002, 0.013, -0.022, -0.025, -0.067, 0.517, 0.099, 0.073, 0.018, 0.078, -0.091, 0.113, 0.059, 0.029, 0.097, -0.087, 0.323, 0.054, 0.02, 0.074, -0.09, -0.031, 0.047, 0.029, 0.077, -0.085, 0.326, 0.0],
 "mtime": 18.97611994375409,
 "numbers": [8, 8, 8, 8, 8, 8, 8, 8, 8, 8, 8, 8, 8, 8, 8, 8, 8, 8, 8, 8, 8, 8, 8, 8, 8, 8, 8, 8, 8, 8, 8, 8, 8, 8, 8, 8, 8, 8, 8, 8, 8, 8, 8, 8, 8, 77, 77, 77, 77, 77, 77, 77, 77, 77, 77, 77, 77, 77, 77, 77, 77, 77, 77, 77, 77, 1],
 "pbc": [true, true, true],
 "positions": [[1.5947, 0.454, 7.50003], [1.5947, 2.27, 9.31608], [0.0, 0.0, 9.76983], [0.0, 2.724, 11.58588], [1.5947, 0.454, 12.03962], [1.5947, 2.27, 13.85567], [0.0, 0.0, 14.30995], [0.00444, 2.82476, 16.07427], [1.60035, 0.59279, 16.60104], [1.57252, 2.34584, 18.28297], [0.08381, 0.14285, 18.83788], [1.5947, 4.994, 7.50003], [1.5947, 6.81, 9.31608], [0.0, 4.54, 9.76983], [0.0, 7.264, 11.58588], [1.5947, 4.994, 12.03962], [1.5947, 6.81, 13.85567], [0.0, 4.54, 14.30995], [0.00364, 7.37239, 16.08442], [1.59385, 5.12633, 16.58877], [1.60742, 6.89877, 18.22377], [0.02567, 4.7112, 18.84489], [4.7841, 0.454, 7.50003], [4.7841, 2.27, 9.31608], [3.1894, 0.0, 9.76983], [3.1894, 2.724, 11.58588], [4.7841, 0.454, 12.03962], [4.7841, 2.27, 13.85567], [3.1894, 0.0, 14.30995], [3.1911, 2.82973, 16.05933], [4.78987, 0.56504, 16.62038], [4.84246, 2.37978, 18.22712], [3.32553, 0.34981, 19.04081], [4.7841, 4.994, 7.50003], [4.7841, 6.81, 9.31608], [3.1894, 4.54, 9.76983], [3.1894, 7.264, 11.58588], [4.7841, 4.994, 12.03962], [4.7841, 6.81, 13.85567], [3.1894, 4.54, 14.30995], [3.19424, 7.36857, 16.08166], [4.79387, 5.12548, 16.59137], [4.7825, 6.88866, 18.23441], [3.18825, 4.6708, 18.80776], [2.31094, 0.02136, 19.86202], [0.0, 1.362, 8.40805], [1.5947, 3.632, 10.67785], [0.0, 1.362, 12.94765], [1.59159, 3.70244, 15.2107], [0.00252, 1.40745, 17.55264], [0.0, 5.902, 8.40805], [1.5947, 8.172, 10.67785], [0.0, 5.902, 12.94765], [1.59652, 8.24161, 15.21838], [0.00355, 5.92974, 17.56447], [3.1894, 1.362, 8.40805], [4.7841, 3.632, 10.67785], [3.1894, 1.362, 12.94765], [4.79164, 3.70215, 15.20905], [3.18851, 1.47898, 17.4999], [3.1894, 5.902, 8.40805], [4.7841, 8.172, 10.67785], [3.1894, 5.902, 12.94765], [4.7872, 8.24189, 15.22074], [3.1956, 5.92296, 17.56009], [1.31763, 0.07349, 19.356]],
 "stress": [0.027244742828792627, 0.00070134589745725, -0.0009267892070841532, 0.0052822578298353864, 0.0004454689893325399, -0.0002587292777952387],
 "unique_id": "498f0ff5cf53d611e16732c5b9b0e77c",
 "user": "raul_desktop"},
"ids": [1],
"nextid": 2}
