{"1": {
 "calculator": "unknown",
 "calculator_parameters": {"energy": -411.2140917},
 "cell": [[6.64164, 0.0, 0.0], [0.0, 8.72335, 0.0], [0.0, 0.0, 28.2831]],
 "constraints": [{"name": "FixAtoms", "kwargs": {"indices": [0, 1, 2, 3, 4, 5, 6, 7, 8, 9, 10, 11, 12, 13, 14, 15, 16, 17, 18, 19, 20, 21, 22, 23, 24, 25, 26, 49, 50, 51, 52, 53, 54, 55, 56]}}],
 "ctime": 18.97612951215476,
 "energy": -411.2140917,
 "forces": [[0.000481, -1.902462, 1.655754], [0.000285, 1.861883, 1.645142], [0.000478, -0.006279, -0.101737], [-0.411906, 0.163039, -0.679533], [0.412224, 0.162525, -0.679378], [-0.421786, 0.013171, -1.215953], [0.422986, 0.012958, -1.216112], [-0.391815, -0.153125, -0.667568], [0.391602, -0.152692, -0.667737], [0.000561, 0.014375, 0.236159], [0.000814, -0.116198, -0.101631], [0.000108, -0.006666, 0.016198], [0.00063, 0.904109, -0.069779], [0.000478, -0.906167, -0.098828], [-9.7e-05, -0.025046, 0.067324], [-0.011742, 0.021532, -0.091853], [0.013034, 0.020913, -0.092505], [-0.046227, -0.000248, -0.062813], [-0.005322, -0.014917, -0.047784], [0.006166, -0.013617, -0.047496], [0.047713, 0.000666, -0.063014], [-0.000762, 0.01853, 0.424131], [0.000877, 0.317091, 0.215073], [-0.009381, -0.23979, 0.106289], [-0.000455, 0.303027, -0.272597], [0.010421, 0.16323, 0.357954], [0.007211, -0.637253, -0.237528], [0.001265, 0.003554, -0.000482], [0.002932, -0.00143, -0.001623], [-0.001115, -0.002936, 0.002522], [-0.002346, 0.004045, 0.001711], [-0.001203, 0.004412, -0.009721], [0.001493, -0.000957, 0.002037], [0.002198, -0.007011, -0.005139], [-0.00061, 0.003392, 0.002379], [0.009738, 0.004211, 0.006503], [-0.000722, 0.000911, 0.012476], [-0.004103, -0.004143, 0.000227], [-0.010181, 0.006905, 0.007406], [0.002109, 0.009409, 0.014149], [-0.006318, -0.001179, -0.004408], [-0.002766, -0.002232, 0.000265], [-0.010671, 0.002022, 0.003814], [0.001919, 0.001341, 0.002775], [-0.005647, -0.002284, 0.015199], [0.003322, 0.003231, 0.001714], [-0.006875, 0.014933, 0.005919], [-0.005331, -0.012402, -0.006591], [0.002433, 0.006399, 0.017464], [0.000957, 2.695657, -1.978041], [0.000427, -0.389771, 2.877609], [0.000647, 0.367402, 2.854288], [0.001999, -2.550147, -1.980669], [0.00159, -1.061934, -0.279661], [-0.001271, -0.014056, 0.336933], [0.000136, 0.058346, 0.090284], [0.001654, 1.053993, -0.26575], [0.003937, 0.000281, 0.001118], [-0.001376, 0.002747, -0.002128], [0.000526, -0.001015, 0.00218], [0.000965, -0.004952, 0.003275], [0.002693, -0.001756, -0.014162], [0.000268, -0.005884, -0.003857], [0.000576, 0.004539, -0.0077], [0.000175, 0.013773, -0.012492]],
 "magmom": 2.3926245,
 "magmoms": [0.538, 0.553, -0.029, -0.043, -0.043, -0.006, -0.006, -0.041, -0.041, -0.023, -0.058, -0.047, -0.001, 0.005, 0.002, 0.011, 0.011, 0.016, 0.005, 0.005, 0.016, -0.002, -0.003, -0.013, 0.002, -0.01, -0.002, 0.02, 0.02, 0.002, 0.003, 0.022, 0.023, 0.011, -0.003, -0.022, 0.012, -0.021, -0.07, -0.006, -0.005, -0.008, -0.007, -0.019, -0.017, 0.02, 0.165, 0.458, 0.135, 0.112, -0.072, -0.066, 0.131, 0.018, -0.033, -0.033, 0.04, 0.076, -0.021, -0.03, -0.004, 0.1, -0.054, 0.052, 0.241],
 "mtime": 18.97612951215476,
 "numbers": [8, 8, 8, 8, 8, 8, 8, 8, 8, 8, 8, 8, 8, 8, 8, 8, 8, 8, 8, 8, 8, 8, 8, 8, 8, 8, 8, 8, 8, 8, 8, 8, 8, 8, 8, 8, 8, 8, 8, 8, 8, 8, 8, 8, 8, 8, 8, 8, 8, 77, 77, 77, 77, 77, 77, 77, 77, 77, 77, 77, 77, 77, 77, 77, 77],
 "pbc": [true, true, true],
 "positions": [[3.32082, 2.83282, 7.50011], [3.32082, 5.89053, 7.50011], [3.32082, 0.0, 7.71252], [1.41062, 1.52885, 8.91059], [5.23102, 1.52885, 8.91059], [1.19782, 4.36167, 8.91059], [5.44382, 4.36167, 8.91059], [1.41062, 7.1945, 8.91059], [5.23102, 7.1945, 8.91059], [3.32082, 0.0, 10.10838], [3.32082, 2.83282, 10.32135], [3.32082, 5.89053, 10.32135], [0.0, 2.83282, 10.82055], [0.0, 5.89053, 10.82055], [0.0, 0.0, 11.0338], [1.9102, 1.52885, 12.23131], [4.73144, 1.52885, 12.23131], [1.9102, 7.1945, 12.23131], [2.123, 4.36167, 12.23131], [4.51864, 4.36167, 12.23131], [4.73144, 7.1945, 12.23131], [0.0, 0.0, 13.4291], [0.0, 2.83282, 13.64207], [0.0, 5.89053, 13.64207], [3.32082, 2.83282, 14.14127], [3.32082, 5.89053, 14.14127], [3.32082, 0.0, 14.35452], [1.41354, 1.52229, 15.56893], [5.22765, 1.52288, 15.56899], [1.19344, 4.36901, 15.57778], [5.45057, 4.36907, 15.58166], [5.23202, 7.20319, 15.55035], [1.41055, 7.20538, 15.54151], [3.3207, 0.0044, 16.75111], [3.32103, 3.00445, 16.8005], [3.3148, 5.97932, 17.04511], [0.00126, 2.82189, 17.49999], [0.00893, 5.97991, 17.48346], [0.00817, 0.09758, 17.76682], [1.98363, 1.61056, 18.96648], [4.67049, 1.61117, 18.97571], [2.14737, 4.39596, 18.93412], [4.5158, 4.39227, 18.92225], [1.94501, 7.29706, 18.88971], [4.70605, 7.30496, 18.86185], [0.00211, 0.06104, 20.14142], [0.01216, 2.69715, 20.41647], [6.62801, 6.11543, 20.29461], [3.35698, 6.01703, 20.79178], [3.32082, 1.52955, 8.91059], [0.0, 2.83204, 8.91059], [0.0, 5.89123, 8.91059], [3.32082, 7.1938, 8.91059], [0.0, 1.52955, 12.23131], [3.32082, 2.83204, 12.23131], [3.32082, 5.89123, 12.23131], [0.0, 7.1938, 12.23131], [3.32062, 1.50387, 15.52475], [0.00024, 2.83277, 15.55356], [0.00162, 5.90557, 15.55781], [3.32123, 7.17566, 15.57299], [0.00713, 1.65654, 18.9865], [3.32855, 2.89211, 18.63651], [3.33084, 5.94671, 19.03364], [0.00485, 7.25717, 18.91473]],
 "stress": [0.0035445031005160946, 0.004743003924377325, 0.0033699468147925186, -0.0004026272706924772, 5.342107660843481e-05, -3.0277560769659686e-05],
 "unique_id": "e7d6374f1c8ac3c564a0eef082bc8cb1",
 "user": "raul_desktop"},
"ids": [1],
"nextid": 2}
