{"1": {
 "calculator": "unknown",
 "calculator_parameters": {"energy": -425.81092825},
 "cell": [[6.64164, 0.0, 0.0], [0.0, 8.72335, 0.0], [0.0, 0.0, 28.2831]],
 "constraints": [{"name": "FixAtoms", "kwargs": {"indices": [0, 1, 2, 3, 4, 5, 6, 7, 8, 9, 10, 11, 12, 13, 14, 15, 16, 17, 18, 19, 20, 21, 22, 23, 24, 25, 26, 51, 52, 53, 54, 55, 56, 57, 58]}}],
 "ctime": 18.97612951246885,
 "energy": -425.81092825,
 "forces": [[-0.000266, -1.895023, 1.65462], [-0.000363, 1.871739, 1.647717], [-0.001199, -0.007199, -0.093381], [-0.400697, 0.163362, -0.671872], [0.398385, 0.162748, -0.672046], [-0.412986, 0.005403, -1.211424], [0.411539, 0.003466, -1.211496], [-0.399138, -0.160551, -0.66999], [0.396441, -0.160604, -0.669954], [-0.0, 0.006756, 0.22859], [7.9e-05, -0.069108, -0.038031], [-0.000721, 0.021836, -0.002733], [-0.000812, 0.921423, -0.052411], [-0.001266, -0.928927, -0.074929], [-0.000127, -0.008912, 0.058769], [-0.008742, 0.031246, -0.086291], [0.006026, 0.028929, -0.086616], [-0.025831, -0.027868, -0.064309], [-0.008878, 0.003804, -0.054861], [0.007918, 0.005951, -0.052471], [0.025179, -0.025504, -0.066355], [-0.005679, 0.010214, 0.460187], [-0.015767, 0.327914, 0.14771], [-0.030963, -0.317593, 0.024635], [0.006077, 0.137005, -0.074898], [0.011261, 0.088454, 0.260729], [0.021444, -0.219842, -0.029024], [0.004101, -0.004321, 0.002208], [-0.000186, 0.00032, 0.001495], [0.003846, -0.001444, -0.00437], [-0.004113, 0.004463, -0.004009], [-0.005823, -0.001666, 0.003653], [0.002639, 0.001639, 0.000899], [0.003004, -0.000334, -0.001399], [-0.002076, -0.002258, -0.006281], [0.003071, -0.001984, 0.004029], [0.001823, -0.002735, -0.000337], [0.000615, -0.000495, -0.00138], [0.010606, -0.002573, 0.002287], [0.002383, 0.000298, -0.003641], [0.0049, -0.001191, -0.006417], [-2.3e-05, 0.006225, -0.002702], [-0.006399, -0.005788, 0.005084], [0.003425, 0.000123, 0.001437], [0.006263, -0.001554, 0.011957], [-0.000854, -0.000102, 0.005697], [-0.001155, 0.001077, 0.002142], [-0.003178, -0.006287, 0.00503], [0.009532, 0.004997, 0.004803], [-0.003892, -0.004602, -0.000802], [-0.002676, -0.0155, 0.010245], [-0.000532, 2.633474, -2.007422], [-0.000952, -0.392644, 2.852863], [0.000427, 0.382385, 2.858477], [0.000861, -2.577915, -2.002648], [0.004467, -1.126517, -0.344485], [-0.005039, -0.052712, 0.263067], [-0.004641, 0.070355, 0.164803], [0.001302, 1.154812, -0.385757], [0.001053, -0.002327, -0.002873], [-0.000666, 0.002048, -0.003873], [0.001472, -0.002897, 0.002277], [0.00057, -0.000486, -0.000847], [0.001713, -0.010001, -0.003758], [0.001614, -0.000101, -0.000455], [0.004968, -0.010007, -0.006961], [-0.000124, 0.006394, -0.003545], [-0.00324, -0.009286, -0.008362]],
 "magmom": 1.0666113,
 "magmoms": [0.546, 0.553, -0.035, -0.048, -0.047, -0.011, -0.011, -0.047, -0.047, -0.022, -0.054, -0.052, -0.002, -0.001, -0.003, 0.009, 0.01, 0.014, 0.007, 0.007, 0.014, -0.002, 0.003, -0.002, -0.003, -0.01, -0.006, -0.002, -0.001, -0.001, -0.002, 0.002, 0.003, 0.006, 0.007, -0.008, 0.013, -0.006, -0.0, 0.03, 0.029, 0.001, 0.001, -0.02, -0.017, 0.006, -0.11, 0.118, -0.054, 0.039, -0.028, 0.113, -0.09, -0.088, 0.122, 0.013, -0.027, -0.029, 0.027, 0.015, 0.003, -0.012, -0.013, -0.053, 0.025, 0.004, 0.077, 0.0],
 "mtime": 18.97612951246885,
 "numbers": [8, 8, 8, 8, 8, 8, 8, 8, 8, 8, 8, 8, 8, 8, 8, 8, 8, 8, 8, 8, 8, 8, 8, 8, 8, 8, 8, 8, 8, 8, 8, 8, 8, 8, 8, 8, 8, 8, 8, 8, 8, 8, 8, 8, 8, 8, 8, 8, 8, 8, 8, 77, 77, 77, 77, 77, 77, 77, 77, 77, 77, 77, 77, 77, 77, 77, 77, 1],
 "pbc": [true, true, true],
 "positions": [[3.32082, 2.83282, 7.50011], [3.32082, 5.89053, 7.50011], [3.32082, 0.0, 7.71252], [1.41062, 1.52885, 8.91059], [5.23102, 1.52885, 8.91059], [1.19782, 4.36167, 8.91059], [5.44382, 4.36167, 8.91059], [1.41062, 7.1945, 8.91059], [5.23102, 7.1945, 8.91059], [3.32082, 0.0, 10.10838], [3.32082, 2.83282, 10.32135], [3.32082, 5.89053, 10.32135], [0.0, 2.83282, 10.82055], [0.0, 5.89053, 10.82055], [0.0, 0.0, 11.0338], [1.9102, 1.52885, 12.23131], [4.73144, 1.52885, 12.23131], [1.9102, 7.1945, 12.23131], [2.123, 4.36167, 12.23131], [4.51864, 4.36167, 12.23131], [4.73144, 7.1945, 12.23131], [0.0, 0.0, 13.4291], [0.0, 2.83282, 13.64207], [0.0, 5.89053, 13.64207], [3.32082, 2.83282, 14.14127], [3.32082, 5.89053, 14.14127], [3.32082, 0.0, 14.35452], [1.41264, 1.52778, 15.55523], [5.22672, 1.53213, 15.56462], [1.19833, 4.3659, 15.57197], [5.44667, 4.36674, 15.57984], [5.22724, 7.20047, 15.55988], [1.4102, 7.20852, 15.53729], [3.31584, 0.00867, 16.74502], [3.30897, 2.88577, 16.91915], [3.3013, 5.97292, 17.02456], [0.01897, 2.79691, 17.48576], [0.02378, 5.96144, 17.46829], [0.0199, 0.02287, 17.74425], [1.93664, 1.53651, 18.90524], [4.71719, 1.52742, 18.85159], [2.13161, 4.39823, 18.88971], [4.53051, 4.39984, 18.84856], [1.93532, 7.25614, 18.88937], [4.71056, 7.26604, 18.82519], [6.6373, 0.01026, 20.12373], [6.61976, 2.62194, 20.38391], [6.60108, 6.11534, 20.32008], [3.37119, 2.90692, 20.77105], [3.37083, 6.00388, 20.76484], [3.36113, 1.60639, 21.31069], [3.32082, 1.52955, 8.91059], [0.0, 2.83204, 8.91059], [0.0, 5.89123, 8.91059], [3.32082, 7.1938, 8.91059], [0.0, 1.52955, 12.23131], [3.32082, 2.83204, 12.23131], [3.32082, 5.89123, 12.23131], [0.0, 7.1938, 12.23131], [3.31958, 1.52576, 15.5409], [0.00104, 2.83534, 15.5485], [0.00152, 5.90084, 15.54305], [3.3183, 7.1888, 15.56473], [0.00633, 1.58157, 18.94324], [3.33, 2.84301, 18.81367], [3.33026, 5.90882, 19.00894], [0.00302, 7.18951, 18.90402], [3.43375, 1.81638, 22.26996]],
 "stress": [0.0024866047527336383, 0.003624406900345653, 0.0036198630817020102, 8.618275801019603e-05, -8.916619937236822e-05, 4.024525084369525e-05],
 "unique_id": "b63529489620edb0ce0f30d31a9844fd",
 "user": "raul_desktop"},
"ids": [1],
"nextid": 2}
