{"1": {
 "calculator": "unknown",
 "calculator_parameters": {"energy": -356.29277428},
 "cell": [[6.3788, 0.0, 0.0], [0.0, 6.42053, 0.0], [0.0, 0.0, 27.84090828]],
 "constraints": [{"name": "FixAtoms", "kwargs": {"indices": [0, 1, 2, 3, 4, 5, 6, 7, 8, 17, 18, 19, 20, 21, 22, 23, 24, 25, 35, 36, 37, 38, 43, 44, 45, 46]}}],
 "ctime": 18.976119914065432,
 "energy": -356.29277428,
 "forces": [[0.001294, -0.002082, 1.66392], [0.002405, -1.525319, -0.538445], [-0.005473, 1.513952, -0.539852], [0.001949, -0.004744, -1.366391], [-0.00078, -0.000144, 1.245252], [0.001169, 1.588787, -0.051982], [0.00179, -1.599198, -0.062487], [-0.000787, 0.002447, -0.787043], [0.000913, 0.037847, 1.330336], [0.002943, -0.004787, 0.00212], [-0.001165, 0.001484, -0.001646], [-0.00135, -0.009778, 0.000532], [-0.011606, -0.005856, 0.004938], [0.00096, 0.005554, 0.005237], [-0.002586, -0.006926, 0.004019], [9.6e-05, 0.006303, 0.005853], [0.012587, -0.005, 0.00256], [-0.001765, -0.007834, 1.665237], [0.003497, -1.513227, -0.538478], [-0.002272, 1.527812, -0.538868], [-0.002553, -0.003036, -1.383042], [-0.000809, -0.009255, 1.265843], [-0.002634, 1.585367, -0.058811], [-0.003229, -1.602632, -0.051351], [0.000643, -0.007288, -0.767715], [-0.012887, 0.037832, 1.386442], [0.003355, 0.003843, 0.004893], [-0.000634, -0.00565, 0.010307], [0.010196, -0.001485, 0.00358], [0.001815, 0.003779, -0.000132], [-0.002737, 0.006875, 0.004844], [-0.003367, 0.004612, 0.00347], [0.002017, 0.002779, 0.007822], [0.001795, -0.006326, 0.015904], [0.004533, -0.003481, -0.005663], [-0.001983, -0.004409, 0.607053], [0.00054, 0.003, -1.206867], [-0.001289, -0.005411, -0.11004], [-0.003225, 0.002396, -0.262234], [0.001447, -0.002666, -0.00303], [-0.000248, 0.002395, 0.006402], [0.002394, 0.004568, 0.002612], [0.002728, 0.000361, -0.010197], [0.001163, -0.000244, 0.613574], [-0.002737, -0.016523, -1.207179], [0.00161, 0.018886, -0.114217], [0.002041, -0.003318, -0.267264], [-0.001185, -0.001251, 0.002599], [-0.000802, 0.001317, 0.005928], [0.001296, 0.005049, -0.001683], [-0.006496, 0.000977, -0.002044], [0.001622, -0.011374, 0.00636], [0.005801, 0.00102, -0.000976]],
 "magmom": -0.4261902,
 "magmoms": [-0.02, -0.001, -0.001, -0.001, 0.013, -0.001, -0.002, -0.017, -0.012, 0.003, -0.0, -0.051, 0.002, -0.008, -0.007, -0.074, -0.134, 0.013, -0.001, -0.001, 0.003, -0.018, -0.002, -0.001, 0.025, 0.026, -0.0, 0.002, 0.024, 0.009, -0.01, -0.005, -0.029, 0.098, 0.03, 0.01, -0.007, -0.013, -0.014, -0.008, 0.004, -0.066, -0.239, -0.022, -0.006, -0.012, 0.027, 0.041, 0.003, -0.064, 0.133, -0.0, 0.0],
 "mtime": 18.976119914065432,
 "numbers": [8, 8, 8, 8, 8, 8, 8, 8, 8, 8, 8, 8, 8, 8, 8, 8, 8, 8, 8, 8, 8, 8, 8, 8, 8, 8, 8, 8, 8, 8, 8, 8, 8, 8, 8, 77, 77, 77, 77, 77, 77, 77, 77, 77, 77, 77, 77, 77, 77, 77, 77, 1, 1],
 "pbc": [true, true, true],
 "positions": [[0.0, 3.21027, 7.5], [1.5947, 1.28411, 8.78425], [1.5947, 5.13642, 8.78425], [0.0, 3.21027, 10.0681], [0.0, 0.0, 10.71003], [1.5947, 1.92616, 11.99428], [1.5947, 4.49437, 11.99428], [0.0, 0.0, 13.27853], [0.0, 3.21027, 13.92045], [1.59413, 1.23946, 15.21923], [1.59568, 5.20081, 15.22489], [0.00143, 3.22782, 16.41029], [0.00446, 0.03929, 17.20803], [1.58917, 2.01804, 18.43271], [1.60091, 4.47082, 18.39431], [6.37808, 0.03979, 19.62559], [6.26879, 3.23955, 20.3362], [3.1894, 3.21027, 7.5], [4.7841, 1.28411, 8.78425], [4.7841, 5.13642, 8.78425], [3.1894, 3.21027, 10.0681], [3.1894, 0.0, 10.71003], [4.7841, 1.92616, 11.99428], [4.7841, 4.49437, 11.99428], [3.1894, 0.0, 13.27853], [3.1894, 3.21027, 13.92045], [4.78424, 1.24416, 15.21737], [4.78467, 5.20535, 15.22325], [3.18709, 3.21971, 16.41348], [3.18808, 0.03888, 17.20986], [4.77777, 2.01812, 18.36974], [4.79727, 4.48698, 18.3758], [3.19438, 0.03541, 19.62638], [3.38674, 3.39007, 20.33786], [2.42094, 2.64866, 21.13812], [0.0, 0.0, 8.78425], [1.5947, 3.21027, 8.78425], [1.5947, 0.0, 11.99428], [0.0, 3.21027, 11.99428], [0.00042, 0.01263, 15.24285], [1.59323, 3.21646, 15.17384], [1.59587, 0.0392, 18.45311], [6.37734, 3.24892, 18.41602], [3.1894, 0.0, 8.78425], [4.7841, 3.21027, 8.78425], [4.7841, 0.0, 11.99428], [3.1894, 3.21027, 11.99428], [3.18962, 0.01348, 15.24357], [4.7852, 3.22594, 15.17474], [4.78579, 0.03774, 18.44691], [3.19429, 3.25079, 18.42158], [2.7916, 2.83506, 22.02676], [0.79143, 3.08904, 20.72266]],
 "stress": [0.019093319427370838, 0.0002493358065607844, -0.00048316770445287484, 0.0002755189373438647, -1.9979070711952308e-05, -0.00029743911739396665],
 "unique_id": "51241d99cf01839d28f8df0cb6819a1f",
 "user": "raul_desktop"},
"ids": [1],
"nextid": 2}
