{"1": {
 "calculator": "unknown",
 "calculator_parameters": {"energy": -356.80593468},
 "cell": [[6.3788, 0.0, 0.0], [0.0, 6.42053, 0.0], [0.0, 0.0, 27.84090828]],
 "constraints": [{"name": "FixAtoms", "kwargs": {"indices": [0, 1, 2, 3, 4, 5, 6, 7, 8, 17, 18, 19, 20, 21, 22, 23, 24, 25, 35, 36, 37, 38, 43, 44, 45, 46]}}],
 "ctime": 18.976119915449658,
 "energy": -356.80593468,
 "forces": [[0.001763, -0.003282, 1.656374], [0.004166, -1.523725, -0.53341], [0.003136, 1.515044, -0.535622], [0.004583, -0.004369, -1.377027], [-0.002848, -0.00127, 1.264856], [-0.015245, 1.596452, -0.054164], [-0.012485, -1.609647, -0.049629], [-0.005367, 0.00223, -0.707521], [-0.003008, 0.07245, 1.254802], [0.001094, 0.004473, -0.004878], [-0.002612, 0.000103, 0.000805], [-0.004169, -0.00227, -0.005444], [0.004816, -0.000515, -0.004286], [-0.00207, 0.004815, 0.003357], [-0.004325, 0.003265, -4.5e-05], [0.001155, -0.002947, -0.000446], [0.000632, -0.01324, -0.013774], [-0.000744, -0.003659, 1.678063], [-0.00187, -1.523144, -0.531704], [-0.0047, 1.510987, -0.534171], [-0.004033, -0.008221, -1.331613], [0.000709, -0.000426, 1.257485], [0.016038, 1.598555, -0.051012], [0.013603, -1.607405, -0.049018], [0.00654, 0.007552, -0.718639], [-0.004842, 0.049854, 1.341273], [-0.00049, 0.001002, 0.001152], [-0.001609, -0.003299, -0.007199], [-0.004283, 0.002467, -0.009293], [-0.001191, -0.011175, -0.006636], [0.002141, -0.000159, 0.003435], [0.003461, -0.000404, -0.013827], [0.006917, 0.000686, 0.002274], [0.008851, -0.002288, -0.012555], [-0.003256, -0.000568, 0.012983], [-0.00095, -0.008173, 0.618179], [-0.01334, -0.002495, -1.22441], [0.00682, 0.005026, -0.090119], [-0.004908, -0.014298, -0.242777], [0.002077, -0.000524, -0.005615], [0.001334, -0.001174, 0.000132], [0.006639, -0.004273, -0.001475], [0.004979, -0.007527, -0.007799], [-0.00112, -0.009163, 0.614606], [0.010476, -8.5e-05, -1.227702], [-0.012789, -0.001427, -0.094896], [0.001547, -0.008719, -0.252559], [0.000313, -0.002168, 0.000521], [0.000287, -0.002936, -0.000211], [-0.006358, -0.002886, -0.007667], [-0.010521, -0.006784, -0.00586], [0.004395, 0.00887, 0.007875], [0.01066, 0.010813, -0.005166]],
 "magmom": 0.4664556,
 "magmoms": [-0.016, 0.0, 0.0, 0.002, 0.001, 0.001, 0.001, -0.007, -0.013, -0.001, -0.002, -0.005, -0.011, -0.009, -0.005, 0.019, 0.001, -0.021, 0.0, 0.0, -0.01, 0.013, 0.001, 0.001, -0.004, -0.003, -0.004, -0.003, -0.057, -0.002, -0.002, -0.002, 0.081, 0.243, 0.282, 0.001, -0.029, 0.018, 0.006, -0.044, -0.037, 0.074, -0.026, 0.012, -0.026, 0.017, -0.015, -0.019, -0.042, 0.074, -0.069, -0.001, -0.0],
 "mtime": 18.976119915449658,
 "numbers": [8, 8, 8, 8, 8, 8, 8, 8, 8, 8, 8, 8, 8, 8, 8, 8, 8, 8, 8, 8, 8, 8, 8, 8, 8, 8, 8, 8, 8, 8, 8, 8, 8, 8, 8, 77, 77, 77, 77, 77, 77, 77, 77, 77, 77, 77, 77, 77, 77, 77, 77, 1, 1],
 "pbc": [true, true, true],
 "positions": [[0.0, 3.21027, 7.5], [1.5947, 1.28411, 8.78425], [1.5947, 5.13642, 8.78425], [0.0, 3.21027, 10.0681], [0.0, 0.0, 10.71003], [1.5947, 1.92616, 11.99428], [1.5947, 4.49437, 11.99428], [0.0, 0.0, 13.27853], [0.0, 3.21027, 13.92045], [1.59473, 1.25148, 15.22321], [1.59662, 5.21534, 15.22382], [0.00202, 3.27312, 16.39717], [0.00621, 0.04735, 17.22115], [1.60135, 2.03232, 18.41741], [1.59159, 4.49661, 18.47211], [-0.00291, 0.10893, 19.65527], [-0.00112, 3.11294, 20.44968], [3.1894, 3.21027, 7.5], [4.7841, 1.28411, 8.78425], [4.7841, 5.13642, 8.78425], [3.1894, 3.21027, 10.0681], [3.1894, 0.0, 10.71003], [4.7841, 1.92616, 11.99428], [4.7841, 4.49437, 11.99428], [3.1894, 0.0, 13.27853], [3.1894, 3.21027, 13.92045], [4.784, 1.25098, 15.22246], [4.78236, 5.21432, 15.22684], [3.18537, 3.24418, 16.41663], [3.18895, 0.04048, 17.21418], [4.78814, 2.0236, 18.38415], [4.79858, 4.49933, 18.41824], [3.19786, 0.06885, 19.64218], [3.37599, 3.28278, 20.38693], [2.37614, 3.36376, 21.24018], [0.0, 0.0, 8.78425], [1.5947, 3.21027, 8.78425], [1.5947, 0.0, 11.99428], [0.0, 3.21027, 11.99428], [0.00055, 0.02233, 15.24863], [1.59736, 3.2336, 15.17136], [1.60064, 0.05445, 18.46632], [0.00153, 3.25306, 18.38203], [3.1894, 0.0, 8.78425], [4.7841, 3.21027, 8.78425], [4.7841, 0.0, 11.99428], [3.1894, 3.21027, 11.99428], [3.18943, 0.02316, 15.24551], [4.78045, 3.23253, 15.17309], [4.78591, 0.05009, 18.45481], [3.19143, 3.26677, 18.44048], [0.99595, 3.24338, 20.76437], [-0.23172, 2.17809, 20.6598]],
 "stress": [0.0186542167773467, 0.0014303167143056592, 0.00042172628861768, 0.0006290317727247665, 8.956565595642475e-06, -0.00022065607212735084],
 "unique_id": "e13983ee683bfa551f7c5cd1eb96133b",
 "user": "raul_desktop"},
"ids": [1],
"nextid": 2}
