{"1": {
 "calculator": "unknown",
 "calculator_parameters": {"energy": -331.08859242},
 "cell": [[8.61194, 0.0, 0.0], [-0.305740631, 5.136508739, 0.0], [0.0, 0.0, 27.67670537]],
 "constraints": [{"name": "FixAtoms", "kwargs": {"indices": [0, 1, 2, 3, 4, 5, 6, 7, 8, 9, 10, 11, 12, 13, 14, 15, 16, 17, 18, 19, 41, 42, 43, 44, 45, 46]}}],
 "ctime": 18.976129331131418,
 "energy": -331.08859242,
 "forces": [[-2.666815, 0.998495, 1.139568], [-2.689949, 1.015344, 1.151591], [-1.915644, -1.918254, 0.247584], [-1.911028, -1.905735, 0.253435], [-0.108835, 0.522866, -0.3647], [-0.100858, 0.497223, -0.360715], [-0.019473, 0.083785, -0.321859], [-0.060235, 0.111941, -0.300763], [-0.282891, -0.10303, 0.488702], [-0.30382, -0.099195, 0.472622], [-0.098231, 0.063175, -0.110801], [-0.127541, 0.04847, -0.11259], [0.047119, -0.079022, -0.071971], [0.040643, -0.116841, -0.070741], [-0.032497, -0.148185, 0.222982], [0.025008, -0.124457, 0.201324], [-0.022237, -0.073214, 0.021086], [-0.006866, 0.030249, -0.179938], [0.051187, 0.073123, 0.103264], [-0.043781, -0.092717, 0.012183], [0.0027, 0.000408, -0.000819], [0.004348, 2.9e-05, 0.001474], [0.006149, -0.006985, -0.006986], [-0.005615, 0.007986, -0.001915], [0.001708, 0.000775, -0.001441], [0.000896, 0.001034, -0.004548], [-0.002379, 0.003537, 0.000761], [1.2e-05, -0.001625, 0.002305], [-0.008051, 0.002392, 0.001115], [-0.000178, -0.002622, 0.009163], [0.000317, -0.014022, -0.001774], [0.008435, -0.002122, 0.007263], [0.006031, -0.000503, 0.000242], [9.8e-05, -0.001618, -0.000756], [0.004411, -0.005785, 0.01052], [0.002876, -0.00409, -0.003902], [-0.01119, -0.011653, -0.006045], [0.003152, -0.001485, -0.000679], [-0.009047, -0.00047, 1.8e-05], [0.003431, -3.7e-05, -0.003073], [0.009393, -0.00829, 0.001003], [5.260424, 0.764654, -0.886964], [5.317941, 0.707962, -0.927616], [-0.211282, -0.303153, -0.456388], [-0.249001, -0.299045, -0.395647], [0.119514, 0.217667, 0.128255], [-0.039345, 0.162476, 0.112462], [-0.000723, 0.002118, 0.003076], [-0.000307, -0.003802, -0.001704], [0.002066, 0.002681, -0.000898], [0.000719, -0.003569, 0.00165], [0.008469, 0.008211, -0.010709], [-0.001162, 0.004655, 0.009597], [0.001933, 0.000272, 0.002697]],
 "magmom": 1.4893268,
 "magmoms": [-0.494, 0.46, -0.475, 0.493, -0.025, 0.026, 0.065, -0.065, 0.047, -0.04, 0.022, -0.021, -0.022, 0.031, 0.023, -0.026, -0.012, 0.004, -0.016, 0.02, 0.011, -0.009, -0.007, 0.017, 0.016, -0.004, 0.008, 0.006, 0.009, -0.016, 0.004, 0.001, -0.01, 0.005, 0.003, -0.3, 0.005, -0.039, 0.802, 0.021, 0.805, -0.334, 0.345, -0.016, 0.019, -0.043, 0.071, -0.019, 0.015, 0.013, 0.073, -0.01, -0.256, -0.0],
 "mtime": 18.976129331131418,
 "numbers": [8, 8, 8, 8, 8, 8, 8, 8, 8, 8, 8, 8, 8, 8, 8, 8, 8, 8, 8, 8, 8, 8, 8, 8, 8, 8, 8, 8, 8, 8, 8, 8, 8, 8, 8, 8, 8, 8, 8, 8, 8, 77, 77, 77, 77, 77, 77, 77, 77, 77, 77, 77, 77, 1],
 "pbc": [true, true, true],
 "positions": [[5.09191, 4.03131, 7.5], [0.93881, 1.46306, 7.5], [4.81759, 1.43768, 8.12009], [0.35875, 4.00594, 8.12009], [7.312, 0.61358, 8.88952], [2.85316, 3.18184, 8.88952], [2.57876, 0.5881, 9.50961], [6.73186, 3.15636, 9.50961], [4.71607, 4.81134, 10.1297], [0.56306, 2.24309, 10.1297], [4.33912, 2.21155, 10.89878], [-0.11972, 4.77986, 10.89878], [2.32316, 3.86653, 11.51887], [6.782, 1.29828, 11.51887], [6.20194, 3.84111, 12.13896], [2.04884, 1.27285, 12.13896], [4.54325, 0.4488, 12.9084], [0.08441, 3.01706, 12.9084], [3.96312, 2.99153, 13.52849], [8.42196, 0.42327, 13.52849], [1.9562, 4.65009, 14.15934], [6.40572, 2.07733, 14.15571], [5.71333, 4.62452, 14.97884], [1.57038, 2.03827, 14.91803], [4.01674, 1.13575, 15.55992], [8.17742, 3.71999, 15.50903], [3.39206, 3.65027, 16.15867], [7.90012, 1.15456, 16.17128], [1.84276, 0.29173, 16.97302], [5.92077, 2.89825, 17.01541], [5.71066, 0.26661, 17.67806], [1.23033, 2.86493, 17.58758], [3.68926, 1.89818, 18.21559], [7.9122, 4.5094, 18.11233], [2.87711, 4.2251, 19.05335], [7.5628, 1.77375, 18.94157], [5.20294, 2.51929, 20.10251], [1.35638, 0.90857, 19.51614], [5.04473, 0.04528, 21.94918], [0.50902, 3.46359, 20.18623], [3.86889, 0.39156, 22.07231], [3.68246, 4.87801, 8.50463], [8.14139, 2.30976, 8.50463], [6.60415, 4.79557, 10.51424], [2.45105, 2.22732, 10.51424], [0.9138, 4.71318, 12.5235], [5.37264, 2.14493, 12.5235], [3.83833, 4.63451, 14.55013], [8.29309, 2.069, 14.52296], [6.82178, 4.5845, 16.55031], [2.56609, 1.95941, 16.53283], [1.11443, 4.41766, 18.83703], [5.83588, 1.91644, 18.59562], [3.35124, 2.65577, 18.7777]],
 "stress": [0.006237851601535491, 0.005080114073775404, 0.00218102670743952, 0.001987440060391125, -0.003403988005565085, 0.0009715345860076104],
 "unique_id": "35a25bddf7ec3800fcfe47597d34ec32",
 "user": "raul_desktop"},
"ids": [1],
"nextid": 2}
