{"1": {
 "calculator": "unknown",
 "calculator_parameters": {"energy": -330.19667675},
 "cell": [[8.61194, 0.0, 0.0], [-0.305740631, 5.136508739, 0.0], [0.0, 0.0, 27.67670537]],
 "constraints": [{"name": "FixAtoms", "kwargs": {"indices": [0, 1, 2, 3, 4, 5, 6, 7, 8, 9, 10, 11, 12, 13, 14, 15, 16, 17, 18, 19, 41, 42, 43, 44, 45, 46]}}],
 "ctime": 18.97612933012075,
 "energy": -330.19667675,
 "forces": [[-2.687825, 1.030562, 1.131185], [-2.673169, 1.02286, 1.11506], [-1.895179, -1.92795, 0.240888], [-1.888206, -1.930071, 0.226], [-0.082074, 0.527883, -0.348484], [-0.074561, 0.524926, -0.335239], [-0.026087, 0.081166, -0.339725], [-0.055071, 0.084825, -0.333459], [-0.290509, -0.099693, 0.545509], [-0.315651, -0.113092, 0.528339], [-0.087645, 0.064554, -0.030629], [-0.106848, 0.070229, -0.047459], [0.060728, -0.079429, -0.072155], [0.062838, -0.100707, -0.070736], [0.023013, -0.140042, 0.222767], [0.047738, -0.130491, 0.221313], [-0.060944, -0.072714, 0.055999], [-0.01245, 0.042782, -0.08588], [0.054532, -0.028701, -0.008058], [0.009436, 0.009597, 0.084881], [0.003489, 0.001069, 0.005088], [0.002956, 0.00601, 0.007407], [0.001505, 0.000959, -0.000744], [-0.000677, 0.003848, -0.001837], [0.003856, -0.000875, 0.001904], [-0.000584, -0.003361, -0.0021], [-0.003821, 0.005801, 0.004725], [0.004678, 0.002494, -0.003087], [-0.000355, 0.004347, -0.008673], [-0.003582, -0.000379, 0.008114], [0.003805, -0.001019, -0.002082], [0.001042, -0.005401, 0.003277], [-0.003713, 0.000409, -0.011327], [0.00787, 0.001425, 0.00071], [0.008108, -0.006218, -0.006039], [0.004923, -0.00252, 0.003032], [0.003809, -0.006736, -0.007455], [-0.006372, 0.004986, 0.000236], [0.003911, -0.002017, 0.015521], [0.002915, -0.008474, -0.00178], [-0.006664, 0.002677, 0.015001], [5.263231, 0.732398, -0.940432], [5.268382, 0.747895, -0.901434], [-0.215055, -0.2953, -0.518667], [-0.23571, -0.309584, -0.499393], [-0.033732, 0.186358, 0.060535], [-0.04962, 0.117757, 0.074404], [-0.000745, 0.00075, -0.003642], [-0.00025, -0.002459, -0.006426], [-0.001562, -0.003339, -0.004311], [-0.003523, -0.003945, -0.000434], [-0.007266, 0.003517, 0.002941], [-0.005475, -0.007496, 0.002817], [-0.007839, -7e-05, 0.014038]],
 "magmom": 3.0821288,
 "magmoms": [0.477, 0.503, 0.494, 0.48, -0.012, -0.01, -0.037, -0.036, -0.047, -0.048, 0.012, 0.017, 0.015, 0.022, 0.029, 0.027, -0.008, -0.002, -0.006, -0.011, -0.01, -0.011, 0.008, 0.0, 0.007, -0.001, 0.005, 0.005, 0.013, 0.009, 0.006, 0.003, 0.0, 0.001, 0.001, -0.034, -0.004, 0.016, 0.016, 0.01, 0.008, 0.345, 0.35, -0.046, -0.064, 0.05, 0.053, -0.028, -0.033, 0.041, 0.04, 0.011, -0.023, 0.0],
 "mtime": 18.97612933012075,
 "numbers": [8, 8, 8, 8, 8, 8, 8, 8, 8, 8, 8, 8, 8, 8, 8, 8, 8, 8, 8, 8, 8, 8, 8, 8, 8, 8, 8, 8, 8, 8, 8, 8, 8, 8, 8, 8, 8, 8, 8, 8, 8, 77, 77, 77, 77, 77, 77, 77, 77, 77, 77, 77, 77, 1],
 "pbc": [true, true, true],
 "positions": [[5.09191, 4.03131, 7.5], [0.93881, 1.46306, 7.5], [4.81759, 1.43768, 8.12009], [0.35875, 4.00594, 8.12009], [7.312, 0.61358, 8.88952], [2.85316, 3.18184, 8.88952], [2.57876, 0.5881, 9.50961], [6.73186, 3.15636, 9.50961], [4.71607, 4.81134, 10.1297], [0.56306, 2.24309, 10.1297], [4.33912, 2.21155, 10.89878], [-0.11972, 4.77986, 10.89878], [2.32316, 3.86653, 11.51887], [6.782, 1.29828, 11.51887], [6.20194, 3.84111, 12.13896], [2.04884, 1.27285, 12.13896], [4.54325, 0.4488, 12.9084], [0.08441, 3.01706, 12.9084], [3.96312, 2.99153, 13.52849], [8.42196, 0.42327, 13.52849], [1.94982, 4.6392, 14.14951], [6.41118, 2.07089, 14.14506], [5.71997, 4.61234, 14.93798], [1.57449, 2.06593, 14.91866], [3.99535, 1.11776, 15.54823], [8.1403, 3.71772, 15.5168], [3.41609, 3.64354, 16.1474], [7.90723, 1.13653, 16.16661], [1.76666, 0.30195, 16.92178], [5.96325, 2.84367, 16.94183], [5.65862, 0.28315, 17.49907], [1.18801, 2.86002, 17.53818], [3.67471, 1.88952, 18.14158], [7.8635, 4.47407, 18.10337], [2.82813, 4.29551, 18.91263], [7.24482, 1.59548, 19.04667], [5.38466, 3.57651, 19.4597], [1.24804, 0.92139, 19.47386], [4.94476, 0.95154, 20.16556], [0.5427, 3.45024, 20.16221], [5.80378, 1.08431, 21.28306], [3.68246, 4.87801, 8.50463], [8.14139, 2.30976, 8.50463], [6.60415, 4.79557, 10.51424], [2.45105, 2.22732, 10.51424], [0.9138, 4.71318, 12.5235], [5.37264, 2.14493, 12.5235], [3.83602, 4.62859, 14.54812], [8.30235, 2.07385, 14.53688], [6.75458, 4.58189, 16.55832], [2.573, 1.95237, 16.56711], [1.07857, 4.43081, 18.80035], [5.57062, 2.0158, 18.64864], [5.59217, 0.24636, 21.75384]],
 "stress": [0.009036250942652627, 0.006079473307466203, 0.0024311364611319134, 0.001434922948040561, -0.003736491921228264, 0.00025610160245324187],
 "unique_id": "7107b7b1b068cf5a4d669f2323a2c752",
 "user": "raul_desktop"},
"ids": [1],
"nextid": 2}
