{"1": {
 "calculator": "unknown",
 "calculator_parameters": {"energy": -416.3401344},
 "cell": [[7.0938, 0.0, 0.0], [-0.371174258, 7.084082729, 0.0], [0.0, 0.0, 27.8371]],
 "constraints": [{"name": "FixAtoms", "kwargs": {"indices": [0, 1, 2, 3, 8, 9, 10, 11, 16, 17, 18, 19, 24, 25, 26, 27, 32, 33, 34, 35, 40, 41, 42, 43, 48, 49, 50, 51, 56, 57, 58, 59]}}],
 "ctime": 18.976128357789356,
 "energy": -416.3401344,
 "forces": [[-0.16664, -0.742353, 2.310458], [-0.150967, -0.729789, 2.310736], [-0.452281, -0.222214, -0.191965], [-0.39148, -0.196295, -0.281029], [-0.003739, -0.005546, 0.003101], [0.000352, -0.00441, 0.003428], [0.001907, 0.007866, -0.021731], [0.01105, -0.022941, -0.020493], [0.752327, 0.212947, 2.322084], [0.721243, 0.20904, 2.305477], [0.203257, 0.437152, -0.174739], [0.1404, 0.428489, -0.250844], [-0.001315, 0.000915, -0.002012], [0.001319, 0.000706, 0.005206], [0.012229, -0.019924, 0.004951], [0.002221, -0.012, 0.003698], [-0.290368, -0.268461, 0.135155], [-0.31356, -0.245695, 0.199667], [0.036578, 0.141332, -0.033609], [0.135041, 0.166358, 0.125422], [0.003838, -0.009023, -0.006999], [-0.003109, -0.010756, 0.00126], [-0.041285, -0.006099, -0.011014], [0.00516, -0.00176, 0.049158], [-0.426737, 0.103916, -1.095661], [-0.431676, 0.103497, -1.083663], [-0.127691, -0.096137, -0.052796], [-0.124493, -0.089083, -0.026586], [0.004022, -0.001574, -0.001484], [0.001751, -0.007645, 0.003216], [0.019619, -0.01784, 0.017584], [-0.008454, -0.007509, -0.017666], [-0.061617, -0.135904, -1.217924], [-0.057202, -0.121363, -1.209011], [0.325266, -0.03013, 0.037414], [0.284804, -0.02708, 0.028257], [0.002583, -0.001281, -0.003287], [-0.00201, -0.000494, 0.004505], [-0.006996, -0.015689, -0.017341], [0.002091, -0.004788, -0.007951], [0.292186, 0.301035, 0.208466], [0.274462, 0.299523, 0.19506], [-0.174013, -0.173424, 0.100453], [-0.129604, -0.142226, 0.009289], [-0.002035, -0.007638, -0.019516], [0.004337, 0.018441, -0.003035], [-0.005458, -0.003001, 0.004629], [-0.072083, -0.012841, 0.016657], [-0.108086, 0.420443, -1.079665], [-0.120285, 0.445253, -1.071743], [0.045627, 0.157688, -0.030687], [0.034049, 0.190163, -0.02226], [0.000587, 0.013052, 0.000283], [-0.00322, 0.003698, 0.002311], [0.013205, -0.003055, -0.008074], [0.002079, -0.025424, 0.035977], [0.107772, 0.063683, -1.190005], [0.113916, 0.084598, -1.200843], [0.050564, -0.311298, 0.030245], [0.03009, -0.287821, 0.002145], [0.005264, 0.007181, 0.00441], [0.001294, -0.003332, 0.003313], [0.004916, -0.046418, 0.029683], [-0.000369, 0.006178, -0.010415], [0.008638, 0.067027, -0.018424], [0.020729, 0.180077, -0.131227]],
 "magmom": -0.0007801,
 "magmoms": [0.0, 0.0, 0.0, -0.0, 0.0, -0.0, 0.0, -0.0, 0.0, 0.0, -0.0, 0.0, 0.0, 0.0, -0.0, 0.0, 0.0, 0.0, 0.0, 0.0, 0.0, -0.0, 0.0, -0.0, -0.0, 0.0, 0.0, -0.0, -0.0, 0.0, -0.0, 0.0, 0.0, 0.0, 0.0, -0.0, 0.0, 0.0, 0.0, -0.0, 0.0, -0.0, 0.0, -0.0, 0.0, -0.0, -0.0, -0.001, 0.0, 0.0, 0.0, -0.0, 0.0, -0.0, -0.0, 0.0, 0.0, 0.0, -0.0, 0.0, 0.0, 0.0, -0.0, 0.0, -0.001, -0.0],
 "mtime": 18.976128357789356,
 "numbers": [77, 77, 77, 77, 77, 77, 77, 77, 77, 77, 77, 77, 77, 77, 77, 77, 8, 8, 8, 8, 8, 8, 8, 8, 8, 8, 8, 8, 8, 8, 8, 8, 8, 8, 8, 8, 8, 8, 8, 8, 8, 8, 8, 8, 8, 8, 8, 8, 8, 8, 8, 8, 8, 8, 8, 8, 8, 8, 8, 8, 8, 8, 8, 8, 8, 1],
 "pbc": [true, true, true],
 "positions": [[3.35522, 2.67054, 8.04604], [6.71654, 6.21258, 8.04604], [-0.00602, 2.49443, 11.58361], [3.35529, 6.03647, 11.58361], [-0.02285, 5.85473, 15.12661], [3.71007, 2.32749, 15.11772], [0.38621, 2.05953, 18.77514], [3.70637, 5.64157, 18.71687], [3.16964, 6.21258, 8.04604], [6.90212, 2.67054, 8.04604], [-0.19161, 6.03647, 11.58361], [3.54088, 2.49443, 11.58361], [0.16844, 2.31565, 15.13553], [3.53239, 5.87229, 15.12078], [0.21108, 5.64043, 18.75187], [3.9231, 2.09171, 18.65675], [2.92937, 2.03588, 9.81482], [6.29068, 5.57792, 9.81482], [2.92936, 5.40181, 13.35239], [6.66185, 1.85977, 13.35239], [3.30186, 1.68305, 16.89008], [6.73794, 5.29418, 16.93078], [0.06761, 1.3656, 20.36798], [3.25068, 5.06056, 20.3882], [1.58182, 2.15121, 7.50024], [4.94313, 5.69325, 7.50024], [1.58181, 5.51714, 11.03781], [5.3143, 1.9751, 11.03781], [1.94163, 1.78043, 14.58466], [5.30379, 5.32873, 14.57096], [1.95921, 5.06655, 18.08075], [5.68081, 1.54749, 18.14287], [1.39621, 6.73199, 8.59184], [5.1287, 3.18995, 8.59184], [1.76738, 3.01384, 12.12941], [5.12869, 6.55588, 12.12941], [1.75765, 6.40858, 15.64499], [5.47762, 2.8728, 15.65618], [2.16716, 2.67863, 19.22748], [5.49156, 6.1824, 19.1974], [0.41977, 3.12895, 9.81482], [3.78108, 6.67099, 9.81482], [0.41976, 6.49488, 13.35239], [4.15225, 2.95284, 13.35239], [0.67813, 2.64682, 16.95519], [4.09013, 6.20788, 16.92321], [0.86225, 6.062, 20.33969], [4.46024, 2.14381, 20.58571], [0.23422, 4.46877, 7.5], [3.96671, 0.92672, 7.5], [0.60539, 0.75061, 11.03756], [3.9667, 4.29265, 11.03756], [0.61278, 4.11162, 14.60248], [4.3486, 0.58154, 14.5822], [1.02307, 0.35223, 18.10094], [4.38512, 3.88037, 18.21261], [2.74381, 4.41436, 8.59184], [6.4763, 0.87232, 8.59184], [3.11505, 0.69621, 12.12941], [6.47636, 4.23825, 12.12941], [3.07183, 4.06004, 15.645], [6.79467, 0.51004, 15.64467], [3.42121, 0.29243, 19.19176], [6.80118, 3.82733, 19.22235], [3.92844, 2.98619, 21.48442], [3.54238, 3.86764, 20.96951]],
 "stress": [4.810955234230815e-05, -0.0017195732132355927, 0.0037603969011803973, -0.0005171901706980645, -0.0005084021258488208, -0.0006702569405012254],
 "unique_id": "c6fb99820a05b53362e69bae20f8138f",
 "user": "raul_desktop"},
"ids": [1],
"nextid": 2}
