{"1": {
 "calculator": "unknown",
 "calculator_parameters": {"energy": -417.49008735},
 "cell": [[7.0938, 0.0, 0.0], [-0.371174258, 7.084082729, 0.0], [0.0, 0.0, 28.18912]],
 "constraints": [{"name": "FixAtoms", "kwargs": {"indices": [0, 1, 2, 3, 8, 9, 10, 11, 16, 17, 18, 19, 24, 25, 26, 27, 32, 33, 34, 35, 40, 41, 42, 43, 47, 48, 49, 50, 55, 56, 57, 58]}}],
 "ctime": 18.97612927778597,
 "energy": -417.49008735,
 "forces": [[-0.14238, -0.747012, 2.248581], [-0.188294, -0.76091, 2.34007], [-0.384384, -0.208725, -0.234461], [-0.424742, -0.218004, -0.290115], [0.000954, -0.004035, 0.005587], [-0.001709, 0.003671, -0.001126], [-0.007893, -0.000944, 0.009883], [-0.015692, 0.001229, 0.001204], [0.739595, 0.220342, 2.282307], [0.771091, 0.198994, 2.284585], [0.146029, 0.422194, -0.232782], [0.182898, 0.415056, -0.368298], [0.002524, -0.004004, 0.002635], [-0.004929, -0.004563, -0.000147], [-0.009735, 0.001578, -0.008961], [-0.004878, 0.001543, 0.00116], [-0.334667, -0.294756, 0.148216], [-0.296353, -0.292009, 0.162573], [0.045272, 0.099626, 0.158921], [-0.012473, 0.122153, 0.199741], [-0.000412, 0.006547, 0.008446], [0.00062, 0.002711, -0.001154], [-0.013641, 0.012337, -0.007456], [-0.007431, 0.002604, 0.004758], [-0.385434, 0.114225, -1.060287], [-0.408031, 0.107066, -1.091213], [-0.121802, -0.076404, -0.027353], [-0.062236, -0.08481, -0.042134], [-0.000156, -0.003991, -0.002122], [-0.005846, -0.006126, -0.004398], [-0.006383, 0.006114, -0.01078], [0.013368, -0.006246, -0.005678], [-0.058073, -0.110044, -1.228903], [-0.088269, -0.123604, -1.205195], [0.246842, -0.012316, 0.08317], [0.314213, 0.008815, 0.050806], [-0.002195, -0.000895, -0.005193], [-0.004983, 0.000406, -0.001903], [-0.001259, 0.005391, -0.005484], [0.004717, -0.002918, 0.006148], [0.250433, 0.330616, 0.14455], [0.309135, 0.296001, 0.165361], [-0.134772, -0.148262, 0.227815], [-0.003901, 0.032874, -0.194306], [-0.00795, 0.001276, -0.002757], [-6e-05, -0.007384, 0.012479], [-0.003987, -0.001818, 0.015941], [-0.103155, 0.427362, -1.091884], [-0.115103, 0.406462, -1.04499], [0.075262, 0.195536, -0.075351], [0.04712, 0.168812, -0.051993], [-0.003574, 0.005861, -0.004937], [0.005099, -0.00177, 0.000605], [-0.001448, -0.010058, 0.002548], [-0.008641, 0.005333, 0.002709], [0.107955, 0.061642, -1.178257], [0.110325, 0.055116, -1.199097], [0.017646, -0.282839, 0.060694], [0.014952, -0.304333, 0.036577], [-0.006783, -0.001095, -0.005528], [0.003324, 0.000148, 0.002393], [-0.013273, -0.001154, -0.002475], [-0.000351, 0.0056, 0.008913], [0.00144, -0.010124, -0.000216], [-0.011605, -0.009463, 0.005931], [-0.001932, -0.004623, 0.001625]],
 "magmoms": [-0.0, 0.0, 0.0, -0.0, 0.0, -0.0, 0.0, 0.0, 0.0, 0.0, -0.0, -0.0, -0.0, 0.0, 0.0, -0.0, -0.0, 0.0, -0.0, 0.0, -0.0, -0.0, 0.0, 0.0, 0.0, -0.0, 0.0, -0.0, 0.0, -0.0, 0.0, -0.0, 0.0, -0.0, -0.0, -0.0, 0.0, -0.0, -0.0, -0.0, 0.0, -0.0, -0.0, 0.0, 0.0, -0.0, 0.0, -0.0, -0.0, 0.0, 0.0, -0.0, -0.0, 0.0, -0.0, 0.0, 0.0, -0.0, -0.0, 0.0, 0.0, -0.0, -0.0, 0.0, -0.0, 0.0],
 "mtime": 18.97612927778597,
 "numbers": [77, 77, 77, 77, 77, 77, 77, 77, 77, 77, 77, 77, 77, 77, 77, 77, 8, 8, 8, 8, 8, 8, 8, 8, 8, 8, 8, 8, 8, 8, 8, 8, 8, 8, 8, 8, 8, 8, 8, 8, 8, 8, 8, 8, 8, 8, 8, 8, 8, 8, 8, 8, 8, 8, 8, 8, 8, 8, 8, 8, 8, 8, 8, 1, 1, 1],
 "pbc": [true, true, true],
 "positions": [[3.36321, 2.32379, 8.04604], [6.72453, 5.86583, 8.04604], [0.00197, 2.14768, 11.58361], [3.36328, 5.68972, 11.58361], [-0.0126, 5.50626, 15.13154], [3.72843, 1.98526, 15.094], [0.36364, 1.73845, 18.72274], [3.74441, 5.31285, 18.69594], [3.17763, 5.86583, 8.04604], [6.91011, 2.32379, 8.04604], [-0.18362, 5.68972, 11.58361], [3.54887, 2.14768, 11.58361], [0.18353, 1.9743, 15.1302], [3.54562, 5.52246, 15.12604], [0.16394, 5.27589, 18.70131], [3.85838, 1.71549, 18.55167], [2.93736, 1.68913, 9.81482], [6.29867, 5.23117, 9.81482], [2.93735, 5.05506, 13.35239], [6.66984, 1.51302, 13.35239], [3.2332, 1.28647, 16.84605], [6.65781, 4.88756, 16.90842], [0.07736, 1.13108, 20.52142], [3.24989, 4.78884, 20.53831], [1.58981, 1.80446, 7.50024], [4.95112, 5.3465, 7.50024], [1.5898, 5.17039, 11.03781], [5.32229, 1.62835, 11.03781], [1.94307, 1.46082, 14.56478], [5.31466, 4.98838, 14.56682], [1.95934, 4.79698, 18.17211], [5.67457, 1.23496, 18.23588], [1.4042, 6.38524, 8.59184], [5.13669, 2.8432, 8.59184], [1.77537, 2.66709, 12.12941], [5.13668, 6.20913, 12.12941], [1.7593, 6.05065, 15.66989], [5.48957, 2.50551, 15.68291], [2.17502, 2.32043, 19.24399], [5.497, 5.84585, 19.27816], [0.42776, 2.7822, 9.81482], [3.78907, 6.32424, 9.81482], [0.42775, 6.14813, 13.35239], [4.16024, 2.60609, 13.35239], [0.72113, 2.37695, 16.93312], [4.1385, 5.94388, 16.91818], [0.68016, 5.76076, 20.54118], [0.24221, 4.12202, 7.5], [3.9747, 0.57997, 7.5], [0.61338, 0.40386, 11.03756], [3.97469, 3.9459, 11.03756], [0.61046, 3.77081, 14.57554], [4.34085, 0.22845, 14.57368], [0.61554, 7.08148, 18.16432], [4.33983, 3.53774, 18.27077], [2.7518, 4.06761, 8.59184], [6.48429, 0.52557, 8.59184], [3.12304, 0.34946, 12.12941], [6.48435, 3.8915, 12.12941], [3.097, 3.71964, 15.6725], [6.81985, 0.17118, 15.65843], [3.11043, 7.07633, 19.26734], [6.83339, 3.49892, 19.25995], [0.4221, 0.1883, 20.67434], [2.82851, 3.9003, 20.4877], [1.66754, 5.67932, 20.66658]],
 "stress": [0.0007248514208253264, 0.0002530245384541814, 0.002789355394393731, 8.167638842130831e-05, -0.0007232411114708484, -0.000530952698320637],
 "unique_id": "dfa06052c311f1230efea1c42952e77a",
 "user": "raul_desktop"},
"ids": [1],
"nextid": 2}
