{"1": {
 "calculator": "unknown",
 "calculator_parameters": {"energy": -422.5356775},
 "cell": [[7.0938, 0.0, 0.0], [-0.371174258, 7.084082729, 0.0], [0.0, 0.0, 28.18912]],
 "constraints": [{"name": "FixAtoms", "kwargs": {"indices": [0, 1, 2, 3, 8, 9, 10, 11, 16, 17, 18, 19, 24, 25, 26, 27, 32, 33, 34, 35, 40, 41, 42, 43, 48, 49, 50, 51, 56, 57, 58, 59]}}],
 "ctime": 18.97612927930015,
 "energy": -422.5356775,
 "forces": [[-0.157344, -0.739697, 2.316767], [-0.18018, -0.787396, 2.340589], [-0.39317, -0.172026, -0.245296], [-0.456947, -0.171655, -0.213115], [0.000395, 0.003478, -0.00054], [0.001369, -0.001888, 0.004055], [0.004504, 0.009974, 0.003454], [0.001601, -0.008549, -0.004749], [0.73028, 0.21715, 2.344599], [0.744913, 0.227354, 2.348532], [0.18515, 0.43107, -0.262978], [0.230744, 0.488836, -0.157553], [0.000525, 0.000253, -0.003694], [-0.002605, 0.000207, -0.007892], [0.00637, -0.005726, 0.001744], [0.001814, 0.012165, -0.003888], [-0.33585, -0.296068, 0.197103], [-0.299769, -0.299952, 0.139764], [0.047371, 0.094829, -0.003189], [0.069302, 0.105343, 0.044251], [-0.000301, 0.004534, -0.003268], [-0.001598, 0.000137, 0.012336], [0.004023, -0.004687, 0.009042], [0.001053, -0.004187, 0.002871], [-0.414512, 0.095065, -1.073567], [-0.409265, 0.120392, -1.078261], [-0.123092, -0.086568, -0.031024], [-0.089726, -0.102628, -0.056762], [-0.012991, 0.001909, 0.006779], [0.000533, 0.004304, -0.001264], [0.004193, 0.001099, 0.000928], [0.001101, 0.006864, 0.00089], [-0.056142, -0.099555, -1.231065], [-0.058607, -0.127792, -1.248867], [0.240381, -0.012575, 0.025482], [0.296208, -0.003951, 0.039515], [0.00195, 0.001363, -0.005331], [0.003771, 0.000628, -0.007069], [0.002107, 0.000944, 0.000298], [0.000652, 0.001763, -0.00258], [0.26501, 0.320077, 0.115692], [0.277734, 0.288392, 0.13866], [-0.122262, -0.103581, 0.16514], [-0.200678, -0.123413, 0.091196], [0.009346, 0.004824, -0.006426], [-0.002418, 0.005944, -0.007669], [0.012507, -0.011383, 0.007568], [-0.002077, 0.002092, 0.001917], [-0.104155, 0.432236, -1.083997], [-0.096579, 0.417974, -1.100012], [0.062216, 0.175795, -0.051634], [0.068825, 0.155286, -0.055839], [0.001483, 0.00419, -0.003242], [-0.00668, -0.007584, 0.010972], [0.003081, -0.005512, -0.003216], [0.004284, -0.007458, 0.003748], [0.106227, 0.058781, -1.237678], [0.109388, 0.071808, -1.229098], [0.007411, -0.300714, 0.012286], [0.0124, -0.31117, 0.031625], [0.005898, 0.001629, -0.003337], [-0.00339, -0.000218, -0.000551], [0.00276, 0.003701, 0.006402], [-0.004591, 0.005095, 0.001929], [0.004869, 0.005813, 0.004066], [-0.000207, 0.003533, -0.000551], [0.001388, 0.009106, -0.004997]],
 "magmom": 1.41e-05,
 "magmoms": [-0.0, -0.0, 0.0, 0.0, 0.0, -0.0, 0.0, 0.0, -0.0, 0.0, -0.0, 0.0, 0.0, -0.0, -0.0, 0.0, -0.0, -0.0, 0.0, -0.0, -0.0, -0.0, 0.0, 0.0, -0.0, -0.0, -0.0, 0.0, 0.0, 0.0, 0.0, -0.0, -0.0, 0.0, -0.0, 0.0, -0.0, -0.0, -0.0, -0.0, 0.0, -0.0, 0.0, 0.0, 0.0, -0.0, -0.0, 0.0, -0.0, -0.0, 0.0, 0.0, -0.0, 0.0, 0.0, 0.0, -0.0, 0.0, -0.0, -0.0, -0.0, 0.0, -0.0, -0.0, 0.0, -0.0, -0.0],
 "mtime": 18.97612927930015,
 "numbers": [77, 77, 77, 77, 77, 77, 77, 77, 77, 77, 77, 77, 77, 77, 77, 77, 8, 8, 8, 8, 8, 8, 8, 8, 8, 8, 8, 8, 8, 8, 8, 8, 8, 8, 8, 8, 8, 8, 8, 8, 8, 8, 8, 8, 8, 8, 8, 8, 8, 8, 8, 8, 8, 8, 8, 8, 8, 8, 8, 8, 8, 8, 8, 8, 1, 1, 1],
 "pbc": [true, true, true],
 "positions": [[3.36321, 2.32379, 8.04604], [6.72453, 5.86583, 8.04604], [0.00197, 2.14768, 11.58361], [3.36328, 5.68972, 11.58361], [-0.01914, 5.51068, 15.12297], [3.72565, 1.98052, 15.12948], [0.35132, 1.74659, 18.68688], [3.73063, 5.29566, 18.65202], [3.17763, 5.86583, 8.04604], [6.91011, 2.32379, 8.04604], [-0.18362, 5.68972, 11.58361], [3.54887, 2.14768, 11.58361], [0.18586, 1.98234, 15.12371], [3.53607, 5.52733, 15.12588], [0.1455, 5.27619, 18.68829], [3.93096, 1.76157, 18.77233], [2.93736, 1.68913, 9.81482], [6.29867, 5.23117, 9.81482], [2.93735, 5.05506, 13.35239], [6.66984, 1.51302, 13.35239], [3.40753, 1.43127, 16.93922], [6.64878, 4.87747, 16.89284], [0.01588, 1.16436, 20.48674], [3.32053, 4.6889, 20.49169], [1.58981, 1.80446, 7.50024], [4.95112, 5.3465, 7.50024], [1.5898, 5.17039, 11.03781], [5.32229, 1.62835, 11.03781], [1.95634, 1.44512, 14.58045], [5.31027, 4.98961, 14.56483], [1.93459, 4.78316, 18.22923], [5.70171, 1.2013, 18.13533], [1.4042, 6.38524, 8.59184], [5.13669, 2.8432, 8.59184], [1.77537, 2.66709, 12.12941], [5.13668, 6.20913, 12.12941], [1.75389, 6.06082, 15.67255], [5.50557, 2.52837, 15.63674], [2.1159, 2.2976, 19.15848], [5.482, 5.83752, 19.28769], [0.42776, 2.7822, 9.81482], [3.78907, 6.32424, 9.81482], [0.42775, 6.14813, 13.35239], [4.16024, 2.60609, 13.35239], [0.7348, 2.39342, 16.90558], [4.14521, 5.95302, 16.90811], [0.63768, 5.74489, 20.5435], [4.55954, 2.2297, 20.34724], [0.24221, 4.12202, 7.5], [3.9747, 0.57997, 7.5], [0.61338, 0.40386, 11.03756], [3.97469, 3.9459, 11.03756], [0.61941, 3.77741, 14.56526], [4.34936, 0.23368, 14.58369], [0.59606, 7.06716, 18.14981], [4.35747, 3.59826, 18.10618], [2.7518, 4.06761, 8.59184], [6.48429, 0.52557, 8.59184], [3.12304, 0.34946, 12.12941], [6.48435, 3.8915, 12.12941], [3.08573, 3.73086, 15.66393], [6.82154, 0.17394, 15.65109], [3.06288, 7.04151, 19.20825], [6.78477, 3.49017, 19.22642], [0.31112, 0.21133, 20.6325], [4.09258, 4.87089, 21.06632], [1.58318, 5.50908, 20.72194]],
 "stress": [0.000152748452837741, -4.0944299865794176e-05, 0.0032336634630288573, 0.000262561564398531, -0.0010224465759474401, -0.0011940880769092297],
 "unique_id": "fe507a3aa40f07474fe19c41f00ca8ad",
 "user": "raul_desktop"},
"ids": [1],
"nextid": 2}
