{"1": {
 "calculator": "unknown",
 "calculator_parameters": {"energy": -432.22989477},
 "cell": [[7.0938, 0.0, 0.0], [-0.371174258, 7.084082729, 0.0], [0.0, 0.0, 28.18912]],
 "constraints": [{"name": "FixAtoms", "kwargs": {"indices": [0, 1, 2, 3, 8, 9, 10, 11, 16, 17, 18, 19, 24, 25, 26, 27, 32, 33, 34, 35, 40, 41, 42, 43, 48, 49, 50, 51, 56, 57, 58, 59]}}],
 "ctime": 18.976129278425255,
 "energy": -432.22989477,
 "forces": [[-0.147418, -0.76102, 2.27027], [-0.188836, -0.766167, 2.326713], [-0.416347, -0.194408, -0.235122], [-0.398473, -0.215189, -0.298688], [-0.000118, -0.006992, -0.004576], [0.003139, -0.009098, -0.004238], [-0.00831, -0.02063, -0.028145], [0.016868, -0.017403, -0.023601], [0.75633, 0.205617, 2.282496], [0.762926, 0.209711, 2.312178], [0.171256, 0.40552, -0.266386], [0.207474, 0.42346, -0.252729], [-0.001027, -0.007623, -0.001949], [-0.003097, -0.010226, -0.00729], [0.012437, -0.005295, -0.008882], [-0.002334, -0.023703, 0.000849], [-0.34192, -0.277635, 0.14083], [-0.298253, -0.290794, 0.160767], [-0.005534, 0.106476, 0.128094], [0.090869, 0.162257, 0.234418], [-0.014802, -0.002137, -0.023512], [0.00833, -0.012356, -0.007829], [-0.011776, -0.032991, 0.011197], [0.063281, -0.073254, 0.035418], [-0.399376, 0.107288, -1.075847], [-0.400358, 0.108218, -1.071769], [-0.115346, -0.069841, -0.024055], [-0.110256, -0.086202, -0.041747], [-0.007569, 0.00759, -0.005239], [0.002304, -0.001377, 0.00954], [0.028804, -0.005955, -0.00224], [0.003009, -0.034512, -0.020302], [-0.068814, -0.111954, -1.219835], [-0.078619, -0.118125, -1.211998], [0.276061, -0.006906, 0.062742], [0.289275, 0.005759, 0.066346], [0.017808, 0.003058, -0.001839], [6e-06, -0.008382, 0.005144], [0.001739, -0.033379, 0.001847], [0.004169, -0.015633, -0.011194], [0.261094, 0.316049, 0.147949], [0.283646, 0.313106, 0.139846], [-0.114766, -0.088506, 0.185113], [-0.129687, -0.042799, 0.179264], [0.005549, -0.009463, -0.00378], [0.012051, -0.006373, -0.012556], [0.026108, -0.020202, 0.004037], [0.0043, -0.029812, -0.015566], [-0.101994, 0.428661, -1.093044], [-0.121988, 0.419753, -1.054333], [0.066773, 0.201681, -0.073677], [0.052121, 0.152547, -0.05415], [-0.0177, 0.006608, -0.004723], [-0.009884, -0.01547, 0.012272], [-0.007864, -0.035298, -0.003007], [-0.001008, -0.030943, 0.001752], [0.102043, 0.06375, -1.193944], [0.105405, 0.064628, -1.204252], [0.014415, -0.264713, 0.064672], [0.0108, -0.316707, 0.029259], [-0.002419, -0.004111, -0.002289], [0.004378, -0.009985, -0.000515], [0.002494, -0.025879, -0.009459], [0.002885, -0.017797, 0.006477], [0.099416, 0.095478, -0.032676], [-0.062718, 0.011544, -0.019842], [-0.039129, -0.020588, 0.029486], [-0.04647, 0.090879, -0.031961], [-0.095357, 0.248194, -0.19019]],
 "magmom": 0.7251788,
 "magmoms": [-0.034, -0.001, 0.001, 0.006, -0.005, 0.009, 0.05, 0.014, 0.01, -0.004, 0.007, -0.016, -0.007, 0.005, 0.012, -0.092, -0.029, 0.006, -0.002, 0.004, -0.06, 0.006, 0.021, 0.003, -0.001, -0.002, -0.001, -0.001, 0.005, -0.001, -0.006, -0.013, -0.001, -0.003, 0.0, 0.004, -0.004, -0.005, -0.023, 0.005, -0.009, 0.008, -0.001, 0.018, -0.007, 0.01, 0.007, 0.377, 0.002, -0.002, 0.001, 0.001, -0.002, 0.002, 0.009, -0.011, -0.003, -0.001, -0.0, -0.0, 0.003, 0.005, 0.004, 0.007, 0.323, 0.001, 0.0, 0.0, -0.002],
 "mtime": 18.976129278425255,
 "numbers": [77, 77, 77, 77, 77, 77, 77, 77, 77, 77, 77, 77, 77, 77, 77, 77, 8, 8, 8, 8, 8, 8, 8, 8, 8, 8, 8, 8, 8, 8, 8, 8, 8, 8, 8, 8, 8, 8, 8, 8, 8, 8, 8, 8, 8, 8, 8, 8, 8, 8, 8, 8, 8, 8, 8, 8, 8, 8, 8, 8, 8, 8, 8, 8, 8, 1, 1, 1, 1],
 "pbc": [true, true, true],
 "positions": [[3.36321, 2.32379, 8.04604], [6.72453, 5.86583, 8.04604], [0.00197, 2.14768, 11.58361], [3.36328, 5.68972, 11.58361], [-0.0181, 5.51695, 15.1285], [3.72583, 1.98833, 15.12893], [0.37889, 1.77278, 18.72075], [3.73134, 5.31359, 18.64059], [3.17763, 5.86583, 8.04604], [6.91011, 2.32379, 8.04604], [-0.18362, 5.68972, 11.58361], [3.54887, 2.14768, 11.58361], [0.18332, 1.98391, 15.13388], [3.5369, 5.53143, 15.12122], [0.1387, 5.30304, 18.68477], [3.90306, 1.73304, 18.68951], [2.93736, 1.68913, 9.81482], [6.29867, 5.23117, 9.81482], [2.93735, 5.05506, 13.35239], [6.66984, 1.51302, 13.35239], [3.31527, 1.33699, 16.91385], [6.61692, 4.9071, 16.90662], [0.12161, 1.18009, 20.52483], [3.24351, 4.59862, 20.51943], [1.58981, 1.80446, 7.50024], [4.95112, 5.3465, 7.50024], [1.5898, 5.17039, 11.03781], [5.32229, 1.62835, 11.03781], [1.95363, 1.45517, 14.5954], [5.31046, 5.0022, 14.56328], [1.93207, 4.80893, 18.17356], [5.69481, 1.23231, 18.237], [1.4042, 6.38524, 8.59184], [5.13669, 2.8432, 8.59184], [1.77537, 2.66709, 12.12941], [5.13668, 6.20913, 12.12941], [1.7533, 6.05695, 15.68016], [5.49146, 2.52947, 15.66808], [2.15398, 2.3763, 19.25325], [5.4741, 5.85712, 19.28852], [0.42776, 2.7822, 9.81482], [3.78907, 6.32424, 9.81482], [0.42775, 6.14813, 13.35239], [4.16024, 2.60609, 13.35239], [0.72251, 2.40421, 16.93535], [4.16094, 5.97673, 16.9114], [0.62689, 5.79031, 20.55529], [4.44753, 1.72251, 20.70706], [0.24221, 4.12202, 7.5], [3.9747, 0.57997, 7.5], [0.61338, 0.40386, 11.03756], [3.97469, 3.9459, 11.03756], [0.61309, 3.77873, 14.57941], [4.33806, 0.2425, 14.58457], [0.98155, 0.02273, 18.17067], [4.35191, 3.56028, 18.24799], [2.7518, 4.06761, 8.59184], [6.48429, 0.52557, 8.59184], [3.12304, 0.34946, 12.12941], [6.48435, 3.8915, 12.12941], [3.0931, 3.73401, 15.68164], [6.81875, 0.18314, 15.66363], [3.06675, 7.01827, 19.26478], [6.81779, 3.52414, 19.26309], [4.41919, 2.72816, 21.57462], [0.36402, 0.19795, 20.65524], [2.49686, 3.98558, 20.30054], [1.60354, 5.86816, 20.66375], [3.98472, 3.66307, 21.07892]],
 "stress": [0.00020755514447212185, 0.0005660362211172269, 0.004893624022603139, -0.0003435389037977404, -0.0007582434946488017, -0.0007004408786339969],
 "unique_id": "aac5795fbd4ccb3fe47f9a0cdf9b29fb",
 "user": "raul_desktop"},
"ids": [1],
"nextid": 2}
