{"1": {
 "calculator": "unknown",
 "calculator_parameters": {"energy": -432.02352737},
 "cell": [[7.0938, 0.0, 0.0], [-0.371174258, 7.084082729, 0.0], [0.0, 0.0, 28.18912]],
 "constraints": [{"name": "FixAtoms", "kwargs": {"indices": [0, 1, 2, 3, 8, 9, 10, 11, 16, 17, 18, 19, 24, 25, 26, 27, 32, 33, 34, 35, 40, 41, 42, 43, 48, 49, 50, 51, 56, 57, 58, 59]}}],
 "ctime": 18.97612927813129,
 "energy": -432.02352737,
 "forces": [[-0.152611, -0.777859, 2.284661], [-0.193978, -0.771337, 2.346446], [-0.4116, -0.170041, -0.319947], [-0.415108, -0.249376, -0.237773], [0.006285, 0.000626, 0.002617], [0.000112, -0.002866, -0.000825], [-0.003853, 0.00403, -0.011885], [-0.000847, -0.001848, -0.004073], [0.748233, 0.207284, 2.29213], [0.760051, 0.195133, 2.307012], [0.184155, 0.437756, -0.255127], [0.22783, 0.45842, -0.28056], [-0.001179, -0.003515, -0.001999], [0.000349, 0.001388, -0.000676], [0.000366, 0.003696, -0.013398], [0.005892, -0.004551, 0.001683], [-0.347109, -0.261433, 0.183379], [-0.304466, -0.300043, 0.142478], [0.002782, 0.12358, 0.077507], [0.033166, 0.100034, 0.118591], [-0.003451, -0.001556, -0.004268], [0.001323, -0.003311, 0.005453], [0.017727, 0.034053, 0.029304], [0.013035, -0.007008, -0.00119], [-0.422138, 0.111645, -1.05188], [-0.393762, 0.102323, -1.082105], [-0.113209, -0.078155, -0.035883], [-0.096191, -0.078121, -0.008799], [-0.021387, 0.001571, 0.006091], [0.001284, 0.002116, -0.000481], [0.005539, -0.004239, 0.008417], [0.003354, -0.000669, 0.002402], [-0.078281, -0.105688, -1.221301], [-0.044398, -0.101391, -1.191086], [0.264115, -0.013786, 0.071663], [0.293459, 0.013098, 0.034426], [0.001911, 0.003559, 0.003667], [0.003506, -0.003437, 0.007106], [-0.001657, 0.002748, 0.00979], [-0.001769, -0.024029, 0.014956], [0.27294, 0.344493, 0.095894], [0.284941, 0.307964, 0.149052], [-0.123048, -0.107381, 0.129909], [-0.150388, -0.116259, 0.075252], [0.011213, 0.012224, 0.004041], [-0.001547, 0.0091, -0.003761], [0.00633, -0.005944, -0.000667], [-0.016761, 0.006633, 0.006346], [-0.102266, 0.427161, -1.104769], [-0.117627, 0.438443, -1.068291], [0.060728, 0.169487, -0.058025], [0.060232, 0.183559, -0.072826], [-0.002372, 0.004614, -0.005488], [-0.003269, -0.013891, -0.004463], [-0.003779, -0.000555, 0.005166], [0.000196, -0.005574, -0.002876], [0.110372, 0.058073, -1.21013], [0.110516, 0.073437, -1.214135], [0.014846, -0.287441, 0.044974], [0.013558, -0.295577, 0.039263], [0.000693, 1e-06, -0.00174], [0.001972, -0.000226, 0.003021], [0.003874, -0.008275, 0.003125], [-0.010597, 0.005334, 0.006359], [0.017884, -0.025152, -0.002716], [-0.031291, 0.021167, 0.005676], [0.004046, -6.9e-05, -0.001443], [-0.010363, 0.007123, -0.001925], [0.031491, -0.041271, -0.041344]],
 "magmom": -0.2544668,
 "magmoms": [0.008, 0.003, 0.004, 0.003, -0.001, 0.003, -0.008, -0.002, 0.003, -0.007, 0.001, -0.004, -0.011, 0.0, 0.006, -0.017, 0.007, 0.002, -0.003, -0.001, 0.001, 0.005, -0.005, 0.001, -0.0, 0.0, -0.0, 0.001, -0.0, 0.0, 0.0, 0.002, -0.0, -0.003, -0.003, -0.001, -0.001, 0.003, -0.004, 0.001, 0.002, 0.007, -0.002, -0.009, -0.0, 0.007, 0.0, -0.091, 0.001, 0.0, -0.001, 0.0, -0.003, -0.001, -0.002, -0.0, 0.002, -0.001, -0.001, 0.002, -0.0, -0.002, -0.007, -0.011, -0.094, -0.001, -0.0, 0.0, -0.002],
 "mtime": 18.97612927813129,
 "numbers": [77, 77, 77, 77, 77, 77, 77, 77, 77, 77, 77, 77, 77, 77, 77, 77, 8, 8, 8, 8, 8, 8, 8, 8, 8, 8, 8, 8, 8, 8, 8, 8, 8, 8, 8, 8, 8, 8, 8, 8, 8, 8, 8, 8, 8, 8, 8, 8, 8, 8, 8, 8, 8, 8, 8, 8, 8, 8, 8, 8, 8, 8, 8, 8, 8, 1, 1, 1, 1],
 "pbc": [true, true, true],
 "positions": [[3.36321, 2.32379, 8.04604], [6.72453, 5.86583, 8.04604], [0.00197, 2.14768, 11.58361], [3.36328, 5.68972, 11.58361], [-0.02026, 5.51244, 15.12423], [3.7326, 1.97974, 15.12719], [0.37816, 1.77415, 18.67286], [3.70704, 5.31564, 18.68225], [3.17763, 5.86583, 8.04604], [6.91011, 2.32379, 8.04604], [-0.18362, 5.68972, 11.58361], [3.54887, 2.14768, 11.58361], [0.18472, 1.97963, 15.11508], [3.5376, 5.52361, 15.12699], [0.13793, 5.31142, 18.68411], [3.88481, 1.73136, 18.69721], [2.93736, 1.68913, 9.81482], [6.29867, 5.23117, 9.81482], [2.93735, 5.05506, 13.35239], [6.66984, 1.51302, 13.35239], [3.32715, 1.34528, 16.90131], [6.62429, 4.91332, 16.89192], [0.114, 1.24465, 20.5726], [3.19204, 4.81044, 20.52166], [1.58981, 1.80446, 7.50024], [4.95112, 5.3465, 7.50024], [1.5898, 5.17039, 11.03781], [5.32229, 1.62835, 11.03781], [1.9565, 1.4508, 14.57727], [5.30775, 4.99487, 14.55723], [1.92514, 4.79413, 18.13873], [5.68737, 1.23318, 18.22984], [1.4042, 6.38524, 8.59184], [5.13669, 2.8432, 8.59184], [1.77537, 2.66709, 12.12941], [5.13668, 6.20913, 12.12941], [1.75365, 6.05359, 15.67282], [5.4981, 2.52427, 15.67239], [2.13691, 2.36103, 19.23048], [5.46143, 5.88205, 19.26262], [0.42776, 2.7822, 9.81482], [3.78907, 6.32424, 9.81482], [0.42775, 6.14813, 13.35239], [4.16024, 2.60609, 13.35239], [0.74875, 2.40492, 16.90007], [4.12949, 5.93647, 16.91592], [0.64361, 5.78311, 20.52422], [4.38282, 1.72297, 20.63972], [0.24221, 4.12202, 7.5], [3.9747, 0.57997, 7.5], [0.61338, 0.40386, 11.03756], [3.97469, 3.9459, 11.03756], [0.60807, 3.77695, 14.56351], [4.34801, 0.23274, 14.5859], [0.98237, 0.0227, 18.1494], [4.34154, 3.56349, 18.31518], [2.7518, 4.06761, 8.59184], [6.48429, 0.52557, 8.59184], [3.12304, 0.34946, 12.12941], [6.48435, 3.8915, 12.12941], [3.09294, 3.72356, 15.67137], [6.82014, 0.18025, 15.65406], [2.99808, 7.02744, 19.21474], [6.8264, 3.52098, 19.20127], [5.27418, 2.63642, 21.14037], [0.34648, 0.28234, 20.74394], [2.81372, 3.90085, 20.49354], [1.63169, 5.68992, 20.65053], [6.16305, 2.01881, 21.15492]],
 "stress": [0.0002710999488827393, -0.0003040239095217735, 0.0028316228941942133, 0.0002712122960470052, -0.0008633005762556686, -0.0013568728764213908],
 "unique_id": "1b60c64b053df9da0e615da3df677ab2",
 "user": "raul_desktop"},
"ids": [1],
"nextid": 2}
