{"1": {
 "calculator": "unknown",
 "calculator_parameters": {"energy": -432.78610546},
 "cell": [[7.0938, 0.0, 0.0], [-0.371174258, 7.084082729, 0.0], [0.0, 0.0, 28.18912]],
 "constraints": [{"name": "FixAtoms", "kwargs": {"indices": [0, 1, 2, 3, 8, 9, 10, 11, 16, 17, 18, 19, 24, 25, 26, 27, 32, 33, 34, 35, 40, 41, 42, 43, 48, 49, 50, 51, 56, 57, 58, 59]}}],
 "ctime": 18.976129278713266,
 "energy": -432.78610546,
 "forces": [[-0.164996, -0.746847, 2.261823], [-0.177176, -0.760446, 2.300488], [-0.387864, -0.179328, -0.315502], [-0.404808, -0.208607, -0.258744], [0.001708, -0.000778, 0.001548], [0.001098, -0.001773, -0.000761], [0.005982, -0.001831, -0.000911], [0.002536, 0.010392, -0.001071], [0.747849, 0.220395, 2.284338], [0.748836, 0.187155, 2.257612], [0.167914, 0.432765, -0.269954], [0.220626, 0.458286, -0.26734], [0.001017, -0.00081, -0.002339], [0.001462, -0.00083, -0.001729], [0.001895, -0.004119, -0.003745], [0.004919, 0.003975, -0.009907], [-0.320287, -0.307784, 0.140158], [-0.300461, -0.293171, 0.152068], [0.003796, 0.119413, 0.115158], [-0.04121, 0.039419, 0.0606], [0.003118, 0.000866, -0.00415], [0.00314, -0.001378, 0.000166], [0.015703, -0.008655, -0.005993], [0.012068, 0.018826, 0.002795], [-0.391044, 0.117963, -1.045007], [-0.401546, 0.101283, -1.076609], [-0.114548, -0.083872, -0.034038], [-0.070089, -0.076344, -0.021417], [0.000555, -0.001945, 0.000249], [0.001607, -0.000874, 0.000874], [0.012435, 0.003131, 0.004766], [0.002373, 0.007896, -0.004185], [-0.074603, -0.115872, -1.203912], [-0.082087, -0.116723, -1.188753], [0.245766, -0.011614, 0.077198], [0.30081, 0.004151, 0.05068], [-0.008533, -0.001095, -0.00237], [-0.000487, 0.004445, -0.002672], [0.001493, -1.2e-05, -0.009957], [0.003395, -0.002442, 0.005679], [0.272159, 0.325225, 0.12663], [0.279102, 0.29181, 0.168542], [-0.091712, -0.03436, 0.166568], [-0.139775, -0.09565, 0.103893], [-0.000403, -0.003082, -0.003392], [-0.002654, 0.004933, -0.000719], [0.001843, 0.005706, 0.017616], [0.014166, 0.025821, -0.01753], [-0.113202, 0.4232, -1.081931], [-0.11387, 0.416251, -1.058979], [0.058612, 0.155962, -0.064687], [0.048528, 0.159299, -0.062039], [0.00243, 0.000315, -0.000784], [0.001223, 0.001112, 0.000206], [0.001824, 0.006983, 0.001396], [0.009238, -0.003552, -0.00092], [0.103836, 0.057626, -1.180868], [0.112516, 0.074818, -1.195806], [0.005423, -0.287264, 0.057797], [0.005432, -0.300002, 0.055531], [0.002621, -0.00362, -0.001544], [0.000951, 0.00529, 0.001031], [0.006817, 0.00537, -0.001482], [0.004637, 0.008689, -0.001475], [-0.039413, -0.012985, -0.004303], [0.011777, 0.000144, -0.007154], [0.004112, -0.002205, 0.005507], [-0.010939, -0.003456, -0.002911], [-0.007639, -0.025587, -0.003325]],
 "magmom": 1.2819467,
 "magmoms": [-0.001, -0.001, 0.008, 0.003, -0.005, 0.037, -0.004, 0.036, -0.0, -0.002, 0.001, 0.009, -0.011, -0.004, 0.012, -0.062, -0.007, -0.0, 0.004, -0.0, 0.003, -0.001, 0.01, 0.012, -0.002, -0.001, 0.001, 0.002, -0.009, 0.0, 0.006, -0.011, -0.0, 0.0, 0.005, 0.003, -0.003, 0.004, 0.003, -0.003, 0.001, -0.005, 0.0, 0.011, 0.001, -0.005, 0.006, 0.454, -0.0, 0.001, 0.0, 0.001, 0.002, -0.0, -0.003, 0.005, 0.002, 0.001, 0.004, 0.003, 0.002, -0.005, 0.0, 0.002, 0.551, 0.0, 0.0, 0.0, 0.001],
 "mtime": 18.976129278713266,
 "numbers": [77, 77, 77, 77, 77, 77, 77, 77, 77, 77, 77, 77, 77, 77, 77, 77, 8, 8, 8, 8, 8, 8, 8, 8, 8, 8, 8, 8, 8, 8, 8, 8, 8, 8, 8, 8, 8, 8, 8, 8, 8, 8, 8, 8, 8, 8, 8, 8, 8, 8, 8, 8, 8, 8, 8, 8, 8, 8, 8, 8, 8, 8, 8, 8, 8, 1, 1, 1, 1],
 "pbc": [true, true, true],
 "positions": [[3.36321, 2.32379, 8.04604], [6.72453, 5.86583, 8.04604], [0.00197, 2.14768, 11.58361], [3.36328, 5.68972, 11.58361], [-0.02011, 5.51578, 15.12226], [3.72742, 1.98598, 15.12268], [0.39635, 1.80425, 18.6383], [3.72579, 5.32956, 18.68303], [3.17763, 5.86583, 8.04604], [6.91011, 2.32379, 8.04604], [-0.18362, 5.68972, 11.58361], [3.54887, 2.14768, 11.58361], [0.17644, 1.98353, 15.11185], [3.53893, 5.52907, 15.12698], [0.14862, 5.30689, 18.66757], [3.88282, 1.74298, 18.66812], [2.93736, 1.68913, 9.81482], [6.29867, 5.23117, 9.81482], [2.93735, 5.05506, 13.35239], [6.66984, 1.51302, 13.35239], [3.29803, 1.32653, 16.8907], [6.63494, 4.88924, 16.89518], [0.25961, 1.12813, 20.62027], [3.22165, 4.84669, 20.53492], [1.58981, 1.80446, 7.50024], [4.95112, 5.3465, 7.50024], [1.5898, 5.17039, 11.03781], [5.32229, 1.62835, 11.03781], [1.95221, 1.46974, 14.57637], [5.30743, 5.00504, 14.55725], [1.93571, 4.81384, 18.1645], [5.6907, 1.25573, 18.32094], [1.4042, 6.38524, 8.59184], [5.13669, 2.8432, 8.59184], [1.77537, 2.66709, 12.12941], [5.13668, 6.20913, 12.12941], [1.75204, 6.05395, 15.67496], [5.48889, 2.51735, 15.67952], [2.14094, 2.3634, 19.2153], [5.48115, 5.86276, 19.2735], [0.42776, 2.7822, 9.81482], [3.78907, 6.32424, 9.81482], [0.42775, 6.14813, 13.35239], [4.16024, 2.60609, 13.35239], [0.75668, 2.45624, 16.89943], [4.13066, 5.95871, 16.91713], [0.65411, 5.81558, 20.53669], [4.06497, 2.19406, 20.7797], [0.24221, 4.12202, 7.5], [3.9747, 0.57997, 7.5], [0.61338, 0.40386, 11.03756], [3.97469, 3.9459, 11.03756], [0.59626, 3.78128, 14.56006], [4.3377, 0.23587, 14.57737], [0.95993, 0.03209, 18.1481], [4.33511, 3.57063, 18.26077], [2.7518, 4.06761, 8.59184], [6.48429, 0.52557, 8.59184], [3.12304, 0.34946, 12.12941], [6.48435, 3.8915, 12.12941], [3.09665, 3.73026, 15.67736], [6.8221, 0.18562, 15.67333], [3.07076, 7.06274, 19.27421], [6.82451, 3.52053, 19.27125], [4.9986, 1.83345, 21.57894], [0.55256, 0.11343, 20.68085], [2.83255, 3.94355, 20.53197], [1.63367, 5.68693, 20.67668], [6.43806, 1.26197, 20.99308]],
 "stress": [-0.0010899297726164898, 1.1777727720541709e-05, 0.0027905974547097825, 0.0003073007018128622, -0.0012214009208440949, -0.0007227168247042743],
 "unique_id": "2e189a3f795cb8afa1ea3d69a1bbc045",
 "user": "raul_desktop"},
"ids": [1],
"nextid": 2}
