{"1": {
 "calculator": "unknown",
 "calculator_parameters": {"energy": -329.58899334},
 "cell": [[8.45769, 0.0, 0.0], [0.0, 4.88305, 0.0], [0.0, 0.0, 27.913504197]],
 "constraints": [{"name": "FixAtoms", "kwargs": {"indices": [2, 3, 6, 7, 10, 11, 14, 15, 16, 17, 20, 21, 22, 23, 26, 27, 28, 29, 32, 33, 34, 35, 38, 39, 40, 41, 44, 45, 46, 47]}}],
 "ctime": 18.976129385925894,
 "energy": -329.58899334,
 "forces": [[0.000964, 0.000812, 0.000569], [0.001771, 0.001091, 0.000408], [0.002821, 0.005702, -0.176744], [0.003873, 0.00595, -0.177564], [-0.002617, -0.002087, -0.007205], [0.008028, -0.006241, -0.00656], [0.144841, -0.006309, -6.042511], [0.149813, -0.010698, -6.045666], [-0.001745, -0.001256, -0.01637], [-0.000319, 0.000506, -0.012796], [-0.020603, -0.002014, 0.020851], [-0.021581, -0.001701, 0.021145], [0.003594, 0.000674, 0.000351], [0.002385, 0.000814, -0.000126], [0.076256, -0.034914, 0.011412], [0.076787, -0.035271, 0.011257], [-1.48379, 0.882781, 1.471416], [-1.481429, 0.881024, 1.468387], [-0.009911, 0.000526, -0.001498], [-0.007161, -0.004845, 0.006043], [-0.052515, 0.028711, -0.001029], [-0.052885, 0.028296, 9e-05], [-0.296786, -0.218682, 0.609885], [-0.296972, -0.218386, 0.60984], [-0.004384, 0.002028, 8.8e-05], [-0.003937, 0.002866, -0.001661], [-0.010273, 0.148898, 0.010345], [-0.010161, 0.149113, 0.010448], [-0.027313, -1.686577, 1.443612], [-0.026582, -1.687846, 1.444136], [-0.002978, 0.001862, 0.000893], [0.001258, 0.001143, 0.004911], [0.073949, -0.022024, 0.003396], [0.074646, -0.022145, 0.003248], [-0.010337, 0.314385, 0.585446], [-0.009945, 0.315118, 0.585977], [-0.001845, -0.00027, -0.005091], [-0.003724, 0.00106, 0.003337], [-0.070309, -0.040206, 0.045154], [-0.070553, -0.040176, 0.045231], [1.461186, 0.772772, 1.397744], [1.460633, 0.772849, 1.397681], [-0.000933, 0.003978, 0.004445], [-0.004099, -0.0018, 0.004667], [-0.045595, -0.00351, -0.013986], [-0.045364, -0.003444, -0.013434], [0.293637, -0.124478, 0.641173], [0.293293, -0.124103, 0.641415], [-0.001735, -0.008364, 0.002867], [-0.011606, -0.006702, -0.002331], [-0.002621, -0.003117, 7e-05], [-0.006341, -0.005249, 5e-06], [-0.014147, -0.001167, 0.010493], [-0.016637, 0.000623, 0.006137]],
 "magmom": 3.173616,
 "magmoms": [0.026, 0.026, 0.043, 0.043, 0.006, 0.006, -0.003, -0.003, -0.026, -0.026, -0.018, -0.018, 0.005, 0.005, 0.017, 0.017, 0.393, 0.397, -0.011, -0.011, -0.008, -0.008, -0.053, -0.053, 0.01, 0.01, 0.021, 0.021, 0.451, 0.45, -0.011, -0.012, -0.011, -0.011, -0.052, -0.052, 0.007, 0.007, 0.022, 0.022, 0.55, 0.551, -0.007, -0.007, -0.007, -0.007, -0.053, -0.053, 0.002, 0.002, 0.0, 0.0, 0.002, 0.002],
 "mtime": 18.976129385925894,
 "numbers": [77, 77, 77, 77, 77, 77, 77, 77, 77, 77, 77, 77, 8, 8, 8, 8, 8, 8, 8, 8, 8, 8, 8, 8, 8, 8, 8, 8, 8, 8, 8, 8, 8, 8, 8, 8, 8, 8, 8, 8, 8, 8, 8, 8, 8, 8, 8, 8, 8, 8, 8, 8, 8, 8],
 "pbc": [true, true, true],
 "positions": [[5.66444, 0.37784, 15.03921], [1.43564, 2.81939, 15.03918], [0.02613, 0.37673, 10.72828], [4.25498, 2.81825, 10.72828], [2.83816, 0.3775, 19.57173], [7.06695, 2.81969, 19.57157], [5.66462, 0.37673, 8.57583], [1.43578, 2.81825, 8.57583], [4.25106, 2.82, 17.22282], [0.02226, 0.37857, 17.22265], [2.84534, 0.37673, 12.88034], [7.07418, 2.81825, 12.88034], [5.58229, 1.96943, 16.11011], [1.35366, 4.41094, 16.11016], [4.2028, 4.41574, 11.8045], [8.43156, 1.97422, 11.8045], [2.79307, 1.97422, 7.5], [7.02191, 4.41574, 7.5], [4.15042, 1.23688, 18.26051], [8.37935, 3.67853, 18.26043], [2.79307, 3.66229, 13.95656], [7.02191, 1.22076, 13.95656], [5.61227, 3.66229, 9.65206], [1.38334, 1.22076, 9.65206], [4.32089, 4.39544, 16.10723], [0.09207, 1.9541, 16.10727], [2.89769, 1.97422, 11.8045], [7.12653, 4.41574, 11.8045], [1.48796, 4.41574, 7.5], [5.71689, 1.97422, 7.5], [2.92594, 3.70056, 18.25186], [7.15475, 1.25917, 18.25126], [1.48813, 1.22076, 13.95656], [5.71689, 3.66229, 13.95656], [4.30725, 1.22076, 9.65206], [0.0784, 3.66229, 9.65206], [7.08398, 4.53048, 16.10475], [2.85521, 2.08895, 16.10461], [1.43578, 4.50627, 11.8045], [5.66462, 2.06475, 11.8045], [4.25498, 4.50627, 7.5], [0.02613, 2.06475, 7.5], [1.44468, 1.08742, 18.25482], [5.67349, 3.52916, 18.25504], [4.25498, 1.13013, 13.95656], [0.02613, 3.57166, 13.95656], [7.07418, 1.13013, 9.65206], [2.84534, 3.57166, 9.65206], [2.80594, 1.94679, 20.3666], [7.03496, 4.38851, 20.36735], [1.48838, 4.44695, 20.35329], [5.71736, 2.00551, 20.35254], [4.21194, 4.49679, 20.36331], [8.44072, 2.05543, 20.36283]],
 "stress": [0.008092403691127436, 0.008341190244885142, 0.0049921836932099615, 0.00010671732303435194, -0.00021593749122818308, 5.177955970832752e-05],
 "unique_id": "ddf788c325d5844b1b7ae3646321bf41",
 "user": "raul_desktop"},
"ids": [1],
"nextid": 2}
