{"1": {
 "calculator": "unknown",
 "calculator_parameters": {"energy": -324.87856515},
 "cell": [[8.45769, 0.0, 0.0], [0.0, 4.88305, 0.0], [0.0, 0.0, 27.913504197]],
 "constraints": [{"name": "FixAtoms", "kwargs": {"indices": [2, 3, 6, 7, 10, 11, 14, 15, 16, 17, 20, 21, 22, 23, 26, 27, 28, 29, 32, 33, 34, 35, 38, 39, 40, 41, 44, 45, 46, 47]}}],
 "ctime": 18.976120129244183,
 "energy": -324.87856515,
 "forces": [[-0.002735, 0.005345, 0.00118], [0.002287, -0.000192, 0.000216], [-0.085583, 0.009905, -0.143211], [0.006051, 0.028702, -0.127699], [1.7e-05, 0.000238, 0.011311], [-0.001161, 0.007302, -0.006262], [0.070767, 0.469946, -5.854669], [0.19073, 0.339646, -6.102724], [-0.006111, -0.006084, 0.000926], [0.006303, 0.009325, -0.001331], [0.049793, 0.207096, 0.020972], [-0.089504, 0.032627, 0.009483], [-0.012591, 0.007072, 0.007739], [-0.001853, -0.004397, -0.003566], [0.088202, -0.078296, -0.0489], [0.088318, -0.032318, 0.019568], [-1.465996, 0.819295, 1.439005], [-1.379312, 0.746637, 1.316011], [0.002546, 0.002382, -0.00504], [0.000245, -0.00874, -0.004007], [0.132459, 0.000656, -0.161088], [-0.160221, -0.059262, 0.125612], [-0.280125, -0.21168, 0.569341], [-0.315631, -0.24232, 0.620885], [0.000736, -0.006303, -0.000165], [-0.00343, -0.000641, 0.002803], [-0.03309, 0.065163, 0.017791], [0.033899, 0.183484, -0.03019], [-0.033962, -1.784853, 1.522401], [-0.019534, -1.820641, 1.548788], [0.002975, -0.006718, -0.009463], [-0.0007, -0.002542, -0.00809], [-0.021788, 0.068842, 0.120814], [0.063879, -0.086827, -0.06867], [-0.066946, 0.252316, 0.564382], [-0.019624, 0.297224, 0.614677], [-0.005173, -0.002112, -0.003773], [0.005117, -0.00142, 0.002712], [-0.069888, -0.100279, 0.040479], [-0.090898, -0.057869, 0.018479], [1.424671, 0.66511, 1.317526], [1.446118, 0.698151, 1.354064], [0.002367, -0.005852, -0.000896], [-0.006503, 0.00694, -0.008821], [-0.010912, -0.061951, 0.114883], [-0.083946, 0.006601, -0.02804], [0.323691, -0.17344, 0.589632], [0.333037, -0.166879, 0.638655], [-0.003337, -0.015681, -0.002379], [0.006359, 0.000823, 0.013621], [0.003848, 0.005136, -0.005882], [-0.004558, 0.001409, 0.004021], [-0.009302, -7.6e-05, -0.003112]],
 "magmom": 3.0890045,
 "magmoms": [0.021, 0.015, 0.037, 0.035, -0.001, -0.002, 0.016, -0.003, -0.022, -0.02, -0.011, -0.027, 0.003, 0.004, 0.022, 0.011, 0.439, 0.551, -0.015, 0.002, -0.006, -0.007, -0.041, -0.035, 0.0, -0.002, 0.013, 0.008, 0.249, 0.245, -0.006, -0.009, -0.011, -0.005, -0.056, -0.045, 0.008, 0.004, 0.029, 0.024, 0.621, 0.624, -0.009, 0.001, -0.009, -0.005, -0.057, -0.051, -0.005, -0.002, 0.003, -0.002, -0.007],
 "mtime": 18.976120129244183,
 "numbers": [77, 77, 77, 77, 77, 77, 77, 77, 77, 77, 77, 77, 8, 8, 8, 8, 8, 8, 8, 8, 8, 8, 8, 8, 8, 8, 8, 8, 8, 8, 8, 8, 8, 8, 8, 8, 8, 8, 8, 8, 8, 8, 8, 8, 8, 8, 8, 8, 8, 8, 8, 8, 8],
 "pbc": [true, true, true],
 "positions": [[5.66174, 0.36821, 15.04843], [1.44238, 2.83546, 15.0283], [0.02613, 0.37673, 10.72828], [4.25498, 2.81825, 10.72828], [2.86916, 0.33349, 19.61287], [7.17455, 2.90742, 19.42014], [5.66462, 0.37673, 8.57583], [1.43578, 2.81825, 8.57583], [4.22021, 2.77532, 17.23274], [0.0323, 0.431, 17.19263], [2.84534, 0.37673, 12.88034], [7.07418, 2.81825, 12.88034], [5.58277, 1.94757, 16.13755], [1.35906, 4.41402, 16.10509], [4.2028, 4.41574, 11.8045], [8.43156, 1.97422, 11.8045], [2.79307, 1.97422, 7.5], [7.02191, 4.41574, 7.5], [4.08056, 1.16029, 18.26197], [8.40598, 3.62115, 18.22169], [2.79307, 3.66229, 13.95656], [7.02191, 1.22076, 13.95656], [5.61227, 3.66229, 9.65206], [1.38334, 1.22076, 9.65206], [4.34323, 4.37119, 16.13719], [0.07206, 1.99874, 16.13296], [2.89769, 1.97422, 11.8045], [7.12653, 4.41574, 11.8045], [1.48796, 4.41574, 7.5], [5.71689, 1.97422, 7.5], [2.93421, 3.675, 18.31497], [7.06676, 1.15908, 18.21594], [1.48813, 1.22076, 13.95656], [5.71689, 3.66229, 13.95656], [4.30725, 1.22076, 9.65206], [0.0784, 3.66229, 9.65206], [7.11682, 4.52088, 16.07081], [2.84173, 2.06498, 16.11023], [1.43578, 4.50627, 11.8045], [5.66462, 2.06475, 11.8045], [4.25498, 4.50627, 7.5], [0.02613, 2.06475, 7.5], [1.39341, 1.07976, 18.29225], [5.66891, 3.37471, 18.37499], [4.25498, 1.13013, 13.95656], [0.02613, 3.57166, 13.95656], [7.07418, 1.13013, 9.65206], [2.84534, 3.57166, 9.65206], [2.85324, 1.91402, 20.39651], [6.6172, 3.93178, 20.72959], [1.4846, 4.45956, 20.38821], [4.1851, 4.44493, 20.49284], [8.20864, 1.83093, 20.32985]],
 "stress": [0.006979736100765352, 0.007914533164058013, 0.005368084821825407, -0.00046003667163235144, -0.0004646179393307497, -0.0002119491668967437],
 "unique_id": "781e771c801d0fdd5f82e277a75fef0b",
 "user": "raul_desktop"},
"ids": [1],
"nextid": 2}
