{"1": {
 "calculator": "unknown",
 "calculator_parameters": {"energy": -334.78635474},
 "cell": [[8.45769, 0.0, 0.0], [0.0, 4.88305, 0.0], [0.0, 0.0, 27.913504197]],
 "constraints": [{"name": "FixAtoms", "kwargs": {"indices": [2, 3, 6, 7, 10, 11, 14, 15, 16, 17, 20, 21, 22, 23, 26, 27, 28, 29, 32, 33, 34, 35, 38, 39, 40, 41, 44, 45, 46, 47]}}],
 "ctime": 18.976120130674268,
 "energy": -334.78635474,
 "forces": [[-0.001676, 0.003629, -0.001186], [-0.003189, -0.001131, -0.002663], [-0.040136, -0.0078, -0.16941], [-0.005865, -0.001943, -0.173399], [0.006351, -0.001596, 0.004492], [0.00464, -0.011089, 0.001543], [0.240325, 0.024547, -6.011437], [0.086426, 0.401474, -6.070191], [-0.003063, -0.000461, 0.006519], [0.000179, 0.002332, -0.004853], [0.038316, 0.06882, 0.011591], [-0.043378, 0.023783, 0.011502], [0.000756, 0.003578, 0.000452], [-0.000385, 0.006246, 0.0012], [0.05798, -0.023123, 0.011373], [0.076148, -0.049288, 0.019365], [-1.426768, 0.793904, 1.382375], [-1.506492, 0.872531, 1.494905], [-0.004585, -0.006225, 0.001443], [-0.00203, -0.000862, -0.000417], [-0.010532, 0.01746, 0.00532], [-0.079269, -0.037174, 0.040855], [-0.323021, -0.241272, 0.608958], [-0.301671, -0.197894, 0.592043], [-0.001883, 0.002506, -0.001467], [0.000566, -0.003682, 0.002857], [-0.000378, 0.147019, 0.003961], [-0.003621, 0.162153, -2.3e-05], [-0.023816, -1.843589, 1.574043], [-0.046268, -1.683274, 1.437108], [-0.004589, 0.006715, -0.001952], [0.013786, -0.005828, 0.000857], [0.05173, -0.013822, 0.016071], [0.071852, -0.019083, 0.007549], [-0.009601, 0.294834, 0.573515], [-0.044451, 0.264482, 0.601474], [-0.004576, 0.011166, -0.000918], [0.00234, 0.001115, 0.000268], [-0.071155, -0.061841, 0.055904], [-0.080858, -0.05576, 0.032515], [1.433151, 0.735792, 1.366171], [1.447804, 0.715657, 1.365553], [-0.001357, -0.00029, 0.004595], [-0.001396, -0.004637, 0.00046], [-0.026275, -0.041846, 0.055121], [-0.065718, 0.054475, -0.070331], [0.282942, -0.127332, 0.617405], [0.331781, -0.154674, 0.627068], [-0.002746, 0.002517, -0.005257], [-0.001361, -0.000169, 0.003512], [-0.00288, 0.00754, 0.005008], [0.007636, -0.014903, -0.004947], [-0.01012, -0.002018, -0.009725], [0.000329, -0.00745, -0.005361], [7e-05, -0.004218, -0.011411]],
 "magmom": 4.0726312,
 "magmoms": [0.016, 0.054, 0.037, 0.061, 0.033, 0.315, -0.004, -0.005, -0.071, -0.018, -0.024, -0.029, 0.007, 0.015, 0.017, 0.018, 0.51, 0.378, -0.009, -0.031, -0.014, -0.006, -0.052, -0.042, 0.004, 0.033, 0.032, 0.01, 0.249, 0.44, -0.009, -0.017, -0.011, -0.011, -0.046, -0.052, -0.001, 0.025, 0.016, 0.029, 0.574, 0.59, 0.014, -0.048, -0.002, -0.011, -0.051, -0.056, 0.015, 0.183, 0.002, 0.005, 0.027, 0.261, 0.002],
 "mtime": 18.976120130674268,
 "numbers": [77, 77, 77, 77, 77, 77, 77, 77, 77, 77, 77, 77, 8, 8, 8, 8, 8, 8, 8, 8, 8, 8, 8, 8, 8, 8, 8, 8, 8, 8, 8, 8, 8, 8, 8, 8, 8, 8, 8, 8, 8, 8, 8, 8, 8, 8, 8, 8, 8, 8, 8, 8, 8, 8, 1],
 "pbc": [true, true, true],
 "positions": [[5.66565, 0.37528, 15.04491], [1.43733, 2.82662, 15.03255], [0.02613, 0.37673, 10.72828], [4.25498, 2.81825, 10.72828], [2.84989, 0.36294, 19.56769], [7.12701, 2.88723, 19.49813], [5.66462, 0.37673, 8.57583], [1.43578, 2.81825, 8.57583], [4.23872, 2.80223, 17.2244], [0.02498, 0.40187, 17.21481], [2.84534, 0.37673, 12.88034], [7.07418, 2.81825, 12.88034], [5.58937, 1.96625, 16.1195], [1.3482, 4.41558, 16.10913], [4.2028, 4.41574, 11.8045], [8.43156, 1.97422, 11.8045], [2.79307, 1.97422, 7.5], [7.02191, 4.41574, 7.5], [4.11995, 1.19754, 18.24528], [8.4331, 3.68442, 18.2728], [2.79307, 3.66229, 13.95656], [7.02191, 1.22076, 13.95656], [5.61227, 3.66229, 9.65206], [1.38334, 1.22076, 9.65206], [4.33671, 4.38628, 16.12959], [0.0818, 1.9726, 16.0913], [2.89769, 1.97422, 11.8045], [7.12653, 4.41574, 11.8045], [1.48796, 4.41574, 7.5], [5.71689, 1.97422, 7.5], [2.92026, 3.69186, 18.26166], [7.14119, 1.25978, 18.22531], [1.48813, 1.22076, 13.95656], [5.71689, 3.66229, 13.95656], [4.30725, 1.22076, 9.65206], [0.0784, 3.66229, 9.65206], [7.09028, 4.52663, 16.10737], [2.85209, 2.07651, 16.1021], [1.43578, 4.50627, 11.8045], [5.66462, 2.06475, 11.8045], [4.25498, 4.50627, 7.5], [0.02613, 2.06475, 7.5], [1.43218, 1.1128, 18.23991], [5.66082, 3.43461, 18.35524], [4.25498, 1.13013, 13.95656], [0.02613, 3.57166, 13.95656], [7.07418, 1.13013, 9.65206], [2.84534, 3.57166, 9.65206], [2.80093, 1.93657, 20.35475], [7.03495, 4.36216, 20.48443], [1.48182, 4.44761, 20.32869], [5.79473, 1.91568, 20.51846], [4.19334, 4.487, 20.41702], [8.42257, 2.01348, 20.332], [6.17828, 1.03016, 20.74886]],
 "stress": [0.007346636973221273, 0.007514845644163828, 0.0056318946880491135, -5.7072359447076506e-05, 2.6326685492975583e-05, -0.00046265810546522245],
 "unique_id": "6eacaa63d3b7bee5ea90a956b99b283a",
 "user": "raul_desktop"},
"ids": [1],
"nextid": 2}
