{"1": {
 "calculator": "unknown",
 "calculator_parameters": {"energy": -339.21814509},
 "cell": [[8.45769, 0.0, 0.0], [0.0, 4.88305, 0.0], [0.0, 0.0, 27.913504197]],
 "constraints": [{"name": "FixAtoms", "kwargs": {"indices": [2, 3, 6, 7, 10, 11, 14, 15, 16, 17, 20, 21, 22, 23, 26, 27, 28, 29, 32, 33, 34, 35, 38, 39, 40, 41, 44, 45, 46, 47]}}],
 "ctime": 18.976120129850013,
 "energy": -339.21814509,
 "forces": [[-0.001033, -0.000591, 0.000583], [-0.000422, -0.000578, -0.001539], [-0.064796, 0.003114, -0.150659], [0.003715, 0.018382, -0.19377], [0.004398, -0.000327, 0.001837], [-0.001756, 0.01193, 0.002641], [0.135947, 0.133647, -5.801171], [0.297825, -0.007932, -6.153089], [-0.001526, -1e-05, 0.000766], [-0.003046, -0.000111, -0.001606], [0.042432, 0.053073, 0.039599], [-0.062873, 0.037203, -0.014915], [0.000403, 0.002448, 0.002337], [3e-06, 0.003415, 0.004062], [0.062657, -0.0403, -0.008764], [0.085403, -0.039592, 0.020603], [-1.538196, 0.907246, 1.537191], [-1.431827, 0.820155, 1.385858], [-0.000516, -0.002625, 0.000998], [-0.002456, -0.00282, -0.001731], [0.068846, 0.031223, -0.038583], [-0.120322, -0.10877, 0.137311], [-0.284678, -0.236226, 0.577759], [-0.32279, -0.221412, 0.606689], [0.004184, 0.001996, -0.001501], [-0.000872, -0.004142, 0.000268], [-0.004144, 0.11565, 0.012721], [0.015438, 0.181765, -0.011387], [-0.056156, -1.693983, 1.455496], [-0.028007, -1.695157, 1.420517], [-0.00657, -0.00111, -0.000163], [-0.000887, -0.003223, -0.003631], [-0.035345, -0.009901, 0.020797], [0.086084, -0.051476, 0.015926], [-0.038363, 0.296701, 0.552203], [0.012803, 0.335307, 0.595662], [0.009322, 0.0042, 0.011355], [0.00414, -0.000255, -0.00059], [-0.064785, -0.06169, 0.049], [-0.078728, -0.056776, 0.040756], [1.413989, 0.742279, 1.343685], [1.44395, 0.76326, 1.382049], [0.000578, -0.001868, -0.001425], [0.003044, -0.005632, 0.006409], [-0.015447, -0.033638, 0.028584], [-0.151961, 0.072242, -0.111921], [0.273319, -0.133773, 0.586501], [0.294367, -0.113004, 0.642426], [0.003561, 0.004831, 0.000548], [0.00014, -0.003631, -0.011495], [-0.00013, -0.000652, 0.00379], [0.005859, -0.014667, 0.012549], [-0.003315, 0.000486, 4.5e-05], [0.001366, 0.007472, 0.005476], [0.02335, -0.003116, 0.013081], [0.023818, 0.000961, -0.01014]],
 "magmom": 3.0568251,
 "magmoms": [0.02, 0.026, 0.038, 0.04, 0.001, 0.163, 0.018, -0.015, -0.047, -0.051, -0.029, -0.018, -0.003, 0.012, 0.021, 0.007, 0.291, 0.46, -0.008, -0.011, -0.011, -0.011, -0.051, -0.048, 0.006, 0.006, 0.02, 0.016, 0.395, 0.449, -0.009, 0.001, -0.011, -0.004, -0.058, -0.041, 0.004, -0.006, 0.025, 0.017, 0.593, 0.606, -0.022, -0.003, -0.013, 0.004, -0.06, -0.045, -0.006, 0.297, -0.003, -0.272, 0.004, -0.001, -0.199, 0.001],
 "mtime": 18.976120129850013,
 "numbers": [77, 77, 77, 77, 77, 77, 77, 77, 77, 77, 77, 77, 8, 8, 8, 8, 8, 8, 8, 8, 8, 8, 8, 8, 8, 8, 8, 8, 8, 8, 8, 8, 8, 8, 8, 8, 8, 8, 8, 8, 8, 8, 8, 8, 8, 8, 8, 8, 8, 8, 8, 8, 8, 8, 8, 1],
 "pbc": [true, true, true],
 "positions": [[5.66368, 0.37063, 15.04766], [1.43287, 2.82631, 15.02527], [0.02613, 0.37673, 10.72828], [4.25498, 2.81825, 10.72828], [2.86616, 0.35818, 19.57457], [7.12686, 2.94135, 19.44724], [5.66462, 0.37673, 8.57583], [1.43578, 2.81825, 8.57583], [4.2142, 2.78766, 17.21569], [0.0428, 0.41266, 17.21475], [2.84534, 0.37673, 12.88034], [7.07418, 2.81825, 12.88034], [5.575, 1.95699, 16.11968], [1.35033, 4.41691, 16.10332], [4.2028, 4.41574, 11.8045], [8.43156, 1.97422, 11.8045], [2.79307, 1.97422, 7.5], [7.02191, 4.41574, 7.5], [4.09542, 1.16284, 18.24089], [8.46124, 3.64614, 18.24715], [2.79307, 3.66229, 13.95656], [7.02191, 1.22076, 13.95656], [5.61227, 3.66229, 9.65206], [1.38334, 1.22076, 9.65206], [4.3218, 4.37648, 16.1168], [0.06956, 1.97815, 16.10631], [2.89769, 1.97422, 11.8045], [7.12653, 4.41574, 11.8045], [1.48796, 4.41574, 7.5], [5.71689, 1.97422, 7.5], [2.90737, 3.65564, 18.2775], [7.16699, 1.25738, 18.27625], [1.48813, 1.22076, 13.95656], [5.71689, 3.66229, 13.95656], [4.30725, 1.22076, 9.65206], [0.0784, 3.66229, 9.65206], [7.0918, 4.53642, 16.127], [2.8402, 2.06556, 16.09799], [1.43578, 4.50627, 11.8045], [5.66462, 2.06475, 11.8045], [4.25498, 4.50627, 7.5], [0.02613, 2.06475, 7.5], [1.43566, 1.09668, 18.24838], [5.63161, 3.39922, 18.33432], [4.25498, 1.13013, 13.95656], [0.02613, 3.57166, 13.95656], [7.07418, 1.13013, 9.65206], [2.84534, 3.57166, 9.65206], [2.79634, 1.93567, 20.36546], [7.02532, 4.49027, 20.30834], [1.48502, 4.45287, 20.32675], [5.77881, 2.08912, 20.70023], [4.20429, 4.48102, 20.43034], [8.31488, 2.08783, 20.50942], [6.30835, 1.74917, 21.90393], [7.33107, 1.76117, 21.67408]],
 "stress": [0.006703861397401312, 0.006977183323532866, 0.005382696194689099, -0.00034681569608882915, -0.000990646086951065, -0.0006114868905719087],
 "unique_id": "9b8653d609a6eba296ebc514014fa68b",
 "user": "raul_desktop"},
"ids": [1],
"nextid": 2}
