{"1": {
 "calculator": "unknown",
 "calculator_parameters": {"energy": -339.70631219},
 "cell": [[8.45769, 0.0, 0.0], [0.0, 4.88305, 0.0], [0.0, 0.0, 27.913504197]],
 "constraints": [{"name": "FixAtoms", "kwargs": {"indices": [2, 3, 6, 7, 10, 11, 14, 15, 16, 17, 20, 21, 22, 23, 26, 27, 28, 29, 32, 33, 34, 35, 38, 39, 40, 41, 44, 45, 46, 47]}}],
 "ctime": 18.976120130116524,
 "energy": -339.70631219,
 "forces": [[6.3e-05, -0.000782, -0.000334], [0.000128, -0.000622, -0.000388], [-0.048631, -0.008726, -0.167261], [-0.022476, 0.023836, -0.193797], [0.002434, -0.001179, 0.001269], [0.004352, 0.00198, 0.000538], [0.129156, -0.117097, -5.795712], [0.131386, 0.138977, -6.106888], [0.000611, -0.001157, -0.000405], [3e-05, -0.002015, -0.001497], [-0.016122, -0.062203, 0.069703], [-0.049895, 0.012243, -0.008632], [0.000569, -0.001812, 0.002756], [0.001368, 0.002209, -0.002042], [0.088941, -0.03497, -0.014717], [0.073459, -0.03829, 0.023629], [-1.478245, 0.858513, 1.457134], [-1.45476, 0.868023, 1.420266], [0.006011, 0.002307, -0.000644], [-0.003575, -0.000414, -0.003662], [-0.015884, 0.021523, -0.080977], [-0.059622, -0.067221, 0.086196], [-0.276315, -0.234672, 0.596436], [-0.301949, -0.213117, 0.603536], [-0.000519, -0.001991, 0.000666], [-0.00125, -0.001542, -0.000912], [0.010037, 0.14563, 0.02081], [-0.010632, 0.179174, -0.013472], [-0.033227, -1.736902, 1.484509], [-0.031174, -1.582779, 1.355647], [0.003029, -0.002496, -0.00053], [0.000281, -0.001566, 0.000937], [-0.002628, 0.003557, 0.081833], [0.104583, -0.003956, 0.050405], [-0.030591, 0.326974, 0.54486], [-0.015308, 0.303538, 0.591174], [0.006143, 0.006409, -0.004876], [-0.000419, 0.002128, -0.001259], [-0.064056, -0.034977, 0.041744], [-0.080298, -0.055405, 0.038754], [1.433425, 0.765359, 1.367356], [1.46994, 0.763258, 1.402203], [0.004377, -0.005198, 0.002316], [-0.000387, -0.002273, 0.002913], [0.019954, 0.048056, -0.005789], [-0.094478, 0.038813, -0.059137], [0.269048, -0.125839, 0.589955], [0.308251, -0.159203, 0.633344], [0.001078, 0.00115, -0.002875], [-0.001878, -0.003345, 0.002845], [0.005787, 0.001296, 0.006971], [0.005442, -0.005435, 0.004298], [-0.000152, -0.001772, -0.000979], [0.005757, 0.004989, -0.00461], [-0.003603, -0.005788, 0.000998], [0.012431, -0.005196, -0.014607]],
 "magmom": 5.0495792,
 "magmoms": [0.015, 0.02, 0.023, 0.028, 0.002, 0.068, 0.017, -0.015, -0.019, 0.02, -0.018, -0.007, 0.001, -0.007, 0.016, 0.009, 0.411, 0.426, -0.004, 0.013, -0.013, -0.005, -0.059, -0.047, 0.007, 0.026, 0.025, 0.01, 0.389, 0.548, -0.005, 0.018, -0.004, -0.009, -0.055, -0.049, -0.005, 0.019, 0.015, 0.025, 0.551, 0.557, -0.002, -0.028, -0.004, -0.008, -0.059, -0.056, 0.004, 0.154, -0.0, 0.506, -0.008, -0.017, 0.712, -0.0],
 "mtime": 18.976120130116524,
 "numbers": [77, 77, 77, 77, 77, 77, 77, 77, 77, 77, 77, 77, 8, 8, 8, 8, 8, 8, 8, 8, 8, 8, 8, 8, 8, 8, 8, 8, 8, 8, 8, 8, 8, 8, 8, 8, 8, 8, 8, 8, 8, 8, 8, 8, 8, 8, 8, 8, 8, 8, 8, 8, 8, 8, 8, 1],
 "pbc": [true, true, true],
 "positions": [[5.6635, 0.37869, 15.04465], [1.43135, 2.82002, 15.03297], [0.02613, 0.37673, 10.72828], [4.25498, 2.81825, 10.72828], [2.8645, 0.37495, 19.56043], [7.13368, 2.89128, 19.37126], [5.66462, 0.37673, 8.57583], [1.43578, 2.81825, 8.57583], [4.23999, 2.81367, 17.20891], [0.05049, 0.37426, 17.21474], [2.84534, 0.37673, 12.88034], [7.07418, 2.81825, 12.88034], [5.59582, 1.98313, 16.10498], [1.38123, 4.43269, 16.08099], [4.2028, 4.41574, 11.8045], [8.43156, 1.97422, 11.8045], [2.79307, 1.97422, 7.5], [7.02191, 4.41574, 7.5], [4.14127, 1.20922, 18.22039], [0.06652, 3.63224, 18.2682], [2.79307, 3.66229, 13.95656], [7.02191, 1.22076, 13.95656], [5.61227, 3.66229, 9.65206], [1.38334, 1.22076, 9.65206], [4.32025, 4.39533, 16.10792], [0.08719, 1.97981, 16.12448], [2.89769, 1.97422, 11.8045], [7.12653, 4.41574, 11.8045], [1.48796, 4.41574, 7.5], [5.71689, 1.97422, 7.5], [2.93339, 3.70646, 18.26087], [7.16719, 1.27984, 18.31339], [1.48813, 1.22076, 13.95656], [5.71689, 3.66229, 13.95656], [4.30725, 1.22076, 9.65206], [0.0784, 3.66229, 9.65206], [7.08561, 4.5396, 16.14188], [2.85367, 2.07748, 16.10153], [1.43578, 4.50627, 11.8045], [5.66462, 2.06475, 11.8045], [4.25498, 4.50627, 7.5], [0.02613, 2.06475, 7.5], [1.46297, 1.0719, 18.25744], [5.67937, 3.50315, 18.27783], [4.25498, 1.13013, 13.95656], [0.02613, 3.57166, 13.95656], [7.07418, 1.13013, 9.65206], [2.84534, 3.57166, 9.65206], [2.88306, 1.95522, 20.34298], [7.07702, 4.27156, 20.49418], [1.49826, 4.51553, 20.39737], [5.71697, 1.91689, 20.70769], [4.20963, 4.47382, 20.39255], [0.03615, 2.02736, 20.46801], [5.98592, 1.92059, 21.93262], [8.21165, 1.09642, 20.64739]],
 "stress": [0.00719889421070249, 0.007562811641796241, 0.005656317713258695, 0.00015452728293861772, 0.00014236882316139712, -0.00024509782186430963],
 "unique_id": "e0349e972b68b4a4ace3ea16c8a45ba1",
 "user": "raul_desktop"},
"ids": [1],
"nextid": 2}
