{"1": {
 "calculator": "unknown",
 "calculator_parameters": {"energy": -529.4050057},
 "cell": [[9.3927, 0.0, 0.0], [0.0, 8.72335, 0.0], [0.0, 0.0, 27.0937]],
 "constraints": [{"name": "FixAtoms", "kwargs": {"indices": [0, 1, 2, 3, 4, 5, 6, 7, 8, 9, 10, 11, 12, 13, 14, 15, 16, 17, 18, 19, 33, 34, 35, 36, 37, 38, 39, 40, 41, 42, 43, 44, 45, 46, 47, 48, 49, 50, 51, 52, 65, 66, 67, 68, 69, 70, 75, 76, 77, 78, 79, 80]}}],
 "ctime": 18.976128540752008,
 "energy": -529.4050057,
 "forces": [[1.453716, 0.140127, 1.789203], [1.467862, -0.132613, 1.808289], [-0.998325, 2.029292, 1.516208], [-0.993247, -2.017291, 1.5147], [0.270905, 0.00023, 0.306317], [0.081721, 0.000956, 0.567484], [-0.057137, 0.015931, 0.224961], [-0.064546, -0.020921, 0.238956], [0.26842, -0.114504, 0.464804], [0.240574, 0.106034, 0.439738], [0.074218, -0.017354, 0.17308], [-0.052919, 0.019339, -0.164639], [-0.153752, -0.117171, -0.059653], [-0.048453, 0.019095, -0.020842], [-0.097143, 0.032138, 0.054119], [-0.051744, -0.109178, 0.068732], [-0.010222, -0.084063, 0.013929], [-0.000332, -0.065339, -0.031157], [0.0587, 0.06316, 0.220947], [0.108774, 0.298239, -0.315959], [0.006361, -0.007921, 0.006918], [0.001569, -0.000388, -0.000938], [0.004194, 0.001406, 0.00435], [-0.005943, -0.001618, -0.004596], [-0.001762, -0.002237, 0.004779], [-0.00316, -0.002369, 0.005817], [-0.003103, 0.000795, -0.00112], [-0.007859, 0.003345, -0.01295], [0.003379, -0.002179, 0.00755], [0.001299, 0.001304, -0.002903], [0.00889, 0.012098, 0.002402], [0.010355, -0.004174, 0.003739], [-0.005156, -0.007691, -0.012876], [1.442802, 0.144911, 1.775551], [1.502817, -0.13993, 1.846816], [-1.006827, 2.044018, 1.52258], [-0.971926, -1.975113, 1.504456], [0.277036, -0.014496, 0.303707], [0.080187, 0.00229, 0.565638], [-0.038285, 0.048483, 0.212774], [-0.08921, 0.014395, 0.246282], [0.290012, -0.118448, 0.494899], [0.225915, 0.101478, 0.409041], [0.078103, -0.020207, 0.175384], [-0.052089, 0.000558, -0.163614], [-0.158487, -0.111033, -0.078775], [-0.031588, -0.022634, 0.034899], [-0.099939, 0.042496, 0.065819], [-0.037692, -0.093672, 0.08096], [-0.035641, -0.068972, 0.02463], [0.011429, -0.056804, 0.010071], [0.057477, 0.018507, 0.196617], [-0.077286, 0.194462, 0.050307], [0.000736, -0.003538, -0.004218], [-0.002015, 0.006832, 0.006382], [0.005785, -0.004198, 0.01538], [0.000612, -6.6e-05, -0.002441], [-0.007337, 0.007422, -0.000386], [0.005379, -0.00917, 0.004091], [-0.00322, -0.007558, 0.001301], [0.000102, -0.001517, 0.001259], [-0.006498, -0.005492, 0.000925], [0.003557, -0.001074, -0.006509], [0.000437, 0.004421, 0.000527], [-0.002807, 0.005652, 0.002674], [-0.872851, -2.572178, -4.531042], [-0.858486, 2.514682, -4.542452], [0.130861, 0.259653, 0.053759], [0.065043, -0.073993, 0.163565], [-0.007197, 0.127117, -0.070383], [0.125316, -0.276083, -0.159923], [-0.000831, -0.001676, -0.002106], [-0.003209, 0.00872, -0.008655], [0.001825, 0.001204, 0.000583], [0.005649, 0.00277, 0.002117], [-0.867347, -2.608716, -4.54818], [-0.925843, 2.446976, -4.543741], [0.111782, 0.261792, 0.085263], [0.107458, -0.039752, 0.117678], [0.03727, 0.070031, -0.018197], [0.075566, -0.141821, -0.098454], [-0.00185, -0.001656, -0.001641], [0.001709, -0.000147, -0.005324], [0.009623, 0.009882, 0.00634], [-0.002159, -0.005288, -0.005621]],
 "magmom": 3.8576952,
 "magmoms": [0.634, 0.629, 0.237, 0.24, -0.138, -0.094, -0.096, -0.098, -0.031, -0.037, 0.025, 0.015, 0.006, 0.012, 0.013, 0.014, -0.012, -0.01, -0.002, -0.001, -0.007, -0.008, -0.009, -0.002, 0.009, -0.022, 0.007, -0.005, -0.002, -0.005, -0.01, -0.012, 0.18, 0.641, 0.604, 0.206, 0.311, -0.138, -0.092, -0.098, -0.099, -0.029, -0.043, 0.03, 0.009, 0.012, 0.01, 0.01, 0.016, -0.012, -0.012, -0.002, -0.01, 0.001, -0.007, -0.002, -0.005, 0.001, 0.033, 0.003, 0.004, 0.001, 0.007, 0.047, 0.015, 0.064, 0.059, -0.013, -0.012, -0.014, 0.01, 0.015, -0.059, -0.02, 0.118, 0.063, 0.061, -0.013, -0.022, -0.016, 0.013, -0.003, -0.039, 0.033, 0.059],
 "mtime": 18.976128540752008,
 "numbers": [8, 8, 8, 8, 8, 8, 8, 8, 8, 8, 8, 8, 8, 8, 8, 8, 8, 8, 8, 8, 8, 8, 8, 8, 8, 8, 8, 8, 8, 8, 8, 8, 8, 8, 8, 8, 8, 8, 8, 8, 8, 8, 8, 8, 8, 8, 8, 8, 8, 8, 8, 8, 8, 8, 8, 8, 8, 8, 8, 8, 8, 8, 8, 8, 8, 77, 77, 77, 77, 77, 77, 77, 77, 77, 77, 77, 77, 77, 77, 77, 77, 77, 77, 77, 77],
 "pbc": [true, true, true],
 "positions": [[1.84444, 2.83282, 7.50008], [1.84444, 5.89053, 7.50008], [4.19253, 1.52885, 7.85311], [4.19253, 7.1945, 7.85311], [4.04205, 4.36167, 8.00348], [2.34808, 4.36167, 9.69738], [2.19761, 1.52885, 9.84802], [2.19761, 7.1945, 9.84802], [4.54579, 2.83282, 10.20132], [4.54579, 5.89053, 10.20132], [4.69635, 0.0, 10.35169], [1.69388, 0.0, 12.04532], [1.84444, 2.83282, 12.19623], [1.84444, 5.89053, 12.19623], [4.19253, 1.52885, 12.54926], [4.19253, 7.1945, 12.54926], [4.04205, 4.36167, 12.69963], [2.34808, 4.36167, 14.39407], [2.19761, 1.52885, 14.54444], [2.19761, 7.1945, 14.54444], [4.55327, 2.85757, 14.89013], [4.52393, 5.86963, 14.92091], [4.67271, 8.69155, 15.01077], [1.65235, 8.70755, 16.76033], [1.71045, 2.81286, 17.01236], [1.98478, 5.93637, 16.86327], [4.09165, 1.5475, 17.1593], [4.22286, 7.18407, 17.32409], [4.14037, 4.3686, 17.51604], [2.28521, 4.44023, 19.03264], [3.56065, 2.21201, 19.67131], [1.98143, 7.06399, 19.23575], [4.46871, 6.00015, 19.63301], [6.54079, 2.83282, 7.50008], [6.54079, 5.89053, 7.50008], [8.88888, 1.52885, 7.85311], [8.88888, 7.1945, 7.85311], [8.7384, 4.36167, 8.00348], [7.04443, 4.36167, 9.69738], [6.89396, 1.52885, 9.84802], [6.89396, 7.1945, 9.84802], [9.24214, 2.83282, 10.20132], [9.24214, 5.89053, 10.20132], [0.0, 0.0, 10.35169], [6.39023, 0.0, 12.04532], [6.54079, 2.83282, 12.19623], [6.54079, 5.89053, 12.19623], [8.88888, 1.52885, 12.54926], [8.88888, 7.1945, 12.54926], [8.7384, 4.36167, 12.69963], [7.04443, 4.36167, 14.39407], [6.89396, 1.52885, 14.54444], [6.89396, 7.1945, 14.54444], [9.2523, 2.84685, 14.89022], [9.23357, 5.85641, 14.92381], [9.37979, 8.65173, 15.02106], [6.34748, 8.70064, 16.76434], [6.481, 2.81646, 16.95684], [6.55144, 5.84511, 16.88449], [8.79031, 1.52114, 17.15045], [8.96847, 7.13143, 17.33582], [8.84645, 4.43541, 17.49204], [7.05385, 4.43585, 19.05912], [8.44748, 2.29607, 19.63608], [7.47143, 6.92308, 19.76397], [3.19502, 2.83212, 8.8507], [3.19502, 5.89131, 8.8507], [0.84685, 1.52955, 11.19864], [0.84685, 7.1938, 11.19864], [3.19502, 2.83212, 13.54685], [3.19502, 5.89131, 13.54685], [0.80679, 1.46321, 15.8574], [0.88192, 7.13963, 15.88261], [3.17063, 2.93468, 18.13449], [3.17461, 6.05493, 18.41987], [7.89146, 2.83212, 8.8507], [7.89146, 5.89131, 8.8507], [5.5432, 1.52955, 11.19864], [5.5432, 7.1938, 11.19864], [7.89146, 2.83212, 13.54685], [7.89146, 5.89131, 13.54685], [5.50252, 1.48546, 15.86496], [5.54548, 7.17019, 15.88459], [7.91372, 2.95774, 18.11194], [7.8085, 6.07643, 18.29279]],
 "stress": [0.004800463257390205, 0.003858519666148408, 0.006288364134891264, -0.00038076950573363405, 0.0012040682500015169, -0.0006831331738279226],
 "unique_id": "d3a4b50696c20d68c0e75f37b507c43d",
 "user": "raul_desktop"},
"ids": [1],
"nextid": 2}
