{"1": {
 "calculator": "unknown",
 "calculator_parameters": {"energy": -533.61916288},
 "cell": [[9.3927, 0.0, 0.0], [0.0, 8.72335, 0.0], [0.0, 0.0, 27.0937]],
 "constraints": [{"name": "FixAtoms", "kwargs": {"indices": [0, 1, 2, 3, 4, 5, 6, 7, 8, 9, 10, 11, 12, 13, 14, 15, 16, 17, 18, 19, 34, 35, 36, 37, 38, 39, 40, 41, 42, 43, 44, 45, 46, 47, 48, 49, 50, 51, 52, 53, 66, 67, 68, 69, 70, 71, 76, 77, 78, 79, 80, 81]}}],
 "ctime": 18.97612854226232,
 "energy": -533.61916288,
 "forces": [[1.482164, 0.139793, 1.812801], [1.462578, -0.135804, 1.793428], [-0.976832, 2.008715, 1.510737], [-0.990902, -2.02847, 1.519281], [0.281472, 0.013905, 0.317834], [0.088756, 0.004604, 0.57616], [-0.066322, 0.01499, 0.234024], [-0.049286, -0.050665, 0.222721], [0.263872, -0.116802, 0.43874], [0.270957, 0.113229, 0.454684], [0.104441, 0.000634, 0.189172], [-0.071245, 0.007243, -0.195455], [-0.118628, -0.090404, -0.054287], [-0.080977, 0.054654, -0.033072], [-0.079692, 0.05111, 0.039752], [-0.067665, -0.064321, 0.022618], [-0.011733, -0.063643, 0.05194], [0.036646, -0.015558, -0.164225], [0.140511, -0.071913, -0.19973], [0.005947, 0.413283, -0.210982], [-0.00629, 0.000458, 0.011498], [-0.005499, 0.003226, -0.010479], [-0.007396, -0.000575, -0.001082], [0.002078, 0.000745, 0.005356], [-0.005005, -0.00551, -0.001926], [-0.002187, 0.001737, 0.001072], [-0.000318, -0.001906, -0.003293], [-0.003427, -0.015814, 0.004259], [-0.001239, -0.00049, -0.000523], [-0.001327, 0.006121, -0.001058], [-0.002345, -0.002753, 0.001639], [0.00216, 3.7e-05, 0.005908], [0.002739, 0.005548, 0.004545], [-0.002542, 0.000752, -0.000634], [1.460851, 0.136037, 1.795244], [1.486417, -0.134785, 1.822731], [-0.988938, 2.027404, 1.513979], [-0.970922, -1.997743, 1.500698], [0.277855, -0.015867, 0.313782], [0.09587, 0.002491, 0.565328], [-0.039958, 0.029306, 0.230205], [-0.067321, 0.005273, 0.238808], [0.276667, -0.117293, 0.480545], [0.246504, 0.110166, 0.434517], [0.095614, 0.00386, 0.174868], [-0.073469, -0.011574, -0.182763], [-0.111341, -0.044486, -0.02447], [-0.039817, 0.012705, 0.010703], [-0.092822, 0.070792, 0.065478], [-0.069656, -0.049212, 0.090704], [-0.024595, 0.008153, 0.073374], [0.037694, -0.019172, 0.014117], [-0.127954, -0.047976, 0.318064], [-0.058665, 0.093259, -0.004727], [0.001047, -0.002655, -0.000418], [0.005839, -0.000132, -0.007138], [-0.001775, 0.00121, 0.002604], [-0.004842, -0.000831, -0.003284], [-0.004638, -0.001606, 0.007577], [0.012896, -0.007557, -0.000378], [0.00282, -0.008319, 0.000914], [-0.000637, 0.002189, 0.005968], [-0.00283, -0.000167, 0.006227], [-0.000612, 0.003037, -0.003184], [-0.011189, 0.005947, 0.003696], [-0.009118, 0.006167, -0.011951], [-0.921976, -2.540681, -4.535002], [-0.889973, 2.559711, -4.545556], [0.128998, 0.17842, 0.110136], [0.09811, -0.11346, 0.158424], [0.087715, 0.065756, 0.082812], [0.08194, -0.376776, -0.113931], [-0.000449, 0.01195, -0.001192], [0.001258, -0.001736, 0.001511], [0.002471, 0.007161, 0.001643], [0.00982, -0.00099, 0.001897], [-0.906328, -2.544292, -4.565101], [-0.92904, 2.478176, -4.529108], [0.108277, 0.215752, 0.099], [0.104175, -0.133658, 0.130953], [0.040154, -0.029019, -0.017009], [0.092291, -0.017627, -0.04655], [0.003268, 0.004484, -0.005563], [0.001982, 0.003118, 0.006099], [0.002436, -0.002849, 0.001275], [-0.007565, 0.001784, -0.007981]],
 "magmom": 4.2147518,
 "magmoms": [0.614, 0.63, 0.308, 0.258, -0.141, -0.094, -0.108, -0.106, -0.04, -0.028, 0.032, 0.022, 0.019, 0.02, 0.007, 0.012, -0.01, -0.015, 0.001, 0.007, 0.003, 0.0, 0.02, 0.005, -0.026, 0.009, -0.049, -0.04, -0.025, -0.026, 0.17, 0.092, 0.179, 0.197, 0.63, 0.612, 0.256, 0.316, -0.139, -0.096, -0.103, -0.102, -0.03, -0.041, 0.033, 0.013, 0.017, 0.02, 0.006, 0.0, -0.006, -0.014, -0.03, -0.029, -0.003, -0.002, -0.014, -0.003, 0.01, 0.011, 0.017, -0.01, 0.004, 0.011, -0.117, -0.017, 0.061, 0.056, -0.009, -0.011, 0.003, 0.015, -0.034, -0.005, 0.178, 0.141, 0.061, 0.062, -0.017, 0.003, -0.001, -0.021, -0.054, -0.036, -0.073, -0.013],
 "mtime": 18.97612854226232,
 "numbers": [8, 8, 8, 8, 8, 8, 8, 8, 8, 8, 8, 8, 8, 8, 8, 8, 8, 8, 8, 8, 8, 8, 8, 8, 8, 8, 8, 8, 8, 8, 8, 8, 8, 8, 8, 8, 8, 8, 8, 8, 8, 8, 8, 8, 8, 8, 8, 8, 8, 8, 8, 8, 8, 8, 8, 8, 8, 8, 8, 8, 8, 8, 8, 8, 8, 8, 77, 77, 77, 77, 77, 77, 77, 77, 77, 77, 77, 77, 77, 77, 77, 77, 77, 77, 77, 77],
 "pbc": [true, true, true],
 "positions": [[1.84444, 2.83282, 7.50008], [1.84444, 5.89053, 7.50008], [4.19253, 1.52885, 7.85311], [4.19253, 7.1945, 7.85311], [4.04205, 4.36167, 8.00348], [2.34808, 4.36167, 9.69738], [2.19761, 1.52885, 9.84802], [2.19761, 7.1945, 9.84802], [4.54579, 2.83282, 10.20132], [4.54579, 5.89053, 10.20132], [4.69635, 0.0, 10.35169], [1.69388, 0.0, 12.04532], [1.84444, 2.83282, 12.19623], [1.84444, 5.89053, 12.19623], [4.19253, 1.52885, 12.54926], [4.19253, 7.1945, 12.54926], [4.04205, 4.36167, 12.69963], [2.34808, 4.36167, 14.39407], [2.19761, 1.52885, 14.54444], [2.19761, 7.1945, 14.54444], [4.54136, 2.83392, 14.90696], [4.5372, 5.87506, 14.89446], [4.67167, 8.70845, 15.02248], [1.6783, 0.00816, 16.76488], [1.84992, 2.82968, 16.83983], [1.90271, 5.88651, 16.82548], [4.17068, 1.50203, 17.25018], [4.21332, 7.15166, 17.28093], [3.88254, 4.34827, 17.32787], [2.35791, 4.33836, 19.17407], [2.09151, 1.69574, 19.12847], [2.08039, 6.98292, 19.14], [4.61168, 2.84604, 19.45935], [4.57443, 5.82129, 19.51766], [6.54079, 2.83282, 7.50008], [6.54079, 5.89053, 7.50008], [8.88888, 1.52885, 7.85311], [8.88888, 7.1945, 7.85311], [8.7384, 4.36167, 8.00348], [7.04443, 4.36167, 9.69738], [6.89396, 1.52885, 9.84802], [6.89396, 7.1945, 9.84802], [9.24214, 2.83282, 10.20132], [9.24214, 5.89053, 10.20132], [0.0, 0.0, 10.35169], [6.39023, 0.0, 12.04532], [6.54079, 2.83282, 12.19623], [6.54079, 5.89053, 12.19623], [8.88888, 1.52885, 12.54926], [8.88888, 7.1945, 12.54926], [8.7384, 4.36167, 12.69963], [7.04443, 4.36167, 14.39407], [6.89396, 1.52885, 14.54444], [6.89396, 7.1945, 14.54444], [9.25386, 2.84848, 14.89553], [9.22557, 5.88279, 14.93006], [0.00067, 8.71443, 15.08848], [6.377, 8.69236, 16.75052], [6.51414, 2.82722, 16.96756], [6.53894, 5.82882, 16.87363], [8.85007, 1.57728, 17.20655], [8.95535, 7.1768, 17.32825], [8.87023, 4.46361, 17.53216], [7.05068, 4.47929, 19.06098], [8.4366, 2.33106, 19.67811], [7.35187, 6.9893, 19.69457], [3.19502, 2.83212, 8.8507], [3.19502, 5.89131, 8.8507], [0.84685, 1.52955, 11.19864], [0.84685, 7.1938, 11.19864], [3.19502, 2.83212, 13.54685], [3.19502, 5.89131, 13.54685], [0.85068, 1.53483, 15.89395], [0.88388, 7.1695, 15.89713], [3.23788, 2.79475, 18.34591], [3.24049, 5.89604, 18.35979], [7.89146, 2.83212, 8.8507], [7.89146, 5.89131, 8.8507], [5.5432, 1.52955, 11.19864], [5.5432, 7.1938, 11.19864], [7.89146, 2.83212, 13.54685], [7.89146, 5.89131, 13.54685], [5.51647, 1.4912, 15.88966], [5.53649, 7.17894, 15.88107], [7.92177, 2.99573, 18.15337], [7.79446, 6.11294, 18.26889]],
 "stress": [0.005220535546089526, 0.005265917558943824, 0.006317643054200783, -0.00010468259105931401, 0.0014959649072916993, -0.0002993115701317316],
 "unique_id": "d91dc41940ad80e7aaea45bc37afdafc",
 "user": "raul_desktop"},
"ids": [1],
"nextid": 2}
