{"1": {
 "calculator": "unknown",
 "calculator_parameters": {"energy": -543.77308955},
 "cell": [[9.3927, 0.0, 0.0], [0.0, 8.72335, 0.0], [0.0, 0.0, 27.0937]],
 "constraints": [{"name": "FixAtoms", "kwargs": {"indices": [0, 1, 2, 3, 4, 5, 6, 7, 8, 9, 10, 11, 12, 13, 14, 15, 16, 17, 18, 19, 33, 34, 35, 36, 37, 38, 39, 40, 41, 42, 43, 44, 45, 46, 47, 48, 49, 50, 51, 52, 67, 68, 69, 70, 71, 72, 77, 78, 79, 80, 81, 82]}}],
 "ctime": 18.976120180038887,
 "energy": -543.77308955,
 "forces": [[1.449463, 0.133378, 1.784928], [1.483276, -0.127534, 1.821735], [-0.986784, 2.024193, 1.511269], [-0.966556, -1.99799, 1.504025], [0.280556, -0.009328, 0.308918], [0.095324, 0.000262, 0.561021], [-0.060889, 0.01563, 0.231828], [-0.069358, 0.012578, 0.24566], [0.281222, -0.115405, 0.480925], [0.258131, 0.126978, 0.44469], [0.122159, 0.00131, 0.177914], [-0.075638, 0.011278, -0.192553], [-0.118528, -0.072133, -0.044803], [-0.031236, 0.016365, 0.006268], [-0.104913, 0.060837, 0.031964], [-0.057559, -0.066603, 0.084427], [-0.018756, -0.016813, 0.071658], [0.062417, -0.05156, 0.005766], [-0.177358, -0.010958, 0.372185], [0.10165, 0.041141, -0.21984], [-0.001327, 0.00032, -0.006103], [-0.001513, -0.001443, -0.000669], [0.001648, -0.001687, 0.005271], [-0.002133, -0.002908, 0.00483], [-0.006995, -0.000182, -0.00612], [0.00228, 0.003219, 0.004519], [-0.001418, -0.001023, -0.005228], [-0.003343, 0.000629, -0.002643], [0.006981, 0.013973, 0.004111], [0.005259, -0.002024, -0.002248], [-0.001032, -0.000868, -0.006651], [0.014314, -0.008275, -0.009559], [-0.008653, -0.000659, 0.003013], [1.475944, 0.143991, 1.803148], [1.476788, -0.135557, 1.80648], [-0.977628, 2.011637, 1.509024], [-0.97911, -2.013116, 1.513543], [0.287235, 0.002914, 0.313478], [0.091364, 0.00734, 0.572065], [-0.056583, 0.035478, 0.22437], [-0.0614, -0.041089, 0.222093], [0.280803, -0.110433, 0.455385], [0.26694, 0.110776, 0.441338], [0.112973, -0.00506, 0.183662], [-0.08962, 0.007849, -0.205476], [-0.105784, -0.103289, -0.070613], [-0.036434, -0.005079, -0.003411], [-0.069397, 0.013307, -0.001513], [-0.042449, -0.064162, 0.026856], [0.010757, -0.086106, 0.061314], [0.052408, -0.026208, -0.142342], [0.156124, -0.114231, -0.237671], [-0.140225, 0.310887, 0.004111], [-0.000726, 0.002759, 0.002295], [-0.004235, -0.002313, -0.006606], [-0.002915, 0.003786, 0.004955], [-0.003839, 0.002773, -0.000168], [-0.008731, -0.003368, 0.003929], [0.003107, 0.001584, -0.013897], [-0.006746, -1.2e-05, 0.001539], [0.002135, 0.00357, -0.000165], [-0.005723, 0.003096, -0.001832], [0.001545, 0.007104, 0.002573], [0.006084, -0.006022, 0.008457], [-0.014012, 0.00797, 0.005356], [0.004517, 0.007107, 0.011208], [0.01445, 0.009, 0.004136], [-0.892567, -2.53249, -4.545012], [-0.932077, 2.471155, -4.539903], [0.126619, 0.235338, 0.101923], [0.094178, -0.135563, 0.151594], [0.010565, 0.030869, -0.023562], [0.117391, -0.030161, -0.080171], [-9.3e-05, 0.004362, 0.003589], [0.00366, -0.001473, 0.00668], [-0.007058, -0.00923, 0.015605], [-0.006875, 0.011096, 0.001254], [-0.932225, -2.556212, -4.537434], [-0.920322, 2.544992, -4.538302], [0.107801, 0.181626, 0.1022], [0.108839, -0.086935, 0.154036], [0.055318, 0.123422, 0.162676], [-0.042437, -0.20791, -0.096324], [0.00122, -0.003476, 0.002528], [-0.006716, 0.00148, 0.00336], [-0.003093, 0.010429, 0.002728], [0.002935, -0.004528, -0.011307], [0.006633, 0.001624, -0.004288]],
 "magmom": 4.4183228,
 "magmoms": [0.635, 0.612, 0.265, 0.316, -0.139, -0.094, -0.095, -0.093, -0.027, -0.035, 0.036, 0.017, 0.023, 0.029, 0.008, 0.002, -0.012, -0.014, -0.006, -0.005, 0.008, 0.004, -0.009, -0.001, 0.009, 0.015, 0.008, 0.004, 0.001, -0.011, 0.053, -0.035, -0.003, 0.621, 0.62, 0.29, 0.29, -0.139, -0.093, -0.108, -0.106, -0.034, -0.031, 0.031, 0.02, 0.017, 0.017, 0.018, 0.017, -0.015, -0.014, 0.009, 0.005, 0.005, 0.01, 0.005, 0.007, -0.001, 0.022, -0.027, -0.012, -0.011, -0.018, 0.087, -0.051, 0.171, 0.107, 0.064, 0.062, 0.006, 0.019, 0.01, -0.012, -0.035, 0.02, 0.044, -0.034, 0.061, 0.056, -0.006, -0.0, -0.001, -0.002, -0.003, 0.027, 0.141, -0.003, 0.0],
 "mtime": 18.976120180038887,
 "numbers": [8, 8, 8, 8, 8, 8, 8, 8, 8, 8, 8, 8, 8, 8, 8, 8, 8, 8, 8, 8, 8, 8, 8, 8, 8, 8, 8, 8, 8, 8, 8, 8, 8, 8, 8, 8, 8, 8, 8, 8, 8, 8, 8, 8, 8, 8, 8, 8, 8, 8, 8, 8, 8, 8, 8, 8, 8, 8, 8, 8, 8, 8, 8, 8, 8, 8, 8, 77, 77, 77, 77, 77, 77, 77, 77, 77, 77, 77, 77, 77, 77, 77, 77, 77, 77, 77, 77, 1],
 "pbc": [true, true, true],
 "positions": [[1.84444, 2.83282, 7.50008], [1.84444, 5.89053, 7.50008], [4.19253, 1.52885, 7.85311], [4.19253, 7.1945, 7.85311], [4.04205, 4.36167, 8.00348], [2.34808, 4.36167, 9.69738], [2.19761, 1.52885, 9.84802], [2.19761, 7.1945, 9.84802], [4.54579, 2.83282, 10.20132], [4.54579, 5.89053, 10.20132], [4.69635, 0.0, 10.35169], [1.69388, 0.0, 12.04532], [1.84444, 2.83282, 12.19623], [1.84444, 5.89053, 12.19623], [4.19253, 1.52885, 12.54926], [4.19253, 7.1945, 12.54926], [4.04205, 4.36167, 12.69963], [2.34808, 4.36167, 14.39407], [2.19761, 1.52885, 14.54444], [2.19761, 7.1945, 14.54444], [4.5643, 2.84006, 14.88252], [4.53023, 5.88523, 14.93147], [4.69043, 8.69645, 15.09619], [1.69193, 8.70626, 16.73288], [1.77309, 2.82659, 17.00849], [1.89175, 5.9228, 16.92793], [4.13512, 1.57296, 17.18743], [4.25332, 7.16959, 17.35906], [4.19071, 4.37734, 17.56653], [2.34501, 4.43142, 19.08204], [3.6158, 2.19851, 19.68903], [2.04592, 7.08085, 19.32211], [4.49264, 5.94163, 19.73426], [6.54079, 2.83282, 7.50008], [6.54079, 5.89053, 7.50008], [8.88888, 1.52885, 7.85311], [8.88888, 7.1945, 7.85311], [8.7384, 4.36167, 8.00348], [7.04443, 4.36167, 9.69738], [6.89396, 1.52885, 9.84802], [6.89396, 7.1945, 9.84802], [9.24214, 2.83282, 10.20132], [9.24214, 5.89053, 10.20132], [0.0, 0.0, 10.35169], [6.39023, 0.0, 12.04532], [6.54079, 2.83282, 12.19623], [6.54079, 5.89053, 12.19623], [8.88888, 1.52885, 12.54926], [8.88888, 7.1945, 12.54926], [8.7384, 4.36167, 12.69963], [7.04443, 4.36167, 14.39407], [6.89396, 1.52885, 14.54444], [6.89396, 7.1945, 14.54444], [9.24151, 2.82557, 14.89915], [9.24069, 5.88526, 14.90484], [9.37575, 8.67922, 15.03987], [6.38036, 0.00013, 16.75156], [6.55449, 2.81855, 16.8359], [6.59262, 5.88814, 16.84808], [8.8566, 1.49214, 17.23931], [8.94804, 7.13554, 17.30469], [8.58935, 4.34227, 17.31996], [7.05639, 4.3343, 19.15898], [6.76745, 1.67467, 19.12378], [6.8766, 7.03953, 19.1443], [9.27737, 2.82551, 19.45874], [9.29608, 5.74623, 19.54995], [3.19502, 2.83212, 8.8507], [3.19502, 5.89131, 8.8507], [0.84685, 1.52955, 11.19864], [0.84685, 7.1938, 11.19864], [3.19502, 2.83212, 13.54685], [3.19502, 5.89131, 13.54685], [0.81614, 1.48122, 15.88805], [0.8632, 7.15913, 15.88689], [3.20312, 2.94999, 18.17773], [3.1352, 6.0663, 18.38582], [7.89146, 2.83212, 8.8507], [7.89146, 5.89131, 8.8507], [5.5432, 1.52955, 11.19864], [5.5432, 7.1938, 11.19864], [7.89146, 2.83212, 13.54685], [7.89146, 5.89131, 13.54685], [5.54133, 1.5251, 15.88865], [5.57306, 7.15557, 15.91195], [7.90887, 2.77728, 18.33902], [7.99369, 5.87569, 18.365], [5.25485, 6.56856, 19.58501]],
 "stress": [0.005498351358791716, 0.005522349961380737, 0.006505880727928295, -0.0003444439226209935, 0.0013082764863672637, -0.00023059879616488284],
 "unique_id": "56a983a4e34cbd87cfc9a9cf1eba5833",
 "user": "raul_desktop"},
"ids": [1],
"nextid": 2}
