{"1": {
 "calculator": "unknown",
 "calculator_parameters": {"energy": -411.93204852},
 "cell": [[7.0938, 0.0, 0.0], [-0.371174258, 7.084082729, 0.0], [0.0, 0.0, 27.8371]],
 "constraints": [{"name": "FixAtoms", "kwargs": {"indices": [0, 1, 2, 3, 8, 9, 10, 11, 16, 17, 18, 19, 24, 25, 26, 27, 32, 33, 34, 35, 40, 41, 42, 43, 48, 49, 50, 51, 56, 57, 58, 59]}}],
 "ctime": 20.2703614298791,
 "energy": -411.93204852,
 "forces": [[-0.173715, -0.750532, 2.352722], [-0.162336, -0.738377, 2.321675], [-0.479921, -0.239041, -0.207121], [-0.426413, -0.254356, -0.177461], [0.003612, -0.002251, -0.006801], [0.000153, -0.003896, -0.007461], [-0.009901, 0.006675, -0.013992], [0.004371, -0.006002, -0.003122], [0.75933, 0.194793, 2.314022], [0.734056, 0.211559, 2.343348], [0.196327, 0.431804, -0.167706], [0.136952, 0.429556, -0.185412], [0.003207, 0.002299, 0.00211], [0.006851, -0.00319, 0.000603], [-0.005264, -0.002174, -0.00596], [0.01152, -0.002302, 0.01134], [-0.280324, -0.23989, 0.171376], [-0.310906, -0.245221, 0.17999], [0.102305, 0.168256, 0.006219], [0.107298, 0.186144, 0.060073], [-0.010286, -0.002597, -0.002669], [-0.000522, 0.002305, -0.003454], [0.004805, -0.005119, 0.013367], [0.012592, -0.003839, -0.004999], [-0.438497, 0.091459, -1.116788], [-0.428434, 0.095544, -1.085829], [-0.131331, -0.086027, -0.045415], [-0.121752, -0.087055, -0.025478], [0.001326, -0.00185, -0.003597], [0.000378, -0.00088, -0.002683], [0.003853, -0.000808, -0.001761], [-0.018389, 0.000594, 0.00591], [-0.071442, -0.131803, -1.212981], [-0.056027, -0.121555, -1.218608], [0.339537, -0.023605, 0.038971], [0.290691, -0.022159, 0.029605], [0.002757, 0.001161, 0.005386], [-0.002295, 0.006655, -0.013375], [0.001058, 0.003676, -0.002861], [0.002953, -0.001549, 0.007246], [0.307981, 0.296494, 0.197331], [0.271379, 0.299015, 0.21367], [-0.178898, -0.170875, 0.082548], [-0.138558, -0.114561, -0.149482], [-0.003925, 0.002548, 0.000921], [0.004507, 0.004161, -0.005452], [-0.003353, 0.006917, 0.002391], [0.003503, 0.000904, -0.009417], [-0.108942, 0.415695, -1.08749], [-0.126841, 0.443169, -1.080561], [0.041948, 0.131507, -0.036656], [0.051653, 0.198037, -0.060816], [0.006296, 0.000797, -0.000887], [0.002049, 0.001832, 0.002204], [0.004771, 0.007151, -0.00822], [0.001034, 0.003733, 0.004559], [0.105151, 0.071763, -1.203908], [0.117004, 0.08947, -1.212463], [0.038399, -0.297922, -0.004933], [0.021032, -0.264929, 0.00388], [-0.011321, 0.003173, -0.00543], [-0.007331, -0.002459, 0.003888], [0.007491, 0.001726, -0.003284], [-0.002279, 0.004933, 0.002223], [-0.000928, 0.011318, 0.00696]],
 "magmom": 0.0194712,
 "magmoms": [0.0, 0.0, 0.0, 0.0, 0.001, -0.0, 0.002, 0.001, 0.0, 0.0, 0.0, 0.0, 0.0, -0.0, 0.001, 0.002, 0.0, -0.0, 0.0, -0.0, 0.0, 0.0, 0.001, 0.002, 0.0, 0.0, 0.0, -0.0, -0.0, 0.0, -0.0, 0.002, 0.0, -0.0, 0.0, -0.0, 0.0, 0.0, -0.0, -0.0, 0.0, -0.0, 0.0, 0.0, 0.001, -0.0, 0.001, 0.0, 0.0, 0.0, 0.0, 0.0, 0.0, -0.0, 0.001, 0.0, 0.0, 0.0, 0.0, 0.0, -0.0, 0.0, 0.0, 0.0, 0.0],
 "mtime": 20.2703614298791,
 "numbers": [77, 77, 77, 77, 77, 77, 77, 77, 77, 77, 77, 77, 77, 77, 77, 77, 8, 8, 8, 8, 8, 8, 8, 8, 8, 8, 8, 8, 8, 8, 8, 8, 8, 8, 8, 8, 8, 8, 8, 8, 8, 8, 8, 8, 8, 8, 8, 8, 8, 8, 8, 8, 8, 8, 8, 8, 8, 8, 8, 8, 8, 8, 8, 8, 1],
 "pbc": [true, true, true],
 "positions": [[3.35522, 2.67054, 8.04604], [6.71654, 6.21258, 8.04604], [-0.00602, 2.49443, 11.58361], [3.35529, 6.03647, 11.58361], [-0.02459, 5.86177, 15.12918], [3.70206, 2.32471, 15.12235], [0.3781, 2.10471, 18.7681], [3.72649, 5.67013, 18.75648], [3.16964, 6.21258, 8.04604], [6.90212, 2.67054, 8.04604], [-0.19161, 6.03647, 11.58361], [3.54088, 2.49443, 11.58361], [0.16422, 2.32098, 15.13176], [3.52918, 5.87284, 15.13182], [0.22481, 5.68338, 18.7495], [3.9301, 2.14347, 18.64143], [2.92937, 2.03588, 9.81482], [6.29068, 5.57792, 9.81482], [2.92936, 5.40181, 13.35239], [6.66185, 1.85977, 13.35239], [3.28684, 1.69769, 16.89814], [6.73684, 5.31711, 16.93469], [0.0055, 1.4216, 20.35191], [3.26548, 5.04792, 20.34882], [1.58182, 2.15121, 7.50024], [4.94313, 5.69325, 7.50024], [1.58181, 5.51714, 11.03781], [5.3143, 1.9751, 11.03781], [1.93786, 1.78309, 14.57736], [5.30381, 5.32355, 14.59086], [1.95898, 5.12346, 18.08633], [5.67277, 1.58808, 18.09552], [1.39621, 6.73199, 8.59184], [5.1287, 3.18995, 8.59184], [1.76738, 3.01384, 12.12941], [5.12869, 6.55588, 12.12941], [1.75409, 6.41192, 15.64305], [5.47212, 2.86267, 15.65556], [2.15698, 2.71467, 19.20402], [5.50417, 6.24129, 19.20983], [0.41977, 3.12895, 9.81482], [3.78108, 6.67099, 9.81482], [0.41976, 6.49488, 13.35239], [4.15225, 2.95284, 13.35239], [0.68879, 2.66582, 16.93872], [4.07292, 6.22527, 16.94062], [0.87067, 6.07485, 20.35099], [4.56957, 2.55977, 20.43923], [0.23422, 4.46877, 7.5], [3.96671, 0.92672, 7.5], [0.60539, 0.75061, 11.03756], [3.9667, 4.29265, 11.03756], [0.60853, 4.11843, 14.59881], [4.34246, 0.57725, 14.58125], [1.00934, 0.38822, 18.10675], [4.37578, 3.92551, 18.14528], [2.74381, 4.41436, 8.59184], [6.4763, 0.87232, 8.59184], [3.11505, 0.69621, 12.12941], [6.47636, 4.23825, 12.12941], [3.07132, 4.0622, 15.65436], [6.7913, 0.51513, 15.64217], [3.45985, 0.3666, 19.22788], [6.8102, 3.87646, 19.18222], [4.16242, 1.95066, 21.09057]],
 "stress": [-5.421998977654786e-05, -0.0008289535515359332, 0.003748606690441604, 0.0002779780919394627, -0.0004590193056448325, -0.0007738472674635099],
 "unique_id": "53528b4fc0df60e12e81d816ea797047",
 "user": "raul_desktop"},
"ids": [1],
"nextid": 2}
