{"1": {
 "calculator": "unknown",
 "calculator_parameters": {"energy": -430.86269935},
 "cell": [[6.3788, 0.0, 0.0], [0.0, 9.08, 0.0], [0.0, 0.0, 26.3501]],
 "constraints": [{"name": "FixAtoms", "kwargs": {"indices": [0, 1, 2, 3, 4, 5, 6, 11, 12, 13, 14, 15, 16, 17, 22, 23, 24, 25, 26, 27, 28, 33, 34, 35, 36, 37, 38, 39, 44, 45, 46, 49, 50, 51, 54, 55, 56, 59, 60, 61]}}],
 "ctime": 18.976128199492123,
 "energy": -430.86269935,
 "forces": [[-0.0, 1.811493, 0.825129], [0.0, -0.488913, -1.397667], [0.0, -0.762059, 0.902243], [-0.0, 1.030093, -0.988954], [-0.0, 1.225201, 1.170509], [0.0, -0.670487, -0.742509], [0.0, -0.469593, 0.696306], [-0.0, 0.001917, -0.004964], [0.0, 0.015499, -0.010983], [-0.0, 0.001223, -0.001792], [-0.0, 0.007056, -0.003074], [-0.0, 1.811493, 0.825129], [-0.0, -0.488913, -1.397667], [-0.0, -0.762059, 0.902243], [-0.0, 1.030093, -0.988954], [0.0, 1.225201, 1.170509], [-0.0, -0.670487, -0.742509], [-0.0, -0.469593, 0.696306], [0.0, 0.001917, -0.004964], [0.0, 0.015499, -0.010983], [-0.0, 0.001223, -0.001792], [0.0, 0.007056, -0.003074], [0.0, 1.811493, 0.825129], [-0.0, -0.488913, -1.397667], [0.0, -0.762059, 0.902243], [-0.0, 1.030093, -0.988954], [0.0, 1.225201, 1.170509], [-0.0, -0.670487, -0.742509], [0.0, -0.469593, 0.696306], [-0.0, 0.001917, -0.004964], [-0.0, 0.015499, -0.010983], [-0.0, 0.001223, -0.001792], [-0.0, 0.007056, -0.003074], [0.0, 1.811493, 0.825129], [-0.0, -0.488913, -1.397667], [-0.0, -0.762059, 0.902243], [-0.0, 1.030093, -0.988954], [0.0, 1.225201, 1.170509], [-0.0, -0.670487, -0.742509], [0.0, -0.469593, 0.696306], [-0.0, 0.001917, -0.004964], [-0.0, 0.015499, -0.010983], [-0.0, 0.001223, -0.001792], [-0.0, 0.007056, -0.003074], [-0.0, -1.518118, -0.263703], [-0.0, -0.171246, -0.400712], [-0.0, -0.016853, 0.213824], [0.0, -0.005467, -0.003473], [-0.0, 0.010253, 0.00982], [-0.0, -1.518118, -0.263703], [-0.0, -0.171246, -0.400712], [0.0, -0.016853, 0.213824], [-0.0, -0.005467, -0.003473], [-0.0, 0.010253, 0.00982], [-0.0, -1.518118, -0.263703], [-0.0, -0.171246, -0.400712], [0.0, -0.016853, 0.213824], [0.0, -0.005467, -0.003473], [-0.0, 0.010253, 0.00982], [-0.0, -1.518118, -0.263703], [-0.0, -0.171246, -0.400712], [-0.0, -0.016853, 0.213824], [-0.0, -0.005467, -0.003473], [-0.0, 0.010253, 0.00982]],
 "magmom": 4.1392152,
 "magmoms": [0.033, -0.003, 0.02, 0.039, 0.001, -0.011, 0.019, -0.022, -0.023, -0.074, 0.525, 0.033, -0.003, 0.02, 0.039, 0.001, -0.011, 0.019, -0.022, -0.023, -0.074, 0.525, 0.033, -0.003, 0.02, 0.039, 0.001, -0.011, 0.019, -0.022, -0.023, -0.074, 0.525, 0.033, -0.003, 0.02, 0.039, 0.001, -0.011, 0.019, -0.022, -0.023, -0.074, 0.525, 0.062, 0.027, 0.096, -0.115, 0.324, 0.062, 0.027, 0.096, -0.115, 0.324, 0.062, 0.027, 0.096, -0.115, 0.324, 0.062, 0.027, 0.096, -0.115, 0.324],
 "mtime": 18.976128199492123,
 "numbers": [8, 8, 8, 8, 8, 8, 8, 8, 8, 8, 8, 8, 8, 8, 8, 8, 8, 8, 8, 8, 8, 8, 8, 8, 8, 8, 8, 8, 8, 8, 8, 8, 8, 8, 8, 8, 8, 8, 8, 8, 8, 8, 8, 8, 77, 77, 77, 77, 77, 77, 77, 77, 77, 77, 77, 77, 77, 77, 77, 77, 77, 77, 77, 77],
 "pbc": [true, true, true],
 "positions": [[1.5947, 0.454, 7.50003], [1.5947, 2.27, 9.31608], [0.0, 0.0, 9.76983], [0.0, 2.724, 11.58588], [1.5947, 0.454, 12.03962], [1.5947, 2.27, 13.85567], [0.0, 0.0, 14.30995], [-0.0, 2.83272, 16.08142], [1.5947, 0.5941, 16.57948], [1.5947, 2.34615, 18.2351], [-0.0, 0.13, 18.80578], [1.5947, 4.994, 7.50003], [1.5947, 6.81, 9.31608], [0.0, 4.54, 9.76983], [0.0, 7.264, 11.58588], [1.5947, 4.994, 12.03962], [1.5947, 6.81, 13.85567], [0.0, 4.54, 14.30995], [-0.0, 7.37272, 16.08142], [1.5947, 5.1341, 16.57948], [1.5947, 6.88615, 18.2351], [-0.0, 4.67, 18.80578], [4.7841, 0.454, 7.50003], [4.7841, 2.27, 9.31608], [3.1894, 0.0, 9.76983], [3.1894, 2.724, 11.58588], [4.7841, 0.454, 12.03962], [4.7841, 2.27, 13.85567], [3.1894, 0.0, 14.30995], [3.1894, 2.83272, 16.08142], [4.7841, 0.5941, 16.57948], [4.7841, 2.34615, 18.2351], [3.1894, 0.13, 18.80578], [4.7841, 4.994, 7.50003], [4.7841, 6.81, 9.31608], [3.1894, 4.54, 9.76983], [3.1894, 7.264, 11.58588], [4.7841, 4.994, 12.03962], [4.7841, 6.81, 13.85567], [3.1894, 4.54, 14.30995], [3.1894, 7.37272, 16.08142], [4.7841, 5.1341, 16.57948], [4.7841, 6.88615, 18.2351], [3.1894, 4.67, 18.80578], [0.0, 1.362, 8.40805], [1.5947, 3.632, 10.67785], [0.0, 1.362, 12.94765], [1.5947, 3.70015, 15.21325], [-0.0, 1.38602, 17.56282], [0.0, 5.902, 8.40805], [1.5947, 8.172, 10.67785], [0.0, 5.902, 12.94765], [1.5947, 8.24015, 15.21325], [-0.0, 5.92602, 17.56282], [3.1894, 1.362, 8.40805], [4.7841, 3.632, 10.67785], [3.1894, 1.362, 12.94765], [4.7841, 3.70015, 15.21325], [3.1894, 1.38602, 17.56282], [3.1894, 5.902, 8.40805], [4.7841, 8.172, 10.67785], [3.1894, 5.902, 12.94765], [4.7841, 8.24015, 15.21325], [3.1894, 5.92602, 17.56282]],
 "stress": [0.02835605601167439, 0.0008069022997941876, -0.0010676413435279607, 0.004589625079117869, -0.0, -0.0],
 "unique_id": "5669664a544cf2a0642ba0930f5a017b",
 "user": "raul_desktop"},
"ids": [1],
"nextid": 2}
