{"1": {
 "calculator": "unknown",
 "calculator_parameters": {"energy": -435.73401277},
 "cell": [[6.3788, 0.0, 0.0], [0.0, 9.08, 0.0], [0.0, 0.0, 26.3501]],
 "constraints": [{"name": "FixAtoms", "kwargs": {"indices": [0, 1, 2, 3, 4, 5, 6, 11, 12, 13, 14, 15, 16, 17, 22, 23, 24, 25, 26, 27, 28, 33, 34, 35, 36, 37, 38, 39, 44, 45, 46, 49, 50, 51, 54, 55, 56, 59, 60, 61]}}],
 "ctime": 18.976128199812194,
 "energy": -435.73401277,
 "forces": [[-0.001895, 1.808952, 0.822561], [0.002688, -0.486739, -1.398556], [0.0, -0.754797, 0.900028], [0.0, 1.012258, -0.96516], [0.000677, 1.214581, 1.172217], [-0.030621, -0.693769, -0.778875], [0.0, -0.504338, 0.703076], [0.0, 0.004678, 0.006849], [0.004893, 0.002556, 0.001248], [0.000858, 0.003383, 0.002787], [0.0, -0.001652, -0.016403], [-0.003483, 1.811932, 0.827192], [-0.000292, -0.488542, -1.398376], [0.0, -0.753076, 0.895241], [0.0, 1.029461, -0.989924], [0.007703, 1.222282, 1.177578], [0.024977, -0.632001, -0.711086], [0.0, -0.537108, 0.752308], [0.0, 0.00038, -0.014069], [0.001718, -0.004865, 0.004738], [-0.000884, 0.001492, 0.001813], [0.0, -0.006307, 0.000736], [0.001895, 1.808952, 0.822561], [-0.002688, -0.486739, -1.398556], [0.0, -0.759211, 0.900394], [0.0, 1.043325, -0.996434], [-0.000677, 1.214581, 1.172217], [0.030621, -0.693769, -0.778875], [0.0, -0.49456, 0.753282], [0.0, -0.000523, -0.012124], [-0.004893, 0.002556, 0.001248], [-0.000858, 0.003383, 0.002787], [0.0, 0.00596, 0.010768], [0.003483, 1.811932, 0.827192], [0.000292, -0.488542, -1.398376], [0.0, -0.768626, 0.91942], [0.0, 1.043878, -1.001656], [-0.007703, 1.222282, 1.177578], [-0.024977, -0.632001, -0.711086], [0.0, -0.376916, 0.65603], [0.0, -0.002161, -0.000907], [-0.001718, -0.004865, 0.004738], [0.000884, 0.001492, 0.001813], [0.0, -0.006177, -0.004153], [0.0, -1.532618, -0.25967], [-0.011304, -0.172813, -0.398456], [0.0, 0.029846, 0.148946], [5.6e-05, 0.001448, 0.004545], [0.0, -0.005093, 0.006383], [0.0, -1.519418, -0.25709], [0.00516, -0.15849, -0.40804], [0.0, 0.030519, 0.155546], [-0.002692, 0.000173, 0.002185], [0.0, 0.003393, 0.002475], [0.0, -1.511475, -0.25447], [0.011304, -0.172813, -0.398456], [0.0, -0.011795, 0.22305], [-5.6e-05, 0.001448, 0.004545], [0.0, 0.008746, -0.00531], [0.0, -1.499682, -0.281339], [-0.00516, -0.15849, -0.40804], [0.0, -0.024826, 0.182655], [0.002692, 0.000173, 0.002185], [0.0, -0.00083, 0.00775], [0.0, -0.000414, -0.013175]],
 "magmom": 3.666421,
 "magmoms": [0.037, -0.001, 0.027, 0.035, 0.006, -0.008, 0.019, -0.011, -0.002, 0.008, 0.414, 0.013, -0.001, 0.009, 0.018, -0.006, -0.008, 0.006, -0.018, -0.017, -0.068, 0.495, 0.038, -0.002, 0.03, 0.01, 0.005, -0.007, 0.003, 0.02, -0.002, 0.006, 0.192, 0.015, -0.002, -0.004, 0.036, -0.006, -0.008, 0.013, -0.02, -0.017, -0.069, 0.538, 0.074, -0.01, 0.107, -0.055, 0.26, 0.042, 0.051, 0.02, -0.082, 0.302, 0.084, -0.013, 0.034, -0.054, 0.339, 0.0, 0.051, 0.071, -0.08, 0.349, 0.001],
 "mtime": 18.976128199812194,
 "numbers": [8, 8, 8, 8, 8, 8, 8, 8, 8, 8, 8, 8, 8, 8, 8, 8, 8, 8, 8, 8, 8, 8, 8, 8, 8, 8, 8, 8, 8, 8, 8, 8, 8, 8, 8, 8, 8, 8, 8, 8, 8, 8, 8, 8, 77, 77, 77, 77, 77, 77, 77, 77, 77, 77, 77, 77, 77, 77, 77, 77, 77, 77, 77, 77, 1],
 "pbc": [true, true, true],
 "positions": [[1.5947, 0.454, 7.50003], [1.5947, 2.27, 9.31608], [0.0, 0.0, 9.76983], [0.0, 2.724, 11.58588], [1.5947, 0.454, 12.03962], [1.5947, 2.27, 13.85567], [0.0, 0.0, 14.30995], [0.0, 2.82174, 16.07777], [1.596, 0.57649, 16.58987], [1.58283, 2.3411, 18.22824], [0.0, 0.12544, 18.8357], [1.5947, 4.994, 7.50003], [1.5947, 6.81, 9.31608], [0.0, 4.54, 9.76983], [0.0, 7.264, 11.58588], [1.5947, 4.994, 12.03962], [1.5947, 6.81, 13.85567], [0.0, 4.54, 14.30995], [0.0, 7.36602, 16.08204], [1.59255, 5.13723, 16.57726], [1.58521, 6.87846, 18.2384], [0.0, 4.66165, 18.81395], [4.7841, 0.454, 7.50003], [4.7841, 2.27, 9.31608], [3.1894, 0.0, 9.76983], [3.1894, 2.724, 11.58588], [4.7841, 0.454, 12.03962], [4.7841, 2.27, 13.85567], [3.1894, 0.0, 14.30995], [3.1894, 2.84463, 16.05122], [4.7828, 0.57649, 16.58987], [4.79597, 2.3411, 18.22824], [3.1894, 0.10185, 18.87159], [4.7841, 4.994, 7.50003], [4.7841, 6.81, 9.31608], [3.1894, 4.54, 9.76983], [3.1894, 7.264, 11.58588], [4.7841, 4.994, 12.03962], [4.7841, 6.81, 13.85567], [3.1894, 4.54, 14.30995], [3.1894, 7.37182, 16.0832], [4.78625, 5.13723, 16.57726], [4.79359, 6.87846, 18.2384], [3.1894, 4.67272, 18.80238], [0.0, 1.362, 8.40805], [1.5947, 3.632, 10.67785], [0.0, 1.362, 12.94765], [1.5904, 3.70256, 15.21082], [0.0, 1.35923, 17.57605], [0.0, 5.902, 8.40805], [1.5947, 8.172, 10.67785], [0.0, 5.902, 12.94765], [1.5935, 8.23923, 15.21608], [0.0, 5.91405, 17.56797], [3.1894, 1.362, 8.40805], [4.7841, 3.632, 10.67785], [3.1894, 1.362, 12.94765], [4.7884, 3.70256, 15.21082], [3.1894, 1.44451, 17.4929], [3.1894, 5.902, 8.40805], [4.7841, 8.172, 10.67785], [3.1894, 5.902, 12.94765], [4.7853, 8.23923, 15.21608], [3.1894, 5.93353, 17.55746], [3.1894, 0.52005, 19.75778]],
 "stress": [0.0281909244047309, 0.00035358773349041244, -0.0012229550566164396, 0.004909221553908722, -0.0, -0.0],
 "unique_id": "8bfdfe815910b1f876825e9661deeb67",
 "user": "raul_desktop"},
"ids": [1],
"nextid": 2}
