{"1": {
 "calculator": "unknown",
 "calculator_parameters": {"energy": -416.46070997},
 "cell": [[6.64164, 0.0, 0.0], [0.0, 8.72335, 0.0], [0.0, 0.0, 28.2831]],
 "constraints": [{"name": "FixAtoms", "kwargs": {"indices": [0, 1, 2, 3, 4, 5, 6, 7, 8, 9, 10, 11, 12, 13, 14, 15, 16, 17, 18, 19, 20, 21, 22, 23, 24, 25, 26, 49, 50, 51, 52, 53, 54, 55, 56]}}],
 "ctime": 18.97612020530952,
 "energy": -416.46070997,
 "forces": [[0.000593, -1.897063, 1.657982], [0.000132, 1.870829, 1.651708], [-0.001906, 0.001045, -0.093635], [-0.405291, 0.158212, -0.675607], [0.40547, 0.159577, -0.675826], [-0.418129, 0.006439, -1.214262], [0.419897, 0.006781, -1.21331], [-0.392349, -0.156004, -0.669671], [0.3919, -0.155367, -0.669347], [-0.001596, 0.005658, 0.230308], [-0.00021, -0.108447, -0.089609], [0.000152, 0.006356, -0.000391], [-0.00198, 0.900054, -0.083017], [-0.001233, -0.902662, -0.090011], [0.002862, -0.009111, 0.070861], [-0.013621, 0.020362, -0.085561], [0.012096, 0.014726, -0.086638], [-0.043431, -0.008444, -0.067801], [0.00437, -0.019295, -0.046091], [-0.005488, -0.024221, -0.043664], [0.041057, -0.006709, -0.062785], [-0.003631, 0.010572, 0.416671], [0.016031, 0.327796, 0.231465], [0.005507, -0.290036, 0.176433], [0.00076, 0.277132, -0.187143], [0.014093, 0.117252, 0.211223], [-0.007596, -0.467299, -0.219799], [0.003391, 0.004185, -0.009011], [0.000881, 0.011723, 0.002357], [-0.00654, -0.00825, -0.001872], [-0.004016, 0.000647, 0.001607], [-0.005642, -0.001887, -0.000327], [-0.005488, 0.000501, -0.003138], [0.002166, -0.003763, 0.002108], [0.00366, 0.004257, 0.003204], [-0.001753, 0.008932, 0.00915], [0.005745, -0.001495, 0.010296], [-0.002287, 0.008114, -0.005295], [0.000355, 0.009446, 0.012177], [0.009752, 0.003467, -0.011961], [0.001022, 0.00502, -0.000315], [0.007881, -0.000136, -0.004083], [-0.008973, -0.00902, 0.006682], [0.002827, 0.005297, -0.004324], [0.002654, 0.008249, 0.005344], [-0.003489, 0.00141, 0.001393], [-0.002481, 0.001692, 0.000675], [-0.002067, 0.004381, -0.012841], [-0.007691, -0.011223, -0.011181], [0.003074, 2.672213, -1.987932], [0.00061, -0.368308, 2.878346], [-6e-05, 0.361908, 2.858312], [0.002162, -2.568791, -1.981847], [-0.000683, -1.092774, -0.277944], [0.00258, -0.002446, 0.303185], [-0.004067, 0.036839, 0.081367], [0.005415, 1.078191, -0.255267], [0.002901, -0.001291, -0.00406], [0.000937, -0.00165, 0.006464], [0.00244, 0.002252, 0.008892], [-0.00413, -0.008128, 0.006221], [-5.1e-05, -0.001021, -0.004896], [-0.001421, 0.007382, 0.003223], [-0.004088, 0.000488, -0.002351], [-0.016132, -0.00811, 0.003271], [0.002149, 0.013567, 0.001888]],
 "magmom": 1.9941333,
 "magmoms": [0.535, 0.549, -0.033, -0.039, -0.039, -0.003, -0.003, -0.041, -0.041, -0.025, -0.055, -0.048, -0.003, 0.003, -0.002, 0.013, 0.013, 0.012, 0.006, 0.005, 0.013, -0.004, -0.007, -0.01, -0.01, -0.003, -0.009, 0.02, 0.022, 0.011, 0.012, 0.02, 0.019, 0.004, -0.01, -0.003, -0.001, -0.021, -0.049, -0.009, -0.008, -0.002, 0.001, -0.019, -0.014, 0.003, 0.159, 0.376, 0.021, 0.112, -0.059, -0.062, 0.124, 0.015, -0.033, -0.035, 0.031, 0.038, -0.012, -0.02, 0.02, 0.073, -0.038, -0.018, 0.186, -0.0],
 "mtime": 18.97612020530952,
 "numbers": [8, 8, 8, 8, 8, 8, 8, 8, 8, 8, 8, 8, 8, 8, 8, 8, 8, 8, 8, 8, 8, 8, 8, 8, 8, 8, 8, 8, 8, 8, 8, 8, 8, 8, 8, 8, 8, 8, 8, 8, 8, 8, 8, 8, 8, 8, 8, 8, 8, 77, 77, 77, 77, 77, 77, 77, 77, 77, 77, 77, 77, 77, 77, 77, 77, 1],
 "pbc": [true, true, true],
 "positions": [[3.32082, 2.83282, 7.50011], [3.32082, 5.89053, 7.50011], [3.32082, 0.0, 7.71252], [1.41062, 1.52885, 8.91059], [5.23102, 1.52885, 8.91059], [1.19782, 4.36167, 8.91059], [5.44382, 4.36167, 8.91059], [1.41062, 7.1945, 8.91059], [5.23102, 7.1945, 8.91059], [3.32082, 0.0, 10.10838], [3.32082, 2.83282, 10.32135], [3.32082, 5.89053, 10.32135], [0.0, 2.83282, 10.82055], [0.0, 5.89053, 10.82055], [0.0, 0.0, 11.0338], [1.9102, 1.52885, 12.23131], [4.73144, 1.52885, 12.23131], [1.9102, 7.1945, 12.23131], [2.123, 4.36167, 12.23131], [4.51864, 4.36167, 12.23131], [4.73144, 7.1945, 12.23131], [0.0, 0.0, 13.4291], [0.0, 2.83282, 13.64207], [0.0, 5.89053, 13.64207], [3.32082, 2.83282, 14.14127], [3.32082, 5.89053, 14.14127], [3.32082, 0.0, 14.35452], [1.41289, 1.52296, 15.5707], [5.23244, 1.51921, 15.56483], [1.1912, 4.36931, 15.58591], [5.45382, 4.36811, 15.5868], [5.23849, 7.20969, 15.53965], [1.40981, 7.21061, 15.54057], [3.32274, 0.00259, 16.74967], [3.32607, 2.98878, 16.81848], [3.33466, 5.93007, 16.98142], [6.63533, 2.81701, 17.50483], [0.00509, 5.97681, 17.49966], [6.62736, 0.07897, 17.78737], [1.96675, 1.59214, 18.94917], [4.667, 1.60645, 18.99242], [2.12357, 4.38951, 18.90212], [4.48657, 4.37436, 18.98499], [1.92423, 7.2783, 18.92805], [4.69855, 7.25615, 18.89659], [6.63741, 0.0568, 20.16107], [0.02407, 2.69168, 20.4159], [6.61934, 6.12504, 20.3464], [3.29033, 5.89209, 20.84955], [3.32082, 1.52955, 8.91059], [0.0, 2.83204, 8.91059], [0.0, 5.89123, 8.91059], [3.32082, 7.1938, 8.91059], [0.0, 1.52955, 12.23131], [3.32082, 2.83204, 12.23131], [3.32082, 5.89123, 12.23131], [0.0, 7.1938, 12.23131], [3.32453, 1.50876, 15.53055], [0.00107, 2.83188, 15.55479], [0.00293, 5.90718, 15.56135], [3.32365, 7.18297, 15.55675], [6.63623, 1.64166, 18.98917], [3.31387, 2.88999, 18.66133], [3.30749, 5.93259, 18.91366], [6.63372, 7.23922, 18.94589], [2.9346, 6.73531, 21.19731]],
 "stress": [0.0035021607026061033, 0.004569770838588435, 0.003546650179655399, -0.00029587249860337, 1.5797259597610526e-05, 0.00014518374377717048],
 "unique_id": "75c0a44d1d43d6dea4410840d9c55021",
 "user": "raul_desktop"},
"ids": [1],
"nextid": 2}
