{"1": {
 "calculator": "unknown",
 "calculator_parameters": {"energy": -547.92822115},
 "cell": [[9.3927, 0.0, 0.0], [0.0, 8.72335, 0.0], [0.0, 0.0, 27.0937]],
 "constraints": [{"name": "FixAtoms", "kwargs": {"indices": [0, 1, 2, 3, 4, 5, 6, 7, 8, 9, 10, 11, 12, 13, 14, 15, 16, 17, 18, 19, 34, 35, 36, 37, 38, 39, 40, 41, 42, 43, 44, 45, 46, 47, 48, 49, 50, 51, 52, 53, 68, 69, 70, 71, 72, 73, 78, 79, 80, 81, 82, 83]}}],
 "ctime": 18.976128439731248,
 "energy": -547.92822115,
 "forces": [[1.475324, 0.137564, 1.814683], [1.464247, -0.140474, 1.799713], [-0.981339, 2.011612, 1.519364], [-0.982886, -2.01088, 1.516408], [0.281421, 0.007441, 0.318786], [0.092035, -0.001774, 0.574693], [-0.059439, 0.01626, 0.234892], [-0.057388, -0.025191, 0.228451], [0.262483, -0.116239, 0.459407], [0.271513, 0.109865, 0.454735], [0.137496, 0.000232, 0.200748], [-0.0855, -0.003296, -0.207264], [-0.056263, -0.028474, -0.014775], [-0.05617, 0.034614, 0.019664], [-0.083741, 0.085517, 0.06562], [-0.06429, -0.047834, 0.058239], [0.008858, 0.013516, 0.112241], [0.064793, 0.018916, -0.094838], [-0.046504, -0.160429, -0.187378], [-0.0388, 0.172492, -0.127904], [-0.00185, 0.002075, 0.001207], [-0.000397, -0.002248, -0.003046], [0.00095, 0.001136, -0.005992], [-0.002368, -0.003985, -0.001255], [0.003011, 0.000971, -0.002004], [-0.003521, 0.000419, 0.000296], [0.001339, -0.001893, -0.002877], [0.000146, 0.001789, 0.000966], [0.002102, 0.006499, -0.000579], [0.004128, 0.00244, 0.0], [-0.000413, 0.001253, -0.005913], [-0.000595, -0.00664, 0.013358], [-0.003105, -0.001785, 0.001916], [0.000115, -0.009095, -0.000544], [1.471281, 0.142418, 1.805451], [1.465405, -0.142781, 1.801196], [-0.978879, 2.014867, 1.514941], [-0.985395, -2.030391, 1.523487], [0.279318, 0.002845, 0.321553], [0.091252, 0.001862, 0.574296], [-0.046736, 0.040414, 0.229121], [-0.038834, -0.04595, 0.222888], [0.269224, -0.099035, 0.458198], [0.277535, 0.101307, 0.470706], [0.131826, 0.011911, 0.193743], [-0.099862, -0.002174, -0.222854], [-0.025807, 0.025571, 0.025812], [-0.092435, 0.070417, -0.047424], [-0.058883, 0.046014, 0.029799], [-0.079869, -0.055457, 0.034195], [0.011599, -0.005239, 0.107255], [0.069278, 0.027966, -0.146579], [-0.030815, -0.158997, -0.151394], [-0.150187, 0.312414, -0.072808], [0.001804, 0.0072, 0.000753], [0.002207, -0.005264, 0.001372], [-0.000581, 0.003038, 0.002189], [-0.006104, -0.00182, -0.000173], [0.002409, 0.005827, 0.002234], [-0.000374, -7.1e-05, -0.002023], [0.005322, -0.003351, 0.001717], [-0.00218, 0.001934, 0.003872], [0.001583, 0.003217, -0.00033], [-0.003594, -0.00017, -0.007734], [-0.000356, 0.0003, -0.003952], [-0.006095, 0.007364, -0.002781], [-0.011282, 0.001064, -0.015557], [-0.007754, 0.004156, -0.008277], [-0.927228, -2.536619, -4.545191], [-0.917292, 2.540977, -4.523312], [0.090333, 0.145068, 0.14975], [0.09626, -0.144325, 0.116637], [0.154149, -0.02258, 0.048562], [0.071288, -0.080909, 0.042354], [0.004675, 0.000634, -0.001987], [-0.002033, 8e-06, 0.003813], [0.00525, 0.003752, -0.002019], [0.001915, -0.004282, -0.007818], [-0.923846, -2.561401, -4.531501], [-0.915973, 2.585624, -4.548269], [0.101531, 0.099097, 0.129199], [0.083509, -0.167129, 0.142657], [0.014524, -0.083879, 0.099022], [0.062877, -0.135231, 0.059256], [0.000727, 0.004452, 0.00057], [0.001531, 0.002101, -0.002349], [-0.002094, 0.004972, -0.008782], [-0.008915, 0.000842, 0.006904], [0.009394, 0.003048, -0.011407]],
 "magmom": 3.5758903,
 "magmoms": [0.615, 0.624, 0.294, 0.274, -0.139, -0.092, -0.103, -0.099, -0.035, -0.029, 0.036, 0.017, 0.021, 0.017, 0.004, 0.002, -0.011, -0.014, 0.007, 0.016, 0.005, -0.002, 0.027, 0.007, -0.067, -0.002, -0.012, -0.005, -0.023, -0.015, 0.331, 0.13, -0.001, -0.026, 0.625, 0.626, 0.268, 0.26, -0.138, -0.092, -0.108, -0.11, -0.032, -0.031, 0.032, 0.015, 0.015, 0.015, 0.013, 0.012, -0.009, -0.01, -0.029, -0.016, 0.003, -0.002, -0.029, -0.008, 0.049, -0.009, 0.029, 0.019, 0.017, 0.008, -0.1, -0.114, -0.153, -0.069, 0.06, 0.061, -0.003, 0.005, 0.003, -0.001, -0.045, 0.045, 0.174, 0.046, 0.06, 0.059, -0.01, -0.011, -0.012, -0.021, 0.019, -0.027, -0.127, -0.109, -0.0],
 "mtime": 18.976128439731248,
 "numbers": [8, 8, 8, 8, 8, 8, 8, 8, 8, 8, 8, 8, 8, 8, 8, 8, 8, 8, 8, 8, 8, 8, 8, 8, 8, 8, 8, 8, 8, 8, 8, 8, 8, 8, 8, 8, 8, 8, 8, 8, 8, 8, 8, 8, 8, 8, 8, 8, 8, 8, 8, 8, 8, 8, 8, 8, 8, 8, 8, 8, 8, 8, 8, 8, 8, 8, 8, 8, 77, 77, 77, 77, 77, 77, 77, 77, 77, 77, 77, 77, 77, 77, 77, 77, 77, 77, 77, 77, 1],
 "pbc": [true, true, true],
 "positions": [[1.84444, 2.83282, 7.50008], [1.84444, 5.89053, 7.50008], [4.19253, 1.52885, 7.85311], [4.19253, 7.1945, 7.85311], [4.04205, 4.36167, 8.00348], [2.34808, 4.36167, 9.69738], [2.19761, 1.52885, 9.84802], [2.19761, 7.1945, 9.84802], [4.54579, 2.83282, 10.20132], [4.54579, 5.89053, 10.20132], [4.69635, 0.0, 10.35169], [1.69388, 0.0, 12.04532], [1.84444, 2.83282, 12.19623], [1.84444, 5.89053, 12.19623], [4.19253, 1.52885, 12.54926], [4.19253, 7.1945, 12.54926], [4.04205, 4.36167, 12.69963], [2.34808, 4.36167, 14.39407], [2.19761, 1.52885, 14.54444], [2.19761, 7.1945, 14.54444], [4.53413, 2.81585, 14.92156], [4.54095, 5.89687, 14.91337], [4.68648, 8.72231, 15.12294], [1.72604, 0.0059, 16.73317], [1.91277, 2.82067, 16.83405], [1.82546, 5.85537, 16.87521], [4.26904, 1.54663, 17.34467], [4.22534, 7.13623, 17.30585], [3.98055, 4.32678, 17.4044], [2.36364, 4.33991, 19.16058], [2.16371, 1.67457, 19.09811], [2.10054, 7.00755, 19.2387], [4.59821, 2.86603, 19.66456], [4.51983, 5.80311, 19.61415], [6.54079, 2.83282, 7.50008], [6.54079, 5.89053, 7.50008], [8.88888, 1.52885, 7.85311], [8.88888, 7.1945, 7.85311], [8.7384, 4.36167, 8.00348], [7.04443, 4.36167, 9.69738], [6.89396, 1.52885, 9.84802], [6.89396, 7.1945, 9.84802], [9.24214, 2.83282, 10.20132], [9.24214, 5.89053, 10.20132], [0.0, 0.0, 10.35169], [6.39023, 0.0, 12.04532], [6.54079, 2.83282, 12.19623], [6.54079, 5.89053, 12.19623], [8.88888, 1.52885, 12.54926], [8.88888, 7.1945, 12.54926], [8.7384, 4.36167, 12.69963], [7.04443, 4.36167, 14.39407], [6.89396, 1.52885, 14.54444], [6.89396, 7.1945, 14.54444], [9.23792, 2.82525, 14.91353], [9.23437, 5.90685, 14.90863], [9.38576, 0.03408, 15.10687], [6.41192, 8.71322, 16.74575], [6.60291, 2.82974, 16.82784], [6.60012, 5.8866, 16.82934], [8.9613, 1.56383, 17.31962], [8.93623, 7.18765, 17.30309], [8.61661, 4.36272, 17.31762], [7.04204, 4.36655, 19.1268], [6.83888, 1.64179, 19.08667], [6.85935, 7.06229, 19.11846], [9.24704, 2.96512, 19.56874], [9.28389, 5.75763, 19.54751], [3.19502, 2.83212, 8.8507], [3.19502, 5.89131, 8.8507], [0.84685, 1.52955, 11.19864], [0.84685, 7.1938, 11.19864], [3.19502, 2.83212, 13.54685], [3.19502, 5.89131, 13.54685], [0.88052, 1.57013, 15.91926], [0.85642, 7.20647, 15.89234], [3.34576, 2.83756, 18.43693], [3.12985, 5.93539, 18.29213], [7.89146, 2.83212, 8.8507], [7.89146, 5.89131, 8.8507], [5.5432, 1.52955, 11.19864], [5.5432, 7.1938, 11.19864], [7.89146, 2.83212, 13.54685], [7.89146, 5.89131, 13.54685], [5.56136, 1.54013, 15.91795], [5.56737, 7.16623, 15.91353], [7.95645, 2.81726, 18.37113], [7.99266, 5.90397, 18.35082], [5.26235, 6.45447, 19.46523]],
 "stress": [0.006040807158431356, 0.007014838348089319, 0.0065556317971707115, -8.769944472778566e-05, 0.0018714166472500807, 0.0003416290020052202],
 "unique_id": "c008ee50fffdb744c78f9b39f536374c",
 "user": "raul_desktop"},
"ids": [1],
"nextid": 2}
