{"1": {
 "calculator": "unknown",
 "calculator_parameters": {"energy": -339.15091591},
 "cell": [[8.45769, 0.0, 0.0], [0.0, 4.88305, 0.0], [0.0, 0.0, 27.913504197]],
 "constraints": [{"name": "FixAtoms", "kwargs": {"indices": [2, 3, 6, 7, 10, 11, 14, 15, 16, 17, 20, 21, 22, 23, 26, 27, 28, 29, 32, 33, 34, 35, 38, 39, 40, 41, 44, 45, 46, 47]}}],
 "ctime": 18.976128383185316,
 "energy": -339.15091591,
 "forces": [[-0.001775, -0.002493, 4.6e-05], [-0.003335, 0.00363, 0.002412], [-0.05246, 0.019204, -0.162736], [0.007275, -0.003319, -0.176694], [0.001334, 0.002786, -0.005695], [-0.008829, -0.001753, 7.9e-05], [0.113583, 0.333841, -5.913561], [0.104067, 0.245923, -6.036635], [0.004264, 0.005242, -0.001554], [0.000104, -0.004353, -0.000428], [0.053947, 0.122121, 0.004736], [-0.038039, 0.030802, -0.012325], [-0.004194, 0.002481, -0.002135], [0.000957, -0.003451, 0.002966], [0.063708, -0.03154, -0.000971], [0.087471, -0.045747, 0.016482], [-1.441871, 0.827722, 1.426066], [-1.42077, 0.792685, 1.384727], [0.004224, 0.000899, -0.00185], [0.003337, -0.003792, -0.000244], [0.060778, 0.011704, -0.007649], [-0.124532, -0.0664, 0.102131], [-0.306027, -0.241034, 0.592919], [-0.301638, -0.226069, 0.612354], [0.002984, 0.003011, -0.001256], [0.001729, -0.006673, -0.010432], [-0.004113, 0.108727, 0.014353], [0.01684, 0.174018, -0.007993], [-0.016681, -1.751321, 1.496254], [-0.018852, -1.76874, 1.504159], [-0.001342, 0.002444, 0.000126], [0.003278, 0.000531, -0.005223], [-0.002011, 0.011397, 0.049402], [0.041462, -0.080238, -0.036348], [-0.040435, 0.275346, 0.56455], [-0.011629, 0.296912, 0.593758], [0.003, -0.001918, -0.004649], [-0.003452, -0.001499, 0.005305], [-0.075272, -0.085277, 0.053264], [-0.07819, -0.059952, 0.045712], [1.427433, 0.702014, 1.338128], [1.456807, 0.720673, 1.372694], [0.006645, 0.002403, 0.000263], [0.000252, -0.004561, 0.00211], [-0.021695, -0.048759, 0.066977], [-0.118406, 0.054394, -0.08997], [0.308204, -0.161614, 0.594053], [0.314967, -0.153189, 0.625317], [-0.006422, 0.007601, 0.002665], [-0.0, 0.00189, 0.001395], [-0.003411, 0.001039, -0.000653], [0.00704, 0.012894, 0.004593], [0.003263, -0.006847, -0.001788], [0.005667, -0.001332, 0.001751], [0.004382, 0.004236, 0.002657], [-0.00362, -0.016693, -0.003618]],
 "magmom": 3.3103298,
 "magmoms": [0.026, 0.025, 0.036, 0.036, 0.009, 0.031, 0.007, -0.003, -0.03, -0.014, -0.012, -0.026, 0.003, 0.005, 0.021, 0.016, 0.475, 0.521, -0.01, -0.001, -0.006, -0.006, -0.041, -0.044, 0.005, 0.001, 0.014, 0.011, 0.319, 0.308, -0.009, -0.002, -0.006, -0.007, -0.055, -0.051, 0.011, 0.004, 0.025, 0.023, 0.594, 0.589, -0.008, 0.001, -0.009, -0.005, -0.055, -0.054, 0.002, -0.001, 0.003, -0.01, 0.005, 0.046, -0.004, -0.0],
 "mtime": 18.976128383185316,
 "numbers": [77, 77, 77, 77, 77, 77, 77, 77, 77, 77, 77, 77, 8, 8, 8, 8, 8, 8, 8, 8, 8, 8, 8, 8, 8, 8, 8, 8, 8, 8, 8, 8, 8, 8, 8, 8, 8, 8, 8, 8, 8, 8, 8, 8, 8, 8, 8, 8, 8, 8, 8, 8, 8, 8, 8, 1],
 "pbc": [true, true, true],
 "positions": [[5.66466, 0.36786, 15.04393], [1.43602, 2.82848, 15.02804], [0.02613, 0.37673, 10.72828], [4.25498, 2.81825, 10.72828], [2.86634, 0.35035, 19.57515], [7.13025, 2.93508, 19.48461], [5.66462, 0.37673, 8.57583], [1.43578, 2.81825, 8.57583], [4.22605, 2.7886, 17.21913], [0.02812, 0.41478, 17.21184], [2.84534, 0.37673, 12.88034], [7.07418, 2.81825, 12.88034], [5.58022, 1.95096, 16.12523], [1.33991, 4.41099, 16.11326], [4.2028, 4.41574, 11.8045], [8.43156, 1.97422, 11.8045], [2.79307, 1.97422, 7.5], [7.02191, 4.41574, 7.5], [4.08606, 1.1655, 18.24437], [8.44678, 3.67385, 18.27067], [2.79307, 3.66229, 13.95656], [7.02191, 1.22076, 13.95656], [5.61227, 3.66229, 9.65206], [1.38334, 1.22076, 9.65206], [4.32338, 4.37579, 16.11985], [0.06905, 1.97498, 16.1009], [2.89769, 1.97422, 11.8045], [7.12653, 4.41574, 11.8045], [1.48796, 4.41574, 7.5], [5.71689, 1.97422, 7.5], [2.93163, 3.66911, 18.30535], [7.13365, 1.23589, 18.2191], [1.48813, 1.22076, 13.95656], [5.71689, 3.66229, 13.95656], [4.30725, 1.22076, 9.65206], [0.0784, 3.66229, 9.65206], [7.09536, 4.52062, 16.09902], [2.83728, 2.07284, 16.11282], [1.43578, 4.50627, 11.8045], [5.66462, 2.06475, 11.8045], [4.25498, 4.50627, 7.5], [0.02613, 2.06475, 7.5], [1.42042, 1.11183, 18.24551], [5.64194, 3.40963, 18.3466], [4.25498, 1.13013, 13.95656], [0.02613, 3.57166, 13.95656], [7.07418, 1.13013, 9.65206], [2.84534, 3.57166, 9.65206], [2.79233, 1.93464, 20.36058], [7.00274, 4.43156, 20.40721], [1.48305, 4.45198, 20.32729], [5.76003, 1.98634, 20.51853], [4.20184, 4.50862, 20.48634], [8.38153, 2.01379, 20.32648], [6.14648, 1.77096, 21.85352], [5.64413, 0.93997, 22.0349]],
 "stress": [0.00689551941812981, 0.00705049608972549, 0.005201243041381422, -0.0006267661049120708, -0.0005445716712333143, -0.0004692366560839034],
 "unique_id": "bdc545e7c4a2fe5944d29ec5bac9471d",
 "user": "raul_desktop"},
"ids": [1],
"nextid": 2}
