{"1": {
 "calculator": "unknown",
 "calculator_parameters": {"energy": -321.13713287},
 "cell": [[8.61194, 0.0, 0.0], [-0.305740631, 5.136508739, 0.0], [0.0, 0.0, 27.67670537]],
 "constraints": [{"name": "FixAtoms", "kwargs": {"indices": [0, 1, 2, 3, 4, 5, 6, 7, 8, 9, 10, 11, 12, 13, 14, 15, 16, 17, 18, 19, 39, 40, 41, 42, 43, 44]}}],
 "ctime": 18.976129252741487,
 "energy": -321.13713287,
 "forces": [[-2.684561, 1.022531, 1.122926], [-2.675305, 1.01806, 1.109167], [-1.887674, -1.922389, 0.232888], [-1.89254, -1.931417, 0.226509], [-0.076712, 0.516292, -0.336214], [-0.091313, 0.498355, -0.323194], [-0.023345, 0.083587, -0.319128], [-0.049388, 0.076512, -0.334838], [-0.319347, -0.099741, 0.533671], [-0.321541, -0.103637, 0.523058], [-0.088777, 0.04782, -0.044407], [-0.109125, 0.043155, -0.044415], [0.075193, -0.045612, -0.045684], [0.036471, -0.043161, -0.030257], [0.037392, -0.10213, 0.218967], [0.044217, -0.142501, 0.23336], [-0.02277, -0.059758, -0.02952], [-0.030614, -0.105467, -0.048636], [0.051356, 0.053556, 0.084365], [0.029501, -0.041618, 0.041255], [-0.000597, -0.002401, -0.00187], [0.002523, -0.000216, -0.00206], [0.003808, -0.006204, 0.002485], [0.001302, 4.2e-05, 0.003822], [-0.003909, -0.003699, 0.002397], [-0.000625, 0.001534, -0.002697], [-0.003309, -0.006894, -0.000555], [0.000257, -0.004377, 0.005443], [0.003336, 0.004632, -0.003771], [0.007676, -0.002329, 0.001937], [0.00778, -0.00709, -0.00528], [-0.003381, 0.00122, 0.007281], [0.0058, -0.004884, 0.01116], [-0.001428, 0.002594, 5.4e-05], [-0.011481, 0.005612, 0.005588], [-0.01103, -0.007238, 0.001444], [-0.000485, -0.005988, -0.001603], [-0.001564, -0.003961, 0.00021], [2.5e-05, 0.011045, -0.003301], [5.282637, 0.754217, -0.903786], [5.267793, 0.760963, -0.877183], [-0.23318, -0.327118, -0.552494], [-0.253147, -0.331544, -0.527874], [0.003083, 0.175058, -0.007333], [-0.079892, 0.221192, 0.065301], [-0.00376, -0.000232, 0.000722], [0.003517, 0.001446, 0.002143], [-0.000394, -0.002781, 0.000369], [0.000606, 0.003986, 0.001609], [0.002552, 0.010476, 0.007625], [0.01403, -0.003406, 0.008196], [0.00034, 0.003908, -0.00785]],
 "magmom": 3.8856307,
 "magmoms": [0.494, 0.505, 0.487, 0.481, -0.016, -0.011, -0.041, -0.038, -0.047, -0.05, 0.013, 0.007, 0.015, 0.01, 0.041, 0.026, -0.011, -0.001, -0.015, -0.014, 0.0, -0.016, -0.008, 0.01, 0.008, 0.003, 0.027, 0.001, -0.011, 0.015, -0.003, -0.01, -0.039, 0.007, -0.022, 0.283, -0.029, 0.33, -0.007, 0.347, 0.341, -0.055, -0.062, 0.061, 0.017, -0.008, -0.026, 0.04, -0.103, 0.199, 0.156, 0.002],
 "mtime": 18.976129252741487,
 "numbers": [8, 8, 8, 8, 8, 8, 8, 8, 8, 8, 8, 8, 8, 8, 8, 8, 8, 8, 8, 8, 8, 8, 8, 8, 8, 8, 8, 8, 8, 8, 8, 8, 8, 8, 8, 8, 8, 8, 8, 77, 77, 77, 77, 77, 77, 77, 77, 77, 77, 77, 77, 1],
 "pbc": [true, true, true],
 "positions": [[5.09191, 4.03131, 7.5], [0.93881, 1.46306, 7.5], [4.81759, 1.43768, 8.12009], [0.35875, 4.00594, 8.12009], [7.312, 0.61358, 8.88952], [2.85316, 3.18184, 8.88952], [2.57876, 0.5881, 9.50961], [6.73186, 3.15636, 9.50961], [4.71607, 4.81134, 10.1297], [0.56306, 2.24309, 10.1297], [4.33912, 2.21155, 10.89878], [-0.11972, 4.77986, 10.89878], [2.32316, 3.86653, 11.51887], [6.782, 1.29828, 11.51887], [6.20194, 3.84111, 12.13896], [2.04884, 1.27285, 12.13896], [4.54325, 0.4488, 12.9084], [0.08441, 3.01706, 12.9084], [3.96312, 2.99153, 13.52849], [8.42196, 0.42327, 13.52849], [1.95025, 4.64299, 14.15079], [6.39857, 2.07786, 14.15634], [5.71013, 4.62772, 14.96446], [1.56324, 2.06421, 14.95339], [3.99331, 1.15763, 15.51846], [8.16016, 3.69516, 15.5233], [3.4011, 3.7038, 16.15504], [7.86917, 1.12534, 16.16597], [1.74894, 0.30964, 16.92537], [5.85524, 2.91924, 17.02117], [5.65262, 0.2313, 17.63446], [1.21471, 2.83257, 17.59105], [3.70267, 1.89996, 18.09087], [7.90434, 4.47156, 18.1105], [2.91621, 4.33152, 18.85425], [7.37997, 1.86105, 18.84645], [5.09169, 2.09294, 20.23838], [1.23886, 0.92296, 19.59092], [0.61454, 3.56595, 20.2563], [3.68246, 4.87801, 8.50463], [8.14139, 2.30976, 8.50463], [6.60415, 4.79557, 10.51424], [2.45105, 2.22732, 10.51424], [0.9138, 4.71318, 12.5235], [5.37264, 2.14493, 12.5235], [3.83442, 4.64344, 14.54027], [8.28905, 2.05875, 14.52966], [6.79861, 4.55743, 16.56734], [2.58566, 1.9989, 16.57749], [1.18589, 4.5492, 18.67524], [5.62369, 1.87304, 18.59713], [0.58791, 4.20202, 21.00252]],
 "stress": [0.008099512770021817, 0.004033306887709642, 0.002429694672523835, 0.0016715135929662916, -0.003936008001946249, 0.00089627446896771],
 "unique_id": "fae94e82fcaf62f4b84dd846d3d76049",
 "user": "raul_desktop"},
"ids": [1],
"nextid": 2}
