{"1": {
 "calculator": "unknown",
 "calculator_parameters": {"energy": -325.64694438},
 "cell": [[8.61194, 0.0, 0.0], [-0.305740631, 5.136508739, 0.0], [0.0, 0.0, 27.67670537]],
 "constraints": [{"name": "FixAtoms", "kwargs": {"indices": [0, 1, 2, 3, 4, 5, 6, 7, 8, 9, 10, 11, 12, 13, 14, 15, 16, 17, 18, 19, 40, 41, 42, 43, 44, 45]}}],
 "ctime": 18.9761292539007,
 "energy": -325.64694438,
 "forces": [[-2.65823, 1.018038, 1.109481], [-2.686694, 1.02533, 1.12568], [-1.88758, -1.936524, 0.224317], [-1.897266, -1.929944, 0.236601], [-0.074178, 0.529151, -0.336899], [-0.072842, 0.529291, -0.346266], [-0.049138, 0.095663, -0.325944], [-0.032702, 0.080499, -0.340992], [-0.306215, -0.10763, 0.528386], [-0.287288, -0.09819, 0.540606], [-0.112882, 0.064546, -0.046306], [-0.096638, 0.056236, -0.053846], [0.068126, -0.084418, -0.056692], [0.060627, -0.066735, -0.068999], [0.060871, -0.141116, 0.216739], [0.045402, -0.147351, 0.235861], [-0.005239, -0.026639, -0.045055], [-0.010954, -0.03458, 0.009644], [0.048822, 0.033901, 0.083286], [0.059008, -0.010305, 0.00972], [-0.000252, 0.006921, 9.4e-05], [0.003811, -0.001791, 0.001617], [0.005395, -0.001323, -0.006779], [-0.009127, 0.000242, -0.000512], [0.000716, -0.000823, 0.000825], [0.000889, -0.009859, 0.002907], [0.003533, 0.000756, -0.00046], [-0.002714, 0.004771, 0.003038], [-0.003002, 0.000758, -0.007509], [-0.007509, 0.002252, -0.001685], [-0.006224, -0.000659, -0.008883], [-0.016827, 0.003835, 0.00894], [-0.003687, 0.007022, 0.001886], [0.006255, 0.00398, 0.001857], [0.001614, -0.005392, -0.004221], [-0.001986, -0.002408, 0.003314], [-0.006847, -0.004938, 0.002631], [0.00251, -0.002182, -0.0114], [-0.00634, -0.012179, -0.003097], [-0.002871, -0.005744, 0.000615], [5.24283, 0.750854, -0.89641], [5.26294, 0.738083, -0.920543], [-0.249356, -0.315645, -0.494436], [-0.253324, -0.31429, -0.522038], [-0.056101, 0.123144, 0.065934], [-0.068209, 0.179072, 0.071999], [9.2e-05, 0.000277, -0.001977], [0.0041, -0.002474, 0.000419], [-0.003704, -0.001742, 0.000302], [0.000472, -0.000185, -0.002639], [0.007435, -0.008141, 0.004945], [0.002796, 0.006661, 0.012664], [-0.012318, 0.011923, -0.000724]],
 "magmom": 3.8721772,
 "magmoms": [0.512, 0.49, 0.475, 0.487, -0.011, -0.014, -0.034, -0.039, -0.05, -0.049, 0.014, 0.016, 0.017, 0.012, 0.036, 0.029, -0.008, -0.008, -0.017, -0.003, -0.008, -0.011, 0.009, 0.005, 0.029, 0.002, 0.02, 0.007, -0.004, 0.006, 0.026, -0.009, -0.007, -0.004, -0.02, 0.008, 0.005, 0.383, 0.024, 0.001, 0.351, 0.34, -0.052, -0.057, 0.066, 0.027, 0.002, -0.04, 0.073, -0.013, 0.242, 0.019, 0.002],
 "mtime": 18.9761292539007,
 "numbers": [8, 8, 8, 8, 8, 8, 8, 8, 8, 8, 8, 8, 8, 8, 8, 8, 8, 8, 8, 8, 8, 8, 8, 8, 8, 8, 8, 8, 8, 8, 8, 8, 8, 8, 8, 8, 8, 8, 8, 8, 77, 77, 77, 77, 77, 77, 77, 77, 77, 77, 77, 77, 1],
 "pbc": [true, true, true],
 "positions": [[5.09191, 4.03131, 7.5], [0.93881, 1.46306, 7.5], [4.81759, 1.43768, 8.12009], [0.35875, 4.00594, 8.12009], [7.312, 0.61358, 8.88952], [2.85316, 3.18184, 8.88952], [2.57876, 0.5881, 9.50961], [6.73186, 3.15636, 9.50961], [4.71607, 4.81134, 10.1297], [0.56306, 2.24309, 10.1297], [4.33912, 2.21155, 10.89878], [-0.11972, 4.77986, 10.89878], [2.32316, 3.86653, 11.51887], [6.782, 1.29828, 11.51887], [6.20194, 3.84111, 12.13896], [2.04884, 1.27285, 12.13896], [4.54325, 0.4488, 12.9084], [0.08441, 3.01706, 12.9084], [3.96312, 2.99153, 13.52849], [8.42196, 0.42327, 13.52849], [1.95066, 4.63961, 14.14916], [6.41072, 2.07293, 14.14738], [5.7231, 4.63755, 14.94123], [1.56539, 2.05898, 14.94972], [3.99025, 1.14402, 15.51756], [8.14946, 3.69384, 15.53391], [3.4335, 3.68863, 16.16121], [7.87508, 1.09508, 16.14314], [1.75656, 0.30726, 16.93131], [5.9257, 2.87395, 16.92724], [5.67489, 0.30038, 17.54964], [1.20379, 2.82829, 17.56759], [3.71677, 1.89398, 18.11507], [7.88384, 4.47552, 18.09809], [2.89716, 4.31047, 18.86602], [7.32603, 1.74906, 18.9087], [5.42241, 3.51232, 19.4623], [1.23633, 0.90583, 19.59504], [5.04166, 0.90918, 20.16037], [0.59054, 3.53732, 20.22592], [3.68246, 4.87801, 8.50463], [8.14139, 2.30976, 8.50463], [6.60415, 4.79557, 10.51424], [2.45105, 2.22732, 10.51424], [0.9138, 4.71318, 12.5235], [5.37264, 2.14493, 12.5235], [3.84017, 4.63864, 14.53991], [8.29693, 2.06376, 14.54346], [6.74945, 4.53204, 16.57402], [2.60409, 1.99848, 16.57371], [1.1725, 4.54023, 18.65806], [5.57906, 1.88499, 18.79449], [0.55965, 4.15898, 20.98321]],
 "stress": [0.009921864914033329, 0.005760020387385246, 0.0027008383119704552, 0.001580131657854235, -0.003425365174321235, 0.0009243799845615623],
 "unique_id": "59b15efc616e0be61f3258f078a5c776",
 "user": "raul_desktop"},
"ids": [1],
"nextid": 2}
