{"1": {
 "calculator": "unknown",
 "calculator_parameters": {"energy": -330.70739151},
 "cell": [[8.61194, 0.0, 0.0], [-0.305740631, 5.136508739, 0.0], [0.0, 0.0, 27.67670537]],
 "constraints": [{"name": "FixAtoms", "kwargs": {"indices": [0, 1, 2, 3, 4, 5, 6, 7, 8, 9, 10, 11, 12, 13, 14, 15, 16, 17, 18, 19, 40, 41, 42, 43, 44, 45]}}],
 "ctime": 18.976129254153385,
 "energy": -330.70739151,
 "forces": [[-2.664714, 1.018571, 1.112259], [-2.68073, 1.01831, 1.121673], [-1.886105, -1.939053, 0.227436], [-1.892444, -1.932734, 0.230565], [-0.08475, 0.514922, -0.336733], [-0.070781, 0.529802, -0.334219], [-0.045673, 0.096897, -0.325577], [-0.039433, 0.080169, -0.348189], [-0.312399, -0.109648, 0.530401], [-0.298066, -0.104769, 0.535815], [-0.120886, 0.056296, -0.048738], [-0.122074, 0.049183, -0.055837], [0.062621, -0.066979, -0.044968], [0.061525, -0.064191, -0.054735], [0.057957, -0.145821, 0.222723], [0.0615, -0.148625, 0.244605], [-0.022689, -0.042004, -0.023321], [0.002878, -0.044966, -0.050753], [0.051108, 0.011051, 0.073677], [0.052679, 0.038735, 0.076211], [-0.004228, 0.006191, -0.000973], [0.006631, -0.006009, 0.002627], [-0.001349, -0.004198, -0.001356], [-0.007577, -0.000805, -0.005528], [0.001959, 0.002063, -0.010963], [0.009708, 0.00442, -0.009622], [0.002264, 0.004181, 0.004329], [0.002232, -0.00699, -0.004902], [-0.002105, 0.005011, -0.001266], [0.006796, 0.011509, 0.002404], [-0.003148, -0.003048, 0.000781], [-0.004186, 0.004833, -0.007437], [-0.006188, 0.002395, -0.001638], [0.007012, -0.001471, 0.005148], [-0.004868, -0.00321, 0.008068], [0.01056, 0.00139, -0.007318], [-0.012745, -0.00546, 0.011264], [-0.003973, 0.010222, -0.001976], [-0.004491, -0.003249, -0.004381], [0.008734, 0.008453, -0.012626], [5.23708, 0.742812, -0.901033], [5.255103, 0.755225, -0.888033], [-0.226994, -0.327722, -0.501109], [-0.243753, -0.329298, -0.526073], [-0.038956, 0.163829, 0.039165], [-0.052681, 0.17819, 0.056556], [0.001513, -0.002705, -0.001394], [-0.004444, 0.003, -0.001884], [-0.00235, -0.002815, -0.000959], [-0.005095, -0.011406, 0.00293], [0.000513, -0.01568, 0.003257], [-0.01216, -0.004949, 0.003156], [-0.015956, 0.006366, -2e-06], [-0.002383, 0.003779, -0.001505]],
 "magmom": 3.1293617,
 "magmoms": [0.507, 0.504, 0.478, 0.48, -0.009, -0.017, -0.037, -0.038, -0.049, -0.051, 0.013, 0.015, 0.013, 0.013, 0.041, 0.025, -0.008, -0.002, -0.02, -0.006, -0.005, -0.015, 0.006, -0.0, 0.024, -0.025, 0.018, 0.004, -0.002, 0.006, 0.02, -0.019, -0.006, 0.003, -0.039, 0.057, -0.313, 0.367, 0.004, 0.002, 0.351, 0.341, -0.045, -0.075, 0.078, 0.018, 0.014, -0.063, 0.099, -0.056, 0.219, -0.179, -0.002, 0.002],
 "mtime": 18.976129254153385,
 "numbers": [8, 8, 8, 8, 8, 8, 8, 8, 8, 8, 8, 8, 8, 8, 8, 8, 8, 8, 8, 8, 8, 8, 8, 8, 8, 8, 8, 8, 8, 8, 8, 8, 8, 8, 8, 8, 8, 8, 8, 8, 77, 77, 77, 77, 77, 77, 77, 77, 77, 77, 77, 77, 1, 1],
 "pbc": [true, true, true],
 "positions": [[5.09191, 4.03131, 7.5], [0.93881, 1.46306, 7.5], [4.81759, 1.43768, 8.12009], [0.35875, 4.00594, 8.12009], [7.312, 0.61358, 8.88952], [2.85316, 3.18184, 8.88952], [2.57876, 0.5881, 9.50961], [6.73186, 3.15636, 9.50961], [4.71607, 4.81134, 10.1297], [0.56306, 2.24309, 10.1297], [4.33912, 2.21155, 10.89878], [-0.11972, 4.77986, 10.89878], [2.32316, 3.86653, 11.51887], [6.782, 1.29828, 11.51887], [6.20194, 3.84111, 12.13896], [2.04884, 1.27285, 12.13896], [4.54325, 0.4488, 12.9084], [0.08441, 3.01706, 12.9084], [3.96312, 2.99153, 13.52849], [8.42196, 0.42327, 13.52849], [1.9485, 4.63874, 14.15149], [6.41066, 2.07171, 14.14825], [5.7188, 4.64003, 14.94548], [1.56807, 2.06341, 14.95176], [3.99005, 1.1353, 15.52463], [8.14807, 3.71105, 15.51119], [3.42283, 3.6862, 16.15874], [7.88453, 1.12123, 16.15569], [1.75348, 0.30619, 16.92648], [5.90501, 2.87488, 16.89349], [5.68238, 0.25596, 17.58752], [1.22161, 2.81803, 17.59236], [3.75393, 1.89817, 18.09335], [7.90096, 4.46639, 18.08508], [2.89468, 4.33839, 18.86498], [7.3792, 1.77868, 18.81549], [5.41606, 3.52916, 19.52014], [1.22006, 0.90881, 19.60042], [5.10148, 1.05035, 20.26243], [0.58723, 3.55584, 20.25265], [3.68246, 4.87801, 8.50463], [8.14139, 2.30976, 8.50463], [6.60415, 4.79557, 10.51424], [2.45105, 2.22732, 10.51424], [0.9138, 4.71318, 12.5235], [5.37264, 2.14493, 12.5235], [3.838, 4.63489, 14.53833], [8.30116, 2.06837, 14.53878], [6.75729, 4.56026, 16.56905], [2.60481, 1.98877, 16.58192], [1.16998, 4.54095, 18.66855], [5.65345, 1.98918, 18.64417], [5.0735, 1.72012, 20.97738], [0.49876, 4.21623, 20.97159]],
 "stress": [0.009441044017011787, 0.004452455433058333, 0.0025248277546205474, 0.001839229184687901, -0.0034689309080199004, 0.0008341714531651715],
 "unique_id": "5205ede7ef43c710b38c4974ef1bdf57",
 "user": "raul_desktop"},
"ids": [1],
"nextid": 2}
