{"1": {
 "calculator": "unknown",
 "calculator_parameters": {"energy": -336.13799164},
 "cell": [[8.61194, 0.0, 0.0], [-0.305740631, 5.136508739, 0.0], [0.0, 0.0, 27.67670537]],
 "constraints": [{"name": "FixAtoms", "kwargs": {"indices": [0, 1, 2, 3, 4, 5, 6, 7, 8, 9, 10, 11, 12, 13, 14, 15, 16, 17, 18, 19, 41, 42, 43, 44, 45, 46]}}],
 "ctime": 18.97612925359998,
 "energy": -336.13799164,
 "forces": [[-2.612428, 0.993169, 1.111955], [-2.394692, 0.959275, 0.931967], [-1.890498, -1.9059, 0.211661], [-1.725026, -1.808734, 0.104866], [-0.033981, 0.44105, -0.373217], [-0.106982, 0.486556, -0.420002], [-0.015285, 0.120059, -0.300016], [-0.04783, 0.057825, -0.325709], [-0.2657, -0.136469, 0.516319], [-0.317892, -0.168731, 0.402678], [-0.094125, 0.044502, -0.078158], [-0.154749, 0.033346, -0.128056], [0.074433, -0.108373, -0.095208], [0.062573, -0.111875, -0.072622], [0.025575, -0.115901, 0.181247], [0.019386, -0.150201, 0.254255], [-0.029381, -0.045696, 0.005393], [-0.010551, 0.026159, -0.123615], [0.044821, 0.063624, 0.125822], [0.037983, -0.004041, -0.023421], [-0.001775, -0.001003, 0.002131], [0.004295, 0.000724, -0.002658], [-0.001541, -0.002498, -0.004156], [0.000177, -0.001821, -0.00208], [-0.005346, -0.000741, 0.00098], [-0.003708, -0.000883, -0.001988], [-0.003151, 0.002214, 0.002427], [-0.000699, -0.000179, 0.003873], [0.002787, -0.002473, 0.003659], [-0.00628, 0.00299, 0.000225], [-0.002711, -0.001907, -0.001464], [0.005532, -0.001524, 0.001278], [-0.002463, -0.000814, -0.001084], [-0.00096, 0.003486, 0.001825], [0.00207, -0.006729, 0.005122], [0.004619, 0.000551, -0.000215], [-0.006151, -0.003119, 0.00223], [0.000136, -0.002647, -0.003695], [-0.01359, -0.003625, -0.014254], [0.010635, -0.002729, 0.008462], [-0.007642, 0.006912, 0.0172], [5.210142, 0.764152, -0.844284], [4.808115, 0.791945, -0.465663], [-0.258413, -0.219812, -0.459213], [-0.22578, -0.2424, -0.42119], [0.019514, 0.14285, 0.153764], [-0.072912, 0.127627, 0.1298], [-0.003677, -0.00173, -0.001352], [-0.00033, -0.001934, 0.000392], [-0.000244, 0.001087, 0.000747], [0.001474, 0.003839, -0.002422], [-0.00013, -0.005344, -0.000446], [0.001076, -0.008358, 0.00249], [-0.003695, -0.008928, -0.010573], [-0.015025, 0.003174, -0.006007]],
 "magmom": 2.9360913,
 "magmoms": [0.527, -0.689, 0.478, 0.71, 0.074, -0.004, -0.063, 0.043, -0.032, -0.036, 0.006, 0.023, 0.035, -0.017, -0.004, 0.024, 0.007, -0.006, 0.019, -0.019, 0.002, -0.001, -0.006, -0.027, 0.026, -0.001, 0.003, 0.04, 0.005, 0.024, 0.029, -0.041, -0.012, -0.027, -0.044, -0.162, -0.3, 0.414, 0.455, 0.001, 0.64, 0.36, 0.038, 0.06, -0.055, 0.088, -0.027, 0.065, -0.048, 0.17, -0.107, 0.246, -0.435, 0.0, 0.002],
 "mtime": 18.97612925359998,
 "numbers": [8, 8, 8, 8, 8, 8, 8, 8, 8, 8, 8, 8, 8, 8, 8, 8, 8, 8, 8, 8, 8, 8, 8, 8, 8, 8, 8, 8, 8, 8, 8, 8, 8, 8, 8, 8, 8, 8, 8, 8, 8, 77, 77, 77, 77, 77, 77, 77, 77, 77, 77, 77, 77, 1, 1],
 "pbc": [true, true, true],
 "positions": [[5.09191, 4.03131, 7.5], [0.93881, 1.46306, 7.5], [4.81759, 1.43768, 8.12009], [0.35875, 4.00594, 8.12009], [7.312, 0.61358, 8.88952], [2.85316, 3.18184, 8.88952], [2.57876, 0.5881, 9.50961], [6.73186, 3.15636, 9.50961], [4.71607, 4.81134, 10.1297], [0.56306, 2.24309, 10.1297], [4.33912, 2.21155, 10.89878], [-0.11972, 4.77986, 10.89878], [2.32316, 3.86653, 11.51887], [6.782, 1.29828, 11.51887], [6.20194, 3.84111, 12.13896], [2.04884, 1.27285, 12.13896], [4.54325, 0.4488, 12.9084], [0.08441, 3.01706, 12.9084], [3.96312, 2.99153, 13.52849], [8.42196, 0.42327, 13.52849], [1.95362, 4.63612, 14.15556], [6.41024, 2.07414, 14.14881], [5.71563, 4.63566, 14.95224], [1.57377, 2.05675, 14.92075], [3.98188, 1.13359, 15.54665], [8.17015, 3.71813, 15.50874], [3.43558, 3.68033, 16.18451], [7.90019, 1.12102, 16.14976], [1.77873, 0.28368, 16.9331], [5.97171, 2.86976, 16.94256], [5.77163, 0.32332, 17.62021], [1.1939, 2.79824, 17.55819], [3.67157, 1.90174, 18.16747], [7.9421, 4.48482, 18.07889], [2.87704, 4.2741, 18.88854], [7.35617, 1.63249, 19.16798], [5.56923, 3.43645, 19.59095], [1.26324, 0.87776, 19.63705], [4.98334, 0.90377, 20.34484], [0.50435, 3.48507, 20.20299], [5.6493, 1.13596, 21.38845], [3.68246, 4.87801, 8.50463], [8.14139, 2.30976, 8.50463], [6.60415, 4.79557, 10.51424], [2.45105, 2.22732, 10.51424], [0.9138, 4.71318, 12.5235], [5.37264, 2.14493, 12.5235], [3.83797, 4.63448, 14.54613], [8.2984, 2.06758, 14.53309], [6.78524, 4.55211, 16.56194], [2.57414, 1.99115, 16.56194], [1.15526, 4.53154, 18.65277], [5.51801, 1.96056, 18.59634], [7.79566, 2.39734, 19.63824], [0.33629, 4.11425, 20.93356]],
 "stress": [0.006704622861514669, 0.003946793329715775, 0.0021578082934912346, 0.0018880877181253152, -0.0030197669452848375, 0.0013142870596554892],
 "unique_id": "830f8042f509ff34956b082cc8e3bca0",
 "user": "raul_desktop"},
"ids": [1],
"nextid": 2}
