{"1": {
 "calculator": "unknown",
 "calculator_parameters": {"energy": -335.18815377},
 "cell": [[8.61194, 0.0, 0.0], [-0.305740631, 5.136508739, 0.0], [0.0, 0.0, 27.67670537]],
 "constraints": [{"name": "FixAtoms", "kwargs": {"indices": [0, 1, 2, 3, 4, 5, 6, 7, 8, 9, 10, 11, 12, 13, 14, 15, 16, 17, 18, 19, 41, 42, 43, 44, 45, 46]}}],
 "ctime": 18.97612925306325,
 "energy": -335.18815377,
 "forces": [[-2.683742, 1.027798, 1.127256], [-2.682677, 1.02489, 1.121918], [-1.893757, -1.930029, 0.236254], [-1.889035, -1.927064, 0.225798], [-0.087359, 0.518479, -0.344497], [-0.08482, 0.51716, -0.33723], [-0.028722, 0.076384, -0.345559], [-0.046294, 0.07542, -0.343662], [-0.310306, -0.105709, 0.537437], [-0.31256, -0.105182, 0.5326], [-0.110024, 0.05951, -0.03356], [-0.119564, 0.060482, -0.049237], [0.06444, -0.066484, -0.05515], [0.061329, -0.070774, -0.065828], [0.041784, -0.151107, 0.225902], [0.043205, -0.140546, 0.220571], [-0.043796, -0.089131, 0.037199], [-0.008628, 0.031201, -0.084403], [0.057124, -0.013162, 0.029152], [-0.003366, -0.002241, 0.07339], [0.00386, -0.00334, 0.00331], [-0.013798, 0.005946, -0.002506], [-0.000441, 0.000277, -0.001887], [0.001039, 0.002958, -0.002066], [-0.000252, 0.001455, 0.000191], [0.003088, -0.001918, 0.003032], [-0.001097, 0.002282, -0.004632], [-0.000164, -0.001726, -0.000364], [0.002131, 0.001606, -0.001568], [0.00135, 0.00259, 0.009741], [-0.005152, 0.002642, -6.4e-05], [-0.005917, -0.00056, -0.001291], [0.003275, 0.001716, -0.000939], [-0.009785, -0.00043, -0.003918], [0.009412, 0.000685, 0.000734], [-0.006351, -0.001189, -0.007166], [0.001966, -0.006071, -0.009566], [0.003692, -0.006137, -0.006549], [-0.008278, 0.003394, -0.007487], [0.000789, 0.002463, -2.3e-05], [0.01008, -0.005279, 0.012663], [5.262538, 0.743702, -0.914869], [5.266746, 0.747768, -0.892332], [-0.204406, -0.313793, -0.515264], [-0.219479, -0.318354, -0.495273], [-0.006121, 0.175436, 0.049051], [-0.065438, 0.146766, 0.068626], [0.001443, 0.001386, 0.00391], [0.002869, 0.003048, -0.001684], [0.000343, 8.5e-05, 0.001102], [0.002764, 0.002194, 0.00224], [0.001374, 0.000693, 0.001694], [0.001307, 0.005254, 0.001813], [0.005075, 0.014199, 0.002794], [-0.001694, 0.000357, 0.000197]],
 "magmom": 3.6926698,
 "magmoms": [0.488, 0.502, 0.487, 0.484, -0.008, -0.011, -0.035, -0.037, -0.05, -0.049, 0.012, 0.018, 0.012, 0.014, 0.04, 0.025, -0.012, -0.001, -0.015, -0.005, -0.009, -0.012, 0.015, -0.001, 0.021, -0.003, 0.017, 0.006, -0.005, 0.013, 0.04, -0.014, -0.02, -0.01, -0.027, -0.057, -0.016, 0.398, 0.03, 0.001, 0.014, 0.347, 0.345, -0.039, -0.067, 0.063, 0.026, 0.009, -0.032, 0.096, -0.066, 0.239, -0.043, 0.0, 0.002],
 "mtime": 18.97612925306325,
 "numbers": [8, 8, 8, 8, 8, 8, 8, 8, 8, 8, 8, 8, 8, 8, 8, 8, 8, 8, 8, 8, 8, 8, 8, 8, 8, 8, 8, 8, 8, 8, 8, 8, 8, 8, 8, 8, 8, 8, 8, 8, 8, 77, 77, 77, 77, 77, 77, 77, 77, 77, 77, 77, 77, 1, 1],
 "pbc": [true, true, true],
 "positions": [[5.09191, 4.03131, 7.5], [0.93881, 1.46306, 7.5], [4.81759, 1.43768, 8.12009], [0.35875, 4.00594, 8.12009], [7.312, 0.61358, 8.88952], [2.85316, 3.18184, 8.88952], [2.57876, 0.5881, 9.50961], [6.73186, 3.15636, 9.50961], [4.71607, 4.81134, 10.1297], [0.56306, 2.24309, 10.1297], [4.33912, 2.21155, 10.89878], [-0.11972, 4.77986, 10.89878], [2.32316, 3.86653, 11.51887], [6.782, 1.29828, 11.51887], [6.20194, 3.84111, 12.13896], [2.04884, 1.27285, 12.13896], [4.54325, 0.4488, 12.9084], [0.08441, 3.01706, 12.9084], [3.96312, 2.99153, 13.52849], [8.42196, 0.42327, 13.52849], [1.94929, 4.63814, 14.15135], [6.40959, 2.06823, 14.14648], [5.72204, 4.61679, 14.94565], [1.57189, 2.06101, 14.92387], [3.99294, 1.12404, 15.54055], [8.13373, 3.71063, 15.51718], [3.41954, 3.65914, 16.15784], [7.89772, 1.13619, 16.16334], [1.74964, 0.29438, 16.9017], [5.97374, 2.83277, 16.95618], [5.67428, 0.25623, 17.52978], [1.19994, 2.80363, 17.57444], [3.68987, 1.87551, 18.14081], [7.91322, 4.50225, 18.08004], [2.88393, 4.33739, 18.82264], [7.24757, 1.59409, 19.06089], [5.37144, 3.5705, 19.4838], [1.25286, 0.89277, 19.61189], [4.94171, 0.93564, 20.17282], [0.59577, 3.53553, 20.24699], [5.80299, 1.00672, 21.2987], [3.68246, 4.87801, 8.50463], [8.14139, 2.30976, 8.50463], [6.60415, 4.79557, 10.51424], [2.45105, 2.22732, 10.51424], [0.9138, 4.71318, 12.5235], [5.37264, 2.14493, 12.5235], [3.83905, 4.63004, 14.54354], [8.30265, 2.07109, 14.5362], [6.75687, 4.57559, 16.56825], [2.58214, 1.97228, 16.5689], [1.15256, 4.52654, 18.65945], [5.57657, 2.01456, 18.66889], [5.59442, 0.13618, 21.7076], [0.47814, 4.20611, 20.95212]],
 "stress": [0.00871182353979834, 0.004610871176182376, 0.002487054141390702, 0.0014402968873979463, -0.0037444560868728914, 0.00039309024474812765],
 "unique_id": "6764afb28b06b363ffa78218e8f5a72a",
 "user": "raul_desktop"},
"ids": [1],
"nextid": 2}
