{"1": {
 "calculator": "unknown",
 "calculator_parameters": {"energy": -416.09063227},
 "cell": [[6.64164, 0.0, 0.0], [0.0, 8.72335, 0.0], [0.0, 0.0, 28.2831]],
 "constraints": [{"name": "FixAtoms", "kwargs": {"indices": [0, 1, 2, 3, 4, 5, 6, 7, 8, 9, 10, 11, 12, 13, 14, 15, 16, 17, 18, 19, 20, 21, 22, 23, 24, 25, 26, 50, 51, 52, 53, 54, 55, 56, 57]}}],
 "ctime": 18.97612851706637,
 "energy": -416.09063227,
 "forces": [[-0.000174, -1.870638, 1.646122], [-0.000311, 1.870352, 1.645986], [-0.000231, -0.000313, -0.093046], [-0.410502, 0.152198, -0.682594], [0.410356, 0.152468, -0.682383], [-0.431605, -0.000869, -1.216906], [0.431089, -0.000343, -1.21688], [-0.41103, -0.153197, -0.682146], [0.410313, -0.152969, -0.682471], [-0.000257, -9.1e-05, 0.230134], [0.00034, -0.03306, -0.014649], [-0.000776, 0.032789, -0.014601], [9.3e-05, 0.917275, -0.058506], [-0.000504, -0.917483, -0.058756], [-0.000425, -0.000162, 0.069636], [-0.027473, 0.00981, -0.075756], [0.026167, 0.010653, -0.07579], [-0.026276, -0.011445, -0.075648], [-0.020943, -0.002235, -0.046983], [0.020482, 0.000952, -0.046791], [0.026524, -0.010686, -0.07554], [-0.000144, -0.00021, 0.443171], [0.008894, 0.253212, 0.008892], [-0.009863, -0.253101, 0.007432], [-0.004146, -0.017186, 0.131169], [0.002293, 0.014779, 0.129716], [-0.000604, -0.001154, -0.050918], [0.001169, -0.003888, -0.001395], [-0.00823, 0.00307, 0.004302], [0.000313, 0.003294, 0.001208], [0.001445, 0.000809, -0.001992], [-0.000365, -0.005324, 0.002723], [-0.004433, -0.010367, -0.00467], [-0.00034, 0.001143, 0.000945], [-0.00122, -0.001163, 0.005441], [0.000707, 0.007174, -0.000583], [0.005002, -0.000442, -0.001275], [-0.008223, -0.001487, -0.00547], [-0.00041, 0.005839, 0.00307], [0.004411, -0.001371, 0.005208], [0.000249, 0.004387, -0.003653], [0.004019, -0.00077, 0.001214], [0.003632, -0.005655, 0.004806], [0.002887, -0.000255, -0.009278], [0.001436, 0.003412, 0.008186], [-0.000561, -0.000217, 0.002527], [-0.004378, 0.000468, 0.006596], [0.004603, 0.00273, 0.004397], [0.004543, 0.004531, 0.008358], [-0.00367, -0.002204, 0.004333], [-0.000333, 2.593607, -1.970992], [-0.000386, -0.373283, 2.85636], [-0.000174, 0.374741, 2.856544], [-0.00038, -2.593479, -1.971153], [-0.000484, -1.052155, -0.318381], [-0.001418, -0.047108, 0.168049], [0.001057, 0.048916, 0.168016], [0.000157, 1.052295, -0.31929], [-0.001998, 0.002261, 0.006294], [0.000438, -0.001698, 0.00529], [0.002346, 0.003053, 0.004498], [0.003397, -0.002443, 0.004206], [-0.001297, -0.001087, 0.005321], [0.003226, -0.005091, 0.000715], [-0.000753, 0.006082, 0.000759], [0.002727, 0.002331, 0.006873]],
 "magmom": 4.1716707,
 "magmoms": [0.553, 0.553, -0.024, -0.04, -0.04, -0.005, -0.005, -0.04, -0.04, -0.021, -0.047, -0.047, 0.002, 0.002, 0.005, 0.02, 0.021, 0.021, 0.004, 0.004, 0.02, -0.006, -0.015, -0.015, 0.018, 0.018, -0.013, 0.039, 0.039, 0.017, 0.017, 0.039, 0.039, 0.035, -0.042, -0.042, -0.03, -0.03, -0.078, -0.009, -0.009, -0.031, -0.031, -0.009, -0.009, 0.032, 0.443, 0.443, 0.372, 0.371, 0.131, -0.063, -0.063, 0.131, 0.03, -0.012, -0.012, 0.03, 0.034, 0.006, 0.006, 0.034, 0.244, 0.154, 0.154, 0.244],
 "mtime": 18.97612851706637,
 "numbers": [8, 8, 8, 8, 8, 8, 8, 8, 8, 8, 8, 8, 8, 8, 8, 8, 8, 8, 8, 8, 8, 8, 8, 8, 8, 8, 8, 8, 8, 8, 8, 8, 8, 8, 8, 8, 8, 8, 8, 8, 8, 8, 8, 8, 8, 8, 8, 8, 8, 8, 77, 77, 77, 77, 77, 77, 77, 77, 77, 77, 77, 77, 77, 77, 77, 77],
 "pbc": [true, true, true],
 "positions": [[3.32082, 2.83282, 7.50011], [3.32082, 5.89053, 7.50011], [3.32082, 0.0, 7.71252], [1.41062, 1.52885, 8.91059], [5.23102, 1.52885, 8.91059], [1.19782, 4.36167, 8.91059], [5.44382, 4.36167, 8.91059], [1.41062, 7.1945, 8.91059], [5.23102, 7.1945, 8.91059], [3.32082, 0.0, 10.10838], [3.32082, 2.83282, 10.32135], [3.32082, 5.89053, 10.32135], [0.0, 2.83282, 10.82055], [0.0, 5.89053, 10.82055], [0.0, 0.0, 11.0338], [1.9102, 1.52885, 12.23131], [4.73144, 1.52885, 12.23131], [1.9102, 7.1945, 12.23131], [2.123, 4.36167, 12.23131], [4.51864, 4.36167, 12.23131], [4.73144, 7.1945, 12.23131], [0.0, 0.0, 13.4291], [0.0, 2.83282, 13.64207], [0.0, 5.89053, 13.64207], [3.32082, 2.83282, 14.14127], [3.32082, 5.89053, 14.14127], [3.32082, 0.0, 14.35452], [1.41073, 1.52642, 15.55268], [5.23253, 1.51991, 15.54054], [1.1969, 4.36047, 15.56676], [5.44472, 4.36272, 15.56683], [5.23061, 7.19708, 15.55213], [1.40897, 7.20374, 15.54066], [3.32045, 8.723, 16.73905], [3.33309, 2.77543, 16.99747], [3.30929, 5.94694, 16.99727], [6.63003, 2.80089, 17.46994], [0.01207, 5.92214, 17.46958], [0.00083, 8.72319, 17.71343], [1.92509, 1.49154, 18.83281], [4.71274, 1.48756, 18.85604], [2.1108, 4.36423, 18.825], [4.53313, 4.35745, 18.82562], [1.93101, 7.23501, 18.8539], [4.71824, 7.23103, 18.83237], [0.00126, 8.72297, 20.10183], [0.0082, 2.63718, 20.31811], [6.63598, 6.08341, 20.31574], [3.30749, 2.80932, 20.71964], [3.33416, 5.91277, 20.71907], [3.32082, 1.52955, 8.91059], [0.0, 2.83204, 8.91059], [0.0, 5.89123, 8.91059], [3.32082, 7.1938, 8.91059], [0.0, 1.52955, 12.23131], [3.32082, 2.83204, 12.23131], [3.32082, 5.89123, 12.23131], [0.0, 7.1938, 12.23131], [3.32205, 1.53084, 15.55358], [6.64046, 2.82972, 15.54795], [0.00096, 5.89356, 15.54781], [3.31921, 7.19229, 15.55365], [6.63868, 1.55041, 18.9063], [3.31908, 2.83586, 18.95351], [3.32452, 5.8861, 18.95298], [0.00495, 7.17233, 18.90578]],
 "stress": [0.0026120029125817593, 0.0033635180603928585, 0.0033686548224034604, -1.6252889763800005e-05, 1.1940006957814674e-05, 3.938392258432336e-05],
 "unique_id": "937c094e8aa38b8b387a1462ba822e91",
 "user": "raul_desktop"},
"ids": [1],
"nextid": 2}
