{"1": {
 "calculator": "unknown",
 "calculator_parameters": {"energy": -421.31304192},
 "cell": [[6.64164, 0.0, 0.0], [0.0, 8.72335, 0.0], [0.0, 0.0, 28.2831]],
 "constraints": [{"name": "FixAtoms", "kwargs": {"indices": [0, 1, 2, 3, 4, 5, 6, 7, 8, 9, 10, 11, 12, 13, 14, 15, 16, 17, 18, 19, 20, 21, 22, 23, 24, 25, 26, 50, 51, 52, 53, 54, 55, 56, 57]}}],
 "ctime": 18.976128517378402,
 "energy": -421.31304192,
 "forces": [[0.000415, -1.891453, 1.654012], [0.000149, 1.869271, 1.647006], [0.005133, -0.005772, -0.086546], [-0.41208, 0.157216, -0.680295], [0.415547, 0.156989, -0.681291], [-0.427663, 0.006067, -1.213373], [0.422518, 0.003683, -1.216767], [-0.403886, -0.149083, -0.679106], [0.409407, -0.150795, -0.680547], [0.002036, 0.00451, 0.226745], [0.002211, -0.069493, -0.045431], [-0.001357, 0.031533, -0.012178], [0.000416, 0.915885, -0.063765], [0.003005, -0.903325, -0.095429], [-0.001755, -0.006205, 0.07147], [-0.017983, 0.019197, -0.074085], [0.029637, 0.013458, -0.085114], [-0.028026, -0.009249, -0.075694], [-0.004304, 0.006955, -0.049235], [0.010653, -0.000642, -0.04884], [0.035962, -0.010531, -0.076], [0.001254, 0.002512, 0.424987], [-0.002298, 0.278572, 0.051325], [-0.01786, -0.251869, 0.028612], [-0.018453, 0.080262, -0.03874], [0.01181, 0.062659, 0.225188], [0.01687, -0.231382, -0.031138], [0.00064, 0.00214, -0.001568], [-0.002821, 0.001239, 0.002255], [0.003911, -0.002893, -0.004676], [0.000289, -0.000222, 0.003113], [0.006144, 0.005947, -0.002174], [-0.000881, 0.000996, -0.003024], [-1.1e-05, 0.003734, 0.002882], [0.002814, -0.003778, 0.000882], [-0.003802, 0.003173, 0.001321], [0.005241, 0.000521, -0.00251], [-0.000292, 0.000824, -0.000156], [0.001705, -0.001984, 0.008797], [0.001835, 0.012256, 0.010018], [-0.000678, 0.005002, 0.002595], [-0.000357, -0.00608, 0.006292], [-0.000911, 0.004515, -0.002185], [0.002464, -0.001028, 0.002645], [0.004349, 0.008805, -0.003496], [-0.001232, 0.002354, 0.007561], [0.00886, 0.013218, 0.010776], [-0.001406, -0.007213, 0.004141], [0.010306, -0.012609, 0.008402], [0.001424, -0.000267, 0.008671], [-0.007191, 2.649611, -1.975349], [6.1e-05, -0.382437, 2.85678], [0.000306, 0.361418, 2.877325], [-0.00617, -2.587125, -1.972925], [-0.011228, -1.060858, -0.297685], [-0.011506, -0.035455, 0.172187], [-0.004326, 0.045745, 0.197642], [-0.015962, 1.044408, -0.27375], [-0.000222, -0.001842, 0.002296], [0.000836, -0.006076, -0.000144], [0.000893, 0.004864, 0.000672], [-0.000679, 0.002313, 0.00496], [-0.003379, -0.010877, -0.014143], [0.00316, -0.003107, -0.01348], [-0.001693, 0.005819, -0.006552], [-0.001114, 0.012191, -0.015792], [-0.010736, 0.003783, 0.001623]],
 "magmom": 3.3786899,
 "magmoms": [0.547, 0.553, -0.031, -0.043, -0.044, -0.006, -0.008, -0.04, -0.039, -0.022, -0.055, -0.047, -0.003, 0.005, -0.002, 0.021, 0.017, 0.018, 0.007, 0.006, 0.019, -0.006, -0.01, -0.018, 0.009, -0.007, -0.016, 0.04, 0.031, 0.016, 0.012, 0.028, 0.034, 0.008, 0.039, -0.028, -0.018, -0.021, -0.064, 0.019, 0.007, -0.024, -0.015, -0.019, -0.01, 0.011, 0.371, 0.443, 0.099, 0.273, 0.12, -0.081, -0.061, 0.127, 0.015, -0.026, -0.012, 0.021, 0.045, 0.027, -0.012, -0.012, 0.193, 0.098, 0.105, 0.24, 0.0],
 "mtime": 18.976128517378402,
 "numbers": [8, 8, 8, 8, 8, 8, 8, 8, 8, 8, 8, 8, 8, 8, 8, 8, 8, 8, 8, 8, 8, 8, 8, 8, 8, 8, 8, 8, 8, 8, 8, 8, 8, 8, 8, 8, 8, 8, 8, 8, 8, 8, 8, 8, 8, 8, 8, 8, 8, 8, 77, 77, 77, 77, 77, 77, 77, 77, 77, 77, 77, 77, 77, 77, 77, 77, 1],
 "pbc": [true, true, true],
 "positions": [[3.32082, 2.83282, 7.50011], [3.32082, 5.89053, 7.50011], [3.32082, 0.0, 7.71252], [1.41062, 1.52885, 8.91059], [5.23102, 1.52885, 8.91059], [1.19782, 4.36167, 8.91059], [5.44382, 4.36167, 8.91059], [1.41062, 7.1945, 8.91059], [5.23102, 7.1945, 8.91059], [3.32082, 0.0, 10.10838], [3.32082, 2.83282, 10.32135], [3.32082, 5.89053, 10.32135], [0.0, 2.83282, 10.82055], [0.0, 5.89053, 10.82055], [0.0, 0.0, 11.0338], [1.9102, 1.52885, 12.23131], [4.73144, 1.52885, 12.23131], [1.9102, 7.1945, 12.23131], [2.123, 4.36167, 12.23131], [4.51864, 4.36167, 12.23131], [4.73144, 7.1945, 12.23131], [0.0, 0.0, 13.4291], [0.0, 2.83282, 13.64207], [0.0, 5.89053, 13.64207], [3.32082, 2.83282, 14.14127], [3.32082, 5.89053, 14.14127], [3.32082, 0.0, 14.35452], [1.40417, 1.51812, 15.54431], [5.23031, 1.51884, 15.54158], [1.19548, 4.35737, 15.57348], [5.44624, 4.36218, 15.57683], [5.23014, 7.19474, 15.55891], [1.40948, 7.20477, 15.53886], [3.317, 0.00532, 16.74281], [3.30609, 2.83864, 16.92791], [3.29558, 5.96043, 17.0184], [6.63675, 2.80098, 17.47905], [0.02891, 5.92681, 17.47604], [0.01486, 0.0068, 17.7276], [1.93897, 1.51911, 18.83492], [4.72203, 1.51535, 18.891], [2.1343, 4.38395, 18.91469], [4.52191, 4.36735, 18.82909], [1.93678, 7.23659, 18.89899], [4.71698, 7.253, 18.80637], [0.00081, 0.00096, 20.11475], [0.04103, 2.63004, 20.35001], [6.59349, 6.08397, 20.31365], [3.30991, 2.8739, 20.77264], [3.44246, 5.99874, 20.7552], [3.32082, 1.52955, 8.91059], [0.0, 2.83204, 8.91059], [0.0, 5.89123, 8.91059], [3.32082, 7.1938, 8.91059], [0.0, 1.52955, 12.23131], [3.32082, 2.83204, 12.23131], [3.32082, 5.89123, 12.23131], [0.0, 7.1938, 12.23131], [3.31847, 1.52461, 15.53899], [6.63864, 2.82797, 15.54917], [0.00414, 5.8945, 15.55051], [3.32043, 7.18631, 15.56523], [0.00664, 1.56139, 18.92701], [3.32456, 2.83776, 18.83092], [3.33161, 5.89651, 19.00095], [0.00223, 7.17923, 18.90704], [3.68178, 2.03862, 21.12584]],
 "stress": [0.002575646121923489, 0.0036757121053604134, 0.003483398726173698, -0.0003013275775793919, -1.294488992708188e-05, 8.725629757984795e-06],
 "unique_id": "f2ee6d044cdc85e865b0c173871a1060",
 "user": "raul_desktop"},
"ids": [1],
"nextid": 2}
