{"1": {
 "calculator": "unknown",
 "calculator_parameters": {"energy": -409.77358333},
 "cell": [[7.0938, 0.0, 0.0], [0.0, 9.766, 0.0], [0.0, 0.0, 25.006938326]],
 "constraints": [{"name": "FixAtoms", "kwargs": {"indices": [0, 1, 4, 5, 8, 9, 12, 13, 16, 17, 20, 21, 24, 25, 28, 29, 31, 32, 35, 36, 39, 40, 43, 44, 47, 48, 51, 52, 55, 56, 59, 60]}}],
 "ctime": 18.976120050960628,
 "energy": -409.77358333,
 "forces": [[-0.678724, 0.560413, 3.227191], [0.011891, 0.262203, 0.092168], [-0.00112, 0.001283, 0.000874], [-0.009288, 0.010247, 0.004738], [-0.668172, -0.574454, 3.173712], [-0.024329, -0.378217, 0.02861], [-0.001578, -0.005744, -0.002789], [0.009526, -0.007878, 0.002164], [-0.675526, 0.492014, 3.18434], [-0.027646, 0.267303, 0.141875], [-0.002121, -0.000611, -0.003144], [-0.005171, 0.004374, 0.00311], [-0.685851, -0.582124, 3.216787], [0.042359, -0.218055, 0.063157], [0.000122, -0.003533, 0.003882], [0.001496, -0.004514, -0.000626], [-0.171456, 0.127152, -1.370491], [0.119729, 0.007207, 0.11964], [-0.005722, -0.001985, -0.002562], [-0.002354, -0.002974, -0.000771], [-0.181968, -0.107728, -1.359416], [0.052885, 0.069912, 0.443833], [-0.002586, -0.007145, -0.003109], [0.00358, -0.003875, 0.002683], [0.347331, -0.38102, -0.142281], [-0.159979, -0.23226, -0.044363], [0.003042, 0.008366, 0.01017], [-0.007802, -0.002173, 0.004977], [0.33484, 0.360196, -0.171549], [-0.087386, 0.401522, 0.242308], [0.004284, 0.001915, -0.002165], [0.51266, 0.521135, -1.840728], [-0.047284, -0.045147, -0.028202], [0.003522, -0.006952, 0.001108], [-0.001972, 0.002167, 0.000409], [0.564418, -0.512598, -1.823491], [-0.015603, 0.01004, -0.032768], [-4.6e-05, -0.002646, -0.002629], [0.002306, -0.003225, -0.008128], [-0.141346, 0.121545, -1.30145], [0.000696, 0.00117, 0.178565], [-0.000964, -0.008757, -0.013471], [0.005291, 0.004719, 0.003548], [-0.153426, -0.102977, -1.381841], [0.007519, 0.076329, 0.093411], [0.001411, 0.014266, -0.002], [0.002132, 0.001028, -0.005927], [0.327267, -0.375451, -0.297434], [0.012288, -0.073013, -0.159402], [0.000779, 0.001877, -7.3e-05], [-0.003012, -0.001877, -0.000748], [0.347633, 0.352747, -0.208448], [0.010689, -0.165215, -0.321359], [0.000265, 0.009869, -0.001086], [-0.003649, 0.00298, 0.019021], [0.512513, 0.514315, -1.823713], [0.048664, -0.020091, -0.01552], [-0.000985, 0.002195, 0.001628], [-0.007707, -0.001731, -0.002933], [0.528189, -0.455835, -1.821016], [-0.051708, 0.086817, -0.054426], [-0.000847, 0.003098, -0.002568], [-0.003648, -0.007902, 0.00408], [0.011609, 0.002181, -0.00038], [-0.002862, 0.005211, -0.005538], [0.002905, -0.010091, -0.009443]],
 "magmom": 0.0099019,
 "magmoms": [0.0, 0.0, -0.001, -0.0, -0.0, 0.001, 0.0, 0.0, 0.001, 0.0, 0.0, 0.0, -0.0, 0.0, 0.0, 0.002, 0.0, 0.0, 0.0, 0.0, 0.0, -0.0, 0.0, -0.0, 0.001, 0.0, -0.0, -0.0, 0.0, 0.0, 0.0, 0.0, 0.0, -0.0, -0.0, -0.0, -0.0, -0.0, -0.0, 0.0, 0.0, -0.0, -0.0, -0.0, 0.0, 0.0, 0.002, 0.0, 0.0, 0.0, 0.0, 0.0, -0.0, 0.0, -0.0, -0.0, 0.0, 0.0, 0.0, 0.0, 0.0, 0.0, 0.0, -0.0, 0.0, 0.0],
 "mtime": 18.976120050960628,
 "numbers": [77, 77, 77, 77, 77, 77, 77, 77, 77, 77, 77, 77, 77, 77, 77, 77, 8, 8, 8, 8, 8, 8, 8, 8, 8, 8, 8, 8, 8, 8, 8, 8, 8, 8, 8, 8, 8, 8, 8, 8, 8, 8, 8, 8, 8, 8, 8, 8, 8, 8, 8, 8, 8, 8, 8, 8, 8, 8, 8, 8, 8, 8, 8, 1, 1, 1],
 "pbc": [true, true, true],
 "positions": [[5.87714, 0.0, 7.5], [2.1446, 2.4415, 10.06613], [5.51087, 9.73276, 12.63668], [1.8104, 2.52464, 15.26572], [2.33024, 0.0, 7.5], [5.6915, 2.4415, 10.06613], [1.93706, 9.76135, 12.63786], [5.38236, 2.47242, 15.21115], [5.87714, 4.883, 7.5], [2.1446, 7.3245, 10.06613], [5.50075, 4.89188, 12.62566], [1.79208, 7.37721, 15.31077], [2.33024, 4.883, 7.5], [5.6915, 7.3245, 10.06613], [1.95834, 4.88343, 12.63104], [5.33388, 7.27872, 15.32754], [5.26566, 1.59752, 8.3871], [1.53318, 4.03902, 10.95302], [4.86382, 1.48746, 13.71225], [1.06325, 3.88286, 16.07297], [1.71883, 3.28558, 8.3871], [5.08008, 0.84408, 10.95323], [1.3716, 3.29147, 13.49182], [5.14856, 2.27868, 16.93816], [6.30298, 4.03902, 9.17903], [2.57051, 1.59752, 11.74516], [6.03014, 4.0115, 14.37394], [2.30424, 1.5484, 16.86782], [2.75601, 0.84408, 9.17882], [6.11734, 3.28558, 11.74495], [2.26096, 0.96544, 14.27327], [4.10369, 4.1295, 7.5], [0.37115, 1.688, 10.06613], [3.74726, 4.12942, 12.65088], [7.08396, 1.64685, 15.21184], [0.55679, 0.7534, 7.5], [3.91805, 3.1949, 10.06613], [0.15183, 0.76486, 12.63872], [3.57818, 3.26019, 15.11056], [5.26566, 6.48052, 8.3871], [1.53318, 8.92202, 10.95302], [4.90474, 6.42619, 13.59583], [1.14827, 8.82665, 16.08927], [1.71883, 8.16858, 8.3871], [5.08008, 5.72708, 10.95323], [1.34032, 8.18553, 13.53491], [4.67124, 5.88467, 16.2007], [6.30298, 8.92202, 9.17903], [2.57051, 6.48052, 11.74516], [5.85474, 8.77021, 14.26615], [2.13165, 6.39049, 16.93667], [2.75601, 5.72708, 9.17882], [6.11734, 8.16858, 11.74495], [2.28189, 5.85785, 14.27051], [5.66552, 8.34533, 16.9072], [4.10369, 9.0125, 7.5], [0.37115, 6.571, 10.06613], [3.71329, 9.03719, 12.64975], [0.0068, 6.57293, 15.32233], [0.55679, 5.6364, 7.5], [3.91805, 8.0779, 10.06613], [0.17735, 5.62998, 12.62764], [3.556, 8.11597, 15.2747], [3.19477, 1.83967, 17.17548], [6.62387, 8.32762, 17.13318], [3.10849, 6.32767, 17.08445]],
 "stress": [-0.0018049882656233055, -0.0003716444193915927, 0.003989304248372166, 0.00017147298021539072, -0.0009103615550648286, 6.391929495817045e-05],
 "unique_id": "698cfec78cb5e05d8709e05a66aa63de",
 "user": "raul_desktop"},
"ids": [1],
"nextid": 2}
