{"1": {
 "calculator": "unknown",
 "calculator_parameters": {"energy": -414.29613518},
 "cell": [[7.0938, 0.0, 0.0], [0.0, 9.766, 0.0], [0.0, 0.0, 25.006938326]],
 "constraints": [{"name": "FixAtoms", "kwargs": {"indices": [0, 1, 4, 5, 8, 9, 12, 13, 16, 17, 20, 21, 24, 25, 28, 29, 31, 32, 35, 36, 39, 40, 43, 44, 47, 48, 51, 52, 55, 56, 59, 60]}}],
 "ctime": 18.976120051944196,
 "energy": -414.29613518,
 "forces": [[-0.67621, 0.515211, 3.191529], [0.014947, 0.246405, 0.078834], [0.004792, 0.001996, -0.005237], [-0.007933, 0.002368, 0.001162], [-0.66633, -0.55233, 3.178995], [0.041628, -0.223437, 0.039571], [-0.002144, 0.014778, 0.002622], [0.005961, 0.000219, -0.007351], [-0.650405, 0.571831, 3.202271], [0.024355, 0.209008, 0.135453], [-0.006524, -0.00503, -0.00242], [0.002219, 0.008224, 0.002649], [-0.691094, -0.535625, 3.218666], [0.016471, -0.25658, 0.14619], [0.005774, -0.006774, -0.010718], [-0.005135, 0.0022, -0.013932], [-0.164869, 0.115995, -1.319475], [0.03653, -0.026426, 0.19249], [0.000172, -0.002838, -0.00441], [-0.003363, -0.00617, 0.004684], [-0.159968, -0.10139, -1.35531], [0.015152, -0.046439, 0.271219], [0.003489, -0.00559, -0.003504], [-0.000614, 0.004617, -0.002935], [0.328744, -0.355981, -0.210713], [-0.034741, -0.143954, -0.155176], [0.000796, 0.003168, -0.000156], [0.001355, -0.006404, 0.000236], [0.322693, 0.370313, -0.18782], [-0.038935, 0.080873, -0.147666], [0.000326, 0.002421, 0.005637], [0.519584, 0.467576, -1.822248], [-0.007441, -0.024718, -0.03351], [0.006515, 0.002959, -0.00101], [0.001884, 0.002856, -0.001911], [0.521162, -0.473073, -1.812715], [-0.012339, 0.002242, -0.011208], [-0.002758, -0.003466, 0.000839], [0.001611, 0.007763, 0.005667], [-0.171203, 0.098879, -1.353206], [0.041479, -0.032481, 0.173385], [0.001129, 0.008021, 0.002896], [-0.00128, 0.001959, 0.001125], [-0.168198, -0.106973, -1.346619], [0.061867, 0.027748, 0.256107], [-0.002643, 0.003099, 0.005566], [-0.000388, 0.001361, 0.001788], [0.340779, -0.332302, -0.185201], [-0.121089, -0.197005, -0.110376], [-0.004324, -0.004059, 0.004351], [-0.00936, -0.003252, 0.003301], [0.342842, 0.35288, -0.201457], [-0.093251, 0.29832, -0.107759], [0.001078, -0.001826, -0.000297], [-0.007767, 0.013508, 0.010593], [0.531735, 0.498864, -1.817042], [-0.044097, -0.00501, -0.038495], [0.004265, -0.009201, 0.000218], [0.006234, -0.001548, -0.001696], [0.536676, -0.493279, -1.83615], [0.019747, 0.008497, -0.048702], [0.001326, 0.002976, 0.004774], [-0.001506, -0.003913, 0.002895], [0.002036, 0.002002, -0.001969], [-0.008845, 0.007482, 0.009092], [-0.002412, 0.011387, 0.0013], [-0.00019, -0.00293, 0.002287]],
 "magmom": 0.1723135,
 "magmoms": [0.01, 0.001, -0.005, 0.003, -0.005, 0.005, 0.0, 0.029, 0.002, 0.004, -0.013, 0.004, 0.002, 0.011, -0.0, 0.016, 0.001, 0.0, -0.002, 0.005, 0.001, 0.001, -0.001, 0.033, 0.005, 0.001, -0.001, 0.002, -0.001, 0.0, 0.0, -0.0, 0.001, -0.0, 0.0, -0.0, 0.0, -0.0, -0.002, -0.0, 0.001, -0.002, 0.003, -0.001, 0.001, -0.0, 0.02, 0.01, 0.001, -0.001, 0.0, 0.003, 0.001, -0.001, -0.002, 0.0, 0.0, 0.004, 0.0, -0.001, 0.002, -0.001, 0.001, 0.002, 0.0, 0.0, 0.0],
 "mtime": 18.976120051944196,
 "numbers": [77, 77, 77, 77, 77, 77, 77, 77, 77, 77, 77, 77, 77, 77, 77, 77, 8, 8, 8, 8, 8, 8, 8, 8, 8, 8, 8, 8, 8, 8, 8, 8, 8, 8, 8, 8, 8, 8, 8, 8, 8, 8, 8, 8, 8, 8, 8, 8, 8, 8, 8, 8, 8, 8, 8, 8, 8, 8, 8, 8, 8, 8, 8, 8, 1, 1, 1],
 "pbc": [true, true, true],
 "positions": [[5.87714, 0.0, 7.5], [2.1446, 2.4415, 10.06613], [5.5059, 0.01164, 12.64364], [1.78275, 2.46534, 15.31964], [2.33024, 0.0, 7.5], [5.6915, 2.4415, 10.06613], [1.96238, 9.76208, 12.6301], [5.37293, 2.45272, 15.39758], [5.87714, 4.883, 7.5], [2.1446, 7.3245, 10.06613], [5.50537, 4.87556, 12.63329], [1.79835, 7.36233, 15.30501], [2.33024, 4.883, 7.5], [5.6915, 7.3245, 10.06613], [1.95716, 4.87614, 12.63616], [5.34544, 7.27101, 15.29952], [5.26566, 1.59752, 8.3871], [1.53318, 4.03902, 10.95302], [4.96187, 1.55466, 13.58225], [1.09548, 3.84694, 16.16086], [1.71883, 3.28558, 8.3871], [5.08008, 0.84408, 10.95323], [1.36542, 3.31882, 13.55821], [4.69206, 0.97248, 16.13711], [6.30298, 4.03902, 9.17903], [2.57051, 1.59752, 11.74516], [5.86253, 3.9429, 14.27188], [2.19, 1.41798, 16.88455], [2.75601, 0.84408, 9.17882], [6.11734, 3.28558, 11.74495], [2.30474, 0.96929, 14.25071], [4.10369, 4.1295, 7.5], [0.37115, 1.688, 10.06613], [3.72619, 4.13147, 12.61946], [0.0069, 1.62451, 15.24894], [0.55679, 0.7534, 7.5], [3.91805, 3.1949, 10.06613], [0.18319, 0.74402, 12.61538], [3.57059, 3.19396, 15.25948], [5.26566, 6.48052, 8.3871], [1.53318, 8.92202, 10.95302], [4.91106, 6.44566, 13.55217], [1.12467, 8.7782, 16.13642], [1.71883, 8.16858, 8.3871], [5.08008, 5.72708, 10.95323], [1.36609, 8.20079, 13.55286], [4.69186, 5.84764, 16.14143], [6.30298, 8.92202, 9.17903], [2.57051, 6.48052, 11.74516], [5.84955, 8.79219, 14.26491], [2.14993, 6.34002, 16.90212], [2.75601, 5.72708, 9.17882], [6.11734, 8.16858, 11.74495], [2.30426, 5.85239, 14.2617], [5.69878, 8.2985, 16.89613], [4.10369, 9.0125, 7.5], [0.37115, 6.571, 10.06613], [3.72896, 9.01799, 12.62775], [0.01112, 6.54078, 15.27072], [0.55679, 5.6364, 7.5], [3.91805, 8.0779, 10.06613], [0.1773, 5.63327, 12.62439], [3.56176, 8.08926, 15.28169], [5.87155, 3.36247, 16.83281], [3.17006, 1.21362, 16.87886], [6.67448, 8.477, 16.96317], [3.12843, 6.26053, 17.03605]],
 "stress": [-0.0020034869803537705, 0.0013814956299230004, 0.003848576942110876, -0.0002400796485270995, -0.0009369066933772101, -0.0001082589757884451],
 "unique_id": "2920a0b6083f0d07aa5b87809b9b189f",
 "user": "raul_desktop"},
"ids": [1],
"nextid": 2}
