{"1": {
 "calculator": "unknown",
 "calculator_parameters": {"energy": -426.34403714},
 "cell": [[6.64164, 0.0, 0.0], [0.0, 8.72335, 0.0], [0.0, 0.0, 28.2831]],
 "constraints": [{"name": "FixAtoms", "kwargs": {"indices": [0, 1, 2, 3, 4, 5, 6, 7, 8, 9, 10, 11, 12, 13, 14, 15, 16, 17, 18, 19, 20, 21, 22, 23, 24, 25, 26, 51, 52, 53, 54, 55, 56, 57, 58]}}],
 "ctime": 18.97612025462044,
 "energy": -426.34403714,
 "forces": [[-0.000326, -1.895847, 1.661889], [-0.000283, 1.892466, 1.661864], [0.000127, 0.001522, -0.08307], [-0.405221, 0.153449, -0.679126], [0.405565, 0.153669, -0.679516], [-0.419596, 0.00293, -1.217226], [0.419405, 0.003642, -1.21753], [-0.397654, -0.152124, -0.674372], [0.396408, -0.151577, -0.673976], [0.0004, -0.000252, 0.215396], [-0.000371, -0.072864, -0.039365], [0.000462, 0.054653, -0.039758], [-0.000878, 0.896079, -0.090734], [-0.000929, -0.899914, -0.099436], [-0.000443, -0.001464, 0.079486], [-0.015065, 0.009599, -0.092897], [0.016174, 0.008132, -0.093652], [-0.027697, -0.012677, -0.079619], [0.009738, -0.005396, -0.049986], [-0.009605, -0.008141, -0.05113], [0.024397, -0.011679, -0.080767], [-0.004389, 0.000413, 0.406483], [-0.028028, 0.237604, 0.023109], [0.008595, -0.23186, 0.032524], [-0.002114, 0.06425, -0.032695], [0.031776, -0.026284, 0.111173], [0.034661, -0.117593, -0.024499], [-0.002203, 0.001291, -0.003108], [-0.006795, -0.000233, -0.002356], [0.000435, -0.001549, 0.000279], [0.000367, -0.00095, 0.005445], [-0.00047, -0.005475, 0.000767], [-0.002185, 0.002246, -0.003441], [-0.010036, 0.001146, 0.003288], [-0.005872, 0.00013, -0.002148], [-0.006688, 0.000907, 0.003713], [0.002155, 0.001372, -0.006653], [-0.001737, 0.00399, 0.00537], [0.005841, 0.015359, -0.001313], [0.009025, 0.00903, 0.00416], [0.002695, 0.013639, -0.000523], [0.001647, 0.008822, -0.009454], [0.001004, 0.008676, 0.004159], [-0.005103, 0.001667, 0.006755], [0.001557, 0.006732, -0.014008], [-0.002584, 0.011448, 0.01106], [0.011932, 0.003072, 0.005351], [-0.013941, 0.002214, -0.007278], [-0.00311, 0.014109, 0.009864], [-0.0033, 0.005993, 0.003197], [0.001374, -0.002709, 0.001072], [-0.002613, 2.647647, -1.98145], [-0.000648, -0.366421, 2.890371], [-0.001016, 0.350014, 2.878764], [0.001172, -2.636483, -1.975048], [-0.001434, -1.046245, -0.24441], [0.000933, -0.031418, 0.262131], [-0.006513, 0.036895, 0.159789], [0.004825, 1.031221, -0.237951], [-0.002171, -0.002397, 0.004827], [-0.002023, -0.004065, 0.000791], [-0.003104, -0.001937, 0.005198], [-0.003459, -0.000326, 0.002151], [0.003393, 0.008263, 0.011487], [0.004293, -0.002404, -0.008422], [-0.002411, 0.015538, 0.008156], [-0.00402, 0.004277, 0.004741], [0.005679, 0.00618, 0.012102]],
 "magmom": 3.2485967,
 "magmoms": [0.537, 0.537, -0.032, -0.038, -0.037, -0.002, -0.002, -0.035, -0.035, -0.026, -0.055, -0.056, 0.001, -0.0, -0.004, 0.016, 0.016, 0.02, 0.008, 0.008, 0.019, -0.007, -0.007, -0.016, -0.002, -0.023, -0.008, 0.018, 0.016, 0.004, 0.005, 0.028, 0.029, 0.002, -0.015, 0.007, -0.02, -0.019, -0.048, -0.01, -0.017, -0.016, -0.018, -0.002, -0.004, -0.006, 0.212, 0.382, 0.397, 0.077, 0.541, 0.115, -0.053, -0.048, 0.116, 0.03, -0.039, -0.027, 0.015, 0.082, -0.04, 0.004, -0.023, 0.104, -0.166, 0.1, 0.176, 0.001],
 "mtime": 18.97612025462044,
 "numbers": [8, 8, 8, 8, 8, 8, 8, 8, 8, 8, 8, 8, 8, 8, 8, 8, 8, 8, 8, 8, 8, 8, 8, 8, 8, 8, 8, 8, 8, 8, 8, 8, 8, 8, 8, 8, 8, 8, 8, 8, 8, 8, 8, 8, 8, 8, 8, 8, 8, 8, 8, 77, 77, 77, 77, 77, 77, 77, 77, 77, 77, 77, 77, 77, 77, 77, 77, 1],
 "pbc": [true, true, true],
 "positions": [[3.32082, 2.83282, 7.50011], [3.32082, 5.89053, 7.50011], [3.32082, 0.0, 7.71252], [1.41062, 1.52885, 8.91059], [5.23102, 1.52885, 8.91059], [1.19782, 4.36167, 8.91059], [5.44382, 4.36167, 8.91059], [1.41062, 7.1945, 8.91059], [5.23102, 7.1945, 8.91059], [3.32082, 0.0, 10.10838], [3.32082, 2.83282, 10.32135], [3.32082, 5.89053, 10.32135], [0.0, 2.83282, 10.82055], [0.0, 5.89053, 10.82055], [0.0, 0.0, 11.0338], [1.9102, 1.52885, 12.23131], [4.73144, 1.52885, 12.23131], [1.9102, 7.1945, 12.23131], [2.123, 4.36167, 12.23131], [4.51864, 4.36167, 12.23131], [4.73144, 7.1945, 12.23131], [0.0, 0.0, 13.4291], [0.0, 2.83282, 13.64207], [0.0, 5.89053, 13.64207], [3.32082, 2.83282, 14.14127], [3.32082, 5.89053, 14.14127], [3.32082, 0.0, 14.35452], [1.40689, 1.51517, 15.54361], [5.22544, 1.5273, 15.5623], [1.19588, 4.35576, 15.56631], [5.45495, 4.36283, 15.57943], [5.24184, 7.20002, 15.55259], [1.4156, 7.2, 15.54544], [3.32345, 0.00035, 16.74297], [3.29427, 2.88803, 16.90085], [3.33085, 5.89209, 16.9584], [0.01236, 2.79946, 17.4872], [0.02344, 5.91567, 17.48218], [0.02549, 8.72364, 17.73771], [1.9204, 1.5309, 18.89866], [4.71736, 1.5088, 18.84248], [2.15567, 4.36094, 18.97732], [4.51467, 4.34918, 18.94197], [1.95101, 7.22103, 18.84645], [4.74279, 7.20677, 18.85527], [0.00179, 8.7194, 20.11865], [6.60227, 2.62842, 20.35315], [0.04238, 6.0708, 20.32608], [3.36984, 2.53602, 20.9186], [3.34287, 6.04374, 20.79249], [3.31606, 3.50976, 21.74616], [3.32082, 1.52955, 8.91059], [0.0, 2.83204, 8.91059], [0.0, 5.89123, 8.91059], [3.32082, 7.1938, 8.91059], [0.0, 1.52955, 12.23131], [3.32082, 2.83204, 12.23131], [3.32082, 5.89123, 12.23131], [0.0, 7.1938, 12.23131], [3.31614, 1.52833, 15.55109], [0.0006, 2.82606, 15.54998], [0.00805, 5.89345, 15.55388], [3.32824, 7.18799, 15.55014], [6.63886, 1.55933, 18.93132], [3.32597, 2.81818, 18.82828], [3.3415, 5.89239, 18.88462], [0.02553, 7.17503, 18.923], [3.2921, 5.13824, 21.20955]],
 "stress": [0.002471924723269561, 0.004219765731336279, 0.00307740728206237, -0.00032809116871117933, 2.6389100584234414e-05, -0.00010387119487294918],
 "unique_id": "cb23b6828fe05d2f395a6a41e2c3d7cc",
 "user": "raul_desktop"},
"ids": [1],
"nextid": 2}
