{"1": {
 "calculator": "unknown",
 "calculator_parameters": {"energy": -426.34463907},
 "cell": [[6.64164, 0.0, 0.0], [0.0, 8.72335, 0.0], [0.0, 0.0, 28.2831]],
 "constraints": [{"name": "FixAtoms", "kwargs": {"indices": [0, 1, 2, 3, 4, 5, 6, 7, 8, 9, 10, 11, 12, 13, 14, 15, 16, 17, 18, 19, 20, 21, 22, 23, 24, 25, 26, 51, 52, 53, 54, 55, 56, 57, 58]}}],
 "ctime": 18.97612025492372,
 "energy": -426.34463907,
 "forces": [[0.000539, -1.890124, 1.654656], [0.00057, 1.889754, 1.654708], [1.2e-05, 0.003831, -0.093308], [-0.412946, 0.154537, -0.684429], [0.41314, 0.154325, -0.684443], [-0.421613, 0.001978, -1.216566], [0.423493, 0.001958, -1.216772], [-0.405506, -0.153294, -0.680244], [0.40504, -0.152649, -0.680008], [0.000739, -0.000139, 0.219951], [0.000861, -0.071555, -0.043791], [0.001191, 0.061549, -0.046862], [-9.9e-05, 0.900649, -0.100411], [5e-06, -0.903352, -0.10418], [0.000243, 0.004029, 0.06942], [-0.017785, 0.010143, -0.095977], [0.019998, 0.007339, -0.098623], [-0.027797, -0.012712, -0.085397], [0.017036, -0.001629, -0.058439], [-0.014829, -0.003162, -0.055424], [0.028307, -0.010389, -0.08719], [-0.003913, 0.000356, 0.406765], [-0.02316, 0.257417, 0.077668], [-0.01835, -0.220531, 0.007086], [0.004178, 0.081192, -0.026511], [0.016366, 0.011513, 0.134317], [0.019073, 0.001392, 0.010434], [-0.001652, -0.003531, -0.000976], [0.000972, -0.004218, -0.007637], [-0.004739, -0.004008, -0.001652], [0.003582, -0.000184, -0.000753], [-0.007086, 0.007016, -0.004099], [0.000322, -0.000647, -0.003829], [0.000429, -0.000268, 0.001856], [0.003454, -0.002816, -0.010606], [0.00187, 0.001431, -0.005186], [-0.000626, 0.004629, 0.003429], [-0.000538, -0.007083, 0.003365], [-0.000514, -0.007281, 0.003914], [0.003183, -0.000939, 0.003517], [-0.001288, -0.001495, 0.004623], [8.7e-05, -0.003396, -0.004178], [-0.006066, -0.010088, 0.004072], [-0.000271, -0.00891, 0.007095], [0.003283, -0.011939, 0.00295], [-0.004051, -0.000899, -0.000476], [0.000714, 0.004343, -0.001173], [-0.003238, -0.013386, 0.005041], [-0.002924, 0.00724, 0.014702], [0.000898, -0.003553, 0.002651], [-0.003574, -0.008804, 0.005341], [0.001294, 2.642134, -1.978934], [0.000391, -0.371332, 2.88773], [0.000292, 0.3614, 2.877965], [0.002551, -2.631661, -1.969305], [0.000306, -1.040708, -0.225241], [-0.002216, -0.04007, 0.270165], [-0.005637, 0.027963, 0.173254], [0.002908, 1.029289, -0.243206], [-2.3e-05, -0.00135, 0.000183], [0.000214, -0.001333, 0.000431], [0.003539, -0.000558, 0.001443], [0.002774, -0.00108, 0.000987], [-0.000386, -0.002354, 0.000886], [0.003008, -0.003956, -0.005897], [0.001625, -0.006343, 0.000446], [0.000333, -0.006268, 0.008032], [0.002011, -0.007415, 0.002639]],
 "magmom": 1.2185424,
 "magmoms": [0.544, 0.543, -0.04, -0.042, -0.042, -0.005, -0.005, -0.042, -0.042, -0.025, -0.06, -0.06, -0.003, -0.005, -0.011, 0.017, 0.017, 0.015, 0.01, 0.01, 0.015, -0.011, -0.004, -0.0, -0.024, -0.027, -0.006, 0.006, 0.007, -0.001, -0.004, 0.009, 0.006, -0.002, -0.022, -0.008, -0.0, 0.008, 0.038, 0.02, 0.018, -0.008, -0.007, 0.026, 0.027, -0.011, -0.279, -0.319, 0.398, 0.01, 0.542, 0.109, -0.072, -0.074, 0.108, 0.014, -0.034, -0.022, -0.002, 0.004, 0.015, 0.056, -0.049, -0.129, -0.081, 0.084, -0.161, 0.001],
 "mtime": 18.97612025492372,
 "numbers": [8, 8, 8, 8, 8, 8, 8, 8, 8, 8, 8, 8, 8, 8, 8, 8, 8, 8, 8, 8, 8, 8, 8, 8, 8, 8, 8, 8, 8, 8, 8, 8, 8, 8, 8, 8, 8, 8, 8, 8, 8, 8, 8, 8, 8, 8, 8, 8, 8, 8, 8, 77, 77, 77, 77, 77, 77, 77, 77, 77, 77, 77, 77, 77, 77, 77, 77, 1],
 "pbc": [true, true, true],
 "positions": [[3.32082, 2.83282, 7.50011], [3.32082, 5.89053, 7.50011], [3.32082, 0.0, 7.71252], [1.41062, 1.52885, 8.91059], [5.23102, 1.52885, 8.91059], [1.19782, 4.36167, 8.91059], [5.44382, 4.36167, 8.91059], [1.41062, 7.1945, 8.91059], [5.23102, 7.1945, 8.91059], [3.32082, 0.0, 10.10838], [3.32082, 2.83282, 10.32135], [3.32082, 5.89053, 10.32135], [0.0, 2.83282, 10.82055], [0.0, 5.89053, 10.82055], [0.0, 0.0, 11.0338], [1.9102, 1.52885, 12.23131], [4.73144, 1.52885, 12.23131], [1.9102, 7.1945, 12.23131], [2.123, 4.36167, 12.23131], [4.51864, 4.36167, 12.23131], [4.73144, 7.1945, 12.23131], [0.0, 0.0, 13.4291], [0.0, 2.83282, 13.64207], [0.0, 5.89053, 13.64207], [3.32082, 2.83282, 14.14127], [3.32082, 5.89053, 14.14127], [3.32082, 0.0, 14.35452], [1.40822, 1.52443, 15.55257], [5.22719, 1.5319, 15.56679], [1.19356, 4.36723, 15.56406], [5.45167, 4.36831, 15.58183], [5.23446, 7.20305, 15.55071], [1.40886, 7.2068, 15.53745], [3.31678, 0.00503, 16.74577], [3.30202, 2.90083, 16.90493], [3.31883, 5.90459, 16.96412], [0.01571, 2.8189, 17.49471], [0.02383, 5.93753, 17.48027], [0.01881, 0.03674, 17.74559], [1.93216, 1.56317, 18.90915], [4.72642, 1.55673, 18.87391], [2.15592, 4.39353, 18.98214], [4.51335, 4.38963, 18.95656], [1.93609, 7.24493, 18.85518], [4.73468, 7.24434, 18.82804], [0.00436, 0.01607, 20.12496], [6.62964, 2.64627, 20.38251], [0.00174, 6.09709, 20.31544], [3.34669, 2.58263, 20.93584], [3.35145, 6.10768, 20.7989], [3.36252, 3.56167, 21.75594], [3.32082, 1.52955, 8.91059], [0.0, 2.83204, 8.91059], [0.0, 5.89123, 8.91059], [3.32082, 7.1938, 8.91059], [0.0, 1.52955, 12.23131], [3.32082, 2.83204, 12.23131], [3.32082, 5.89123, 12.23131], [0.0, 7.1938, 12.23131], [3.31768, 1.53285, 15.55573], [0.00049, 2.83293, 15.55295], [0.0027, 5.90062, 15.55324], [3.3213, 7.19171, 15.55004], [0.00732, 1.59115, 18.94875], [3.33035, 2.85717, 18.83171], [3.33569, 5.92918, 18.88955], [0.01464, 7.20505, 18.91733], [3.36069, 5.20816, 21.22678]],
 "stress": [0.0022735945292854946, 0.004340882215924044, 0.0035452021495381942, 0.00012916178985102818, -1.4505267208552693e-05, -1.6564965220094168e-05],
 "unique_id": "6cdadea1867042395b04844e2744b69f",
 "user": "raul_desktop"},
"ids": [1],
"nextid": 2}
