{"1": {
 "calculator": "unknown",
 "calculator_parameters": {"energy": -356.54495062},
 "cell": [[6.3788, 0.0, 0.0], [0.0, 6.42053, 0.0], [0.0, 0.0, 27.84090828]],
 "constraints": [{"name": "FixAtoms", "kwargs": {"indices": [0, 1, 2, 3, 4, 5, 6, 7, 8, 17, 18, 19, 20, 21, 22, 23, 24, 25, 35, 36, 37, 38, 43, 44, 45, 46]}}],
 "ctime": 18.976128170737518,
 "energy": -356.54495062,
 "forces": [[0.001149, 0.000376, 1.670311], [0.001765, -1.515002, -0.535373], [0.001108, 1.512335, -0.538268], [0.001787, -0.002819, -1.356455], [0.001872, 0.001084, 1.238148], [0.008292, 1.587499, -0.05067], [0.007328, -1.594623, -0.058825], [0.017727, 0.009605, -0.81399], [0.027495, 0.045883, 1.322489], [-0.000785, 0.00119, 0.005038], [0.000915, -0.010317, -0.000546], [-0.002912, 0.002532, 0.000336], [-0.003351, -0.003537, -0.000917], [0.002064, 0.001141, -0.003704], [0.001403, -0.003374, -0.000197], [-0.002264, 0.003885, -0.00464], [-0.009377, -0.002412, -0.014398], [0.002312, -0.006157, 1.669933], [0.000212, -1.508034, -0.537483], [0.001131, 1.520251, -0.536687], [0.002177, 0.001976, -1.39516], [0.002338, -0.008761, 1.281013], [-0.006138, 1.586892, -0.056415], [-0.005887, -1.597194, -0.051121], [-0.000103, -0.002878, -0.74023], [-0.004319, 0.051523, 1.374377], [-0.001283, -0.001717, -0.000339], [-0.000711, -0.000879, -0.001875], [-0.007624, -0.000433, -0.003171], [-2.3e-05, 0.000314, 0.000835], [-0.001236, -0.001102, -0.003517], [-0.00201, -0.001086, 0.0059], [-0.001515, -0.004635, -0.00827], [-0.007843, -0.016247, -0.003441], [-0.007249, 0.010021, -0.013754], [0.001578, -0.00631, 0.619951], [-0.008636, -0.003108, -1.212348], [0.001545, 0.003987, -0.107468], [0.003279, -0.002914, -0.215913], [-0.001332, -1e-06, -0.000786], [-0.000705, 0.000287, -0.001608], [-0.002521, -0.001324, 0.001097], [-0.000905, -3e-05, 0.011061], [0.001779, -0.001628, 0.622998], [0.008027, -0.021365, -1.213423], [-0.00624, 0.01218, -0.108303], [-0.002889, -0.007796, -0.243295], [-0.00056, 0.00071, -0.001682], [-0.000252, 0.001211, -0.002277], [-0.000945, -0.002846, 0.003707], [0.002079, -0.002477, 0.004594], [-0.011462, -0.012287, -0.003165], [0.001713, -0.011589, 0.007925]],
 "magmom": -0.726333,
 "magmoms": [-0.019, -0.002, -0.002, -0.005, 0.006, -0.001, -0.001, -0.018, -0.009, 0.001, 0.001, -0.049, -0.007, -0.002, -0.009, -0.046, -0.153, 0.002, -0.002, -0.002, -0.002, -0.013, -0.002, -0.002, 0.013, 0.023, 0.001, 0.002, -0.002, 0.005, -0.004, -0.009, -0.005, 0.011, 0.002, 0.001, -0.021, -0.014, -0.016, -0.022, 0.005, -0.014, -0.257, -0.019, -0.019, -0.017, 0.018, 0.025, 0.007, -0.03, 0.015, 0.0, 0.0],
 "mtime": 18.976128170737518,
 "numbers": [8, 8, 8, 8, 8, 8, 8, 8, 8, 8, 8, 8, 8, 8, 8, 8, 8, 8, 8, 8, 8, 8, 8, 8, 8, 8, 8, 8, 8, 8, 8, 8, 8, 8, 8, 77, 77, 77, 77, 77, 77, 77, 77, 77, 77, 77, 77, 77, 77, 77, 77, 1, 1],
 "pbc": [true, true, true],
 "positions": [[0.0, 3.21027, 7.5], [1.5947, 1.28411, 8.78425], [1.5947, 5.13642, 8.78425], [0.0, 3.21027, 10.0681], [0.0, 0.0, 10.71003], [1.5947, 1.92616, 11.99428], [1.5947, 4.49437, 11.99428], [0.0, 0.0, 13.27853], [0.0, 3.21027, 13.92045], [1.59599, 1.2462, 15.22107], [1.59747, 5.20599, 15.2255], [6.3778, 3.24778, 16.41659], [0.00042, 0.03855, 17.20377], [1.59904, 2.0385, 18.41092], [1.61035, 4.49173, 18.40365], [0.0092, 0.07704, 19.62], [6.32409, 3.20737, 20.35177], [3.1894, 3.21027, 7.5], [4.7841, 1.28411, 8.78425], [4.7841, 5.13642, 8.78425], [3.1894, 3.21027, 10.0681], [3.1894, 0.0, 10.71003], [4.7841, 1.92616, 11.99428], [4.7841, 4.49437, 11.99428], [3.1894, 0.0, 13.27853], [3.1894, 3.21027, 13.92045], [4.78597, 1.2495, 15.22138], [4.78349, 5.21071, 15.22345], [3.18966, 3.2394, 16.40797], [3.19457, 0.04979, 17.22029], [4.78312, 2.0453, 18.39207], [4.79741, 4.50956, 18.43776], [3.18859, 0.12004, 19.65716], [3.22077, 3.32998, 20.38874], [2.60048, 2.2509, 21.0672], [0.0, 0.0, 8.78425], [1.5947, 3.21027, 8.78425], [1.5947, 0.0, 11.99428], [0.0, 3.21027, 11.99428], [0.00111, 0.01674, 15.24059], [1.59485, 3.22332, 15.17631], [1.58998, 0.05797, 18.44337], [0.01223, 3.27031, 18.43248], [3.1894, 0.0, 8.78425], [4.7841, 3.21027, 8.78425], [4.7841, 0.0, 11.99428], [3.1894, 3.21027, 11.99428], [3.19121, 0.01924, 15.24889], [4.78465, 3.23325, 15.17439], [4.79554, 0.06542, 18.45101], [3.20512, 3.26374, 18.45388], [2.91045, 1.38988, 20.58089], [0.80801, 2.89879, 20.73246]],
 "stress": [0.019656234893925126, 0.0012474654629537833, 0.0002639159718788477, 0.0005446340863245731, 4.661159015209617e-05, -0.0005490468332765726],
 "unique_id": "b8cee54a968b66bb23ed0f2302004b93",
 "user": "raul_desktop"},
"ids": [1],
"nextid": 2}
