{"1": {
 "calculator": "unknown",
 "calculator_parameters": {"energy": -356.13322601},
 "cell": [[6.3788, 0.0, 0.0], [0.0, 6.42053, 0.0], [0.0, 0.0, 27.84090828]],
 "constraints": [{"name": "FixAtoms", "kwargs": {"indices": [0, 1, 2, 3, 4, 5, 6, 7, 8, 17, 18, 19, 20, 21, 22, 23, 24, 25, 35, 36, 37, 38, 43, 44, 45, 46]}}],
 "ctime": 18.976128171358496,
 "energy": -356.13322601,
 "forces": [[0.001222, 0.000331, 1.661687], [0.000116, -1.526403, -0.536802], [0.004001, 1.513196, -0.539225], [0.005915, -0.003002, -1.375764], [0.001737, -0.000463, 1.256485], [-0.011511, 1.586456, -0.058072], [-0.007523, -1.596089, -0.061741], [0.008557, 0.004075, -0.737678], [0.041903, 0.046538, 1.317497], [-0.00459, 0.006089, -0.000214], [0.001223, 0.000938, -0.001858], [-0.000936, -0.000283, 0.00025], [-0.002675, 7.3e-05, 0.001359], [-0.00146, 0.002131, 0.000476], [0.003375, 0.000907, 0.003341], [0.002164, -0.00041, 0.00391], [-0.003575, 0.015734, -0.010248], [-0.002614, -0.002818, 1.666751], [-0.004197, -1.516889, -0.53644], [-0.001776, 1.522844, -0.538953], [-0.009043, -0.005478, -1.355626], [0.00466, -0.002116, 1.234133], [0.009318, 1.588148, -0.060565], [0.007215, -1.594028, -0.052359], [0.015522, -0.001061, -0.755274], [0.065566, 0.036744, 1.386211], [0.010421, 0.008117, -0.000946], [0.000985, -0.001083, 7.8e-05], [-0.003877, -0.000387, 0.000124], [-0.001002, -0.001716, 0.003234], [-0.00044, -0.000718, 0.001765], [-0.003685, -4.8e-05, -0.007984], [0.012297, -0.005985, 0.006254], [-0.008768, -0.02512, 0.004779], [-0.001447, -0.001936, 0.007604], [-0.006402, -0.004975, 0.619658], [-0.003653, 0.002428, -1.21227], [-0.001152, 0.000928, -0.098507], [-0.010426, -0.002626, -0.246985], [-0.000469, 0.000522, -0.001176], [-4.9e-05, 8.4e-05, -0.000558], [-0.000389, 0.001781, 0.00666], [-0.000964, 0.000824, 0.00243], [0.000357, -0.003747, 0.619781], [0.000505, -0.009782, -1.216313], [-0.017501, 0.006238, -0.111985], [0.007779, 0.00453, -0.249215], [-0.001286, 0.000274, 0.001459], [-0.000915, 0.000136, -0.001532], [-0.000441, -0.000931, 0.007769], [-1.6e-05, 0.002495, 0.005163], [-0.043892, -0.016383, -0.054761], [-0.048162, -0.028084, 0.004194]],
 "magmom": 0.2492723,
 "magmoms": [-0.007, 0.0, 0.0, -0.002, 0.006, -0.002, -0.002, -0.014, -0.016, -0.002, -0.001, -0.009, 0.003, 0.005, 0.002, 0.011, -0.006, 0.014, 0.0, 0.0, 0.003, -0.013, -0.001, -0.001, 0.005, 0.007, -0.002, -0.002, 0.037, 0.002, 0.0, 0.0, 0.001, 0.099, 0.011, 0.009, 0.004, -0.016, -0.017, -0.008, -0.007, -0.001, -0.033, -0.012, 0.003, -0.015, 0.015, 0.004, -0.008, 0.008, 0.168, 0.004, -0.0],
 "mtime": 18.976128171358496,
 "numbers": [8, 8, 8, 8, 8, 8, 8, 8, 8, 8, 8, 8, 8, 8, 8, 8, 8, 8, 8, 8, 8, 8, 8, 8, 8, 8, 8, 8, 8, 8, 8, 8, 8, 8, 8, 77, 77, 77, 77, 77, 77, 77, 77, 77, 77, 77, 77, 77, 77, 77, 77, 1, 1],
 "pbc": [true, true, true],
 "positions": [[0.0, 3.21027, 7.5], [1.5947, 1.28411, 8.78425], [1.5947, 5.13642, 8.78425], [0.0, 3.21027, 10.0681], [0.0, 0.0, 10.71003], [1.5947, 1.92616, 11.99428], [1.5947, 4.49437, 11.99428], [0.0, 0.0, 13.27853], [0.0, 3.21027, 13.92045], [1.60052, 1.24482, 15.22068], [1.60162, 5.20669, 15.22355], [0.01272, 3.24758, 16.40495], [0.02623, 0.0382, 17.21334], [1.61956, 2.03154, 18.44897], [1.6117, 4.48166, 18.44397], [0.01957, 0.08236, 19.63376], [6.29453, 3.25148, 20.37118], [3.1894, 3.21027, 7.5], [4.7841, 1.28411, 8.78425], [4.7841, 5.13642, 8.78425], [3.1894, 3.21027, 10.0681], [3.1894, 0.0, 10.71003], [4.7841, 1.92616, 11.99428], [4.7841, 4.49437, 11.99428], [3.1894, 0.0, 13.27853], [3.1894, 3.21027, 13.92045], [4.78927, 1.248, 15.22188], [4.7903, 5.20943, 15.2236], [3.1896, 3.23916, 16.41476], [3.20765, 0.03728, 17.21034], [4.81886, 2.02759, 18.35373], [4.8193, 4.49809, 18.39313], [3.21907, 0.049, 19.62739], [3.48546, 3.28724, 20.36105], [2.38426, 3.03836, 21.23316], [0.0, 0.0, 8.78425], [1.5947, 3.21027, 8.78425], [1.5947, 0.0, 11.99428], [0.0, 3.21027, 11.99428], [0.0075, 0.01708, 15.24542], [1.59845, 3.22227, 15.17235], [1.61854, 0.05145, 18.45856], [0.02233, 3.2571, 18.43828], [3.1894, 0.0, 8.78425], [4.7841, 3.21027, 8.78425], [4.7841, 0.0, 11.99428], [3.1894, 3.21027, 11.99428], [3.19683, 0.01751, 15.24441], [4.78741, 3.23012, 15.1767], [4.8098, 0.04768, 18.44701], [3.21856, 3.26254, 18.44376], [1.91339, 3.9067, 21.25749], [0.34757, 2.43201, 20.69817]],
 "stress": [0.01946483277507079, 0.0010493662048073748, 7.782537729063836e-05, 0.0004995017338353113, 0.000806771228102544, 0.00014567058148898934],
 "unique_id": "b83e178f9701e014054fc890b306fe81",
 "user": "raul_desktop"},
"ids": [1],
"nextid": 2}
